"applicant_id","cohort","selected","male","age_at_application","age_at_survey","age_change","age_unverifiable","age_decreased","age_unchanged","age_outside_2_to_4","age_at_survey_clean"
100000,"A_2022",0,1,12,12,0,FALSE,FALSE,TRUE,TRUE,12
100005,"A_2022",1,1,11,12,1,FALSE,FALSE,FALSE,TRUE,12
100006,"A_2022",1,0,10,11,1,FALSE,FALSE,FALSE,TRUE,11
100011,"A_2022",1,1,12,13,1,FALSE,FALSE,FALSE,TRUE,13
100017,"A_2022",1,0,13,14,1,FALSE,FALSE,FALSE,TRUE,14
100020,"A_2022",1,0,12,13,1,FALSE,FALSE,FALSE,TRUE,13
100021,"A_2020",0,0,,14,,TRUE,FALSE,FALSE,FALSE,14
100022,"A_2022",0,1,13,13,0,FALSE,FALSE,TRUE,TRUE,13
100025,"A_2022",0,1,11,12,1,FALSE,FALSE,FALSE,TRUE,12
100029,"A_2022",0,1,12,13,1,FALSE,FALSE,FALSE,TRUE,13
100032,"B_2018",0,0,12,17,5,FALSE,FALSE,FALSE,TRUE,17
100033,"A_2022",1,1,13,14,1,FALSE,FALSE,FALSE,TRUE,14
100035,"A_2020",0,0,,15,,TRUE,FALSE,FALSE,FALSE,15
100037,"A_2022",1,0,12,12,0,FALSE,FALSE,TRUE,TRUE,12
100038,"A_2022",1,0,12,13,1,FALSE,FALSE,FALSE,TRUE,13
100043,"B_2018",1,1,13,18,5,FALSE,FALSE,FALSE,TRUE,18
100044,"A_2022",0,1,15,13,-2,FALSE,TRUE,FALSE,TRUE,
100045,"B_2018",1,1,10,15,5,FALSE,FALSE,FALSE,TRUE,15
100047,"B_2018",1,0,11,17,6,FALSE,FALSE,FALSE,TRUE,17
100053,"B_2018",0,0,14,19,5,FALSE,FALSE,FALSE,TRUE,19
100054,"A_2020",1,1,,18,,TRUE,FALSE,FALSE,FALSE,18
100061,"A_2022",1,1,12,13,1,FALSE,FALSE,FALSE,TRUE,13
100070,"A_2022",1,0,12,12,0,FALSE,FALSE,TRUE,TRUE,12
100071,"A_2022",0,0,12,12,0,FALSE,FALSE,TRUE,TRUE,12
100072,"A_2020",0,1,,15,,TRUE,FALSE,FALSE,FALSE,15
100081,"A_2022",1,0,12,12,0,FALSE,FALSE,TRUE,TRUE,12
100084,"A_2020",1,0,,16,,TRUE,FALSE,FALSE,FALSE,16
100087,"A_2022",1,0,13,13,0,FALSE,FALSE,TRUE,TRUE,13
100090,"A_2022",0,0,10,11,1,FALSE,FALSE,FALSE,TRUE,11
100102,"B_2018",0,0,15,20,5,FALSE,FALSE,FALSE,TRUE,20
100107,"A_2022",1,0,13,13,0,FALSE,FALSE,TRUE,TRUE,13
100111,"A_2020",0,0,12,17,5,FALSE,FALSE,FALSE,TRUE,17
100114,"B_2018",0,0,12,17,5,FALSE,FALSE,FALSE,TRUE,17
100118,"B_2018",1,0,11,16,5,FALSE,FALSE,FALSE,TRUE,16
100123,"A_2020",1,1,,15,,TRUE,FALSE,FALSE,FALSE,15
100124,"A_2020",1,1,18,19,1,FALSE,FALSE,FALSE,TRUE,19
100128,"A_2022",1,1,14,15,1,FALSE,FALSE,FALSE,TRUE,15
100132,"A_2022",1,0,12,12,0,FALSE,FALSE,TRUE,TRUE,12
100133,"A_2022",1,1,13,12,-1,FALSE,TRUE,FALSE,TRUE,
100135,"B_2018",1,1,14,19,5,FALSE,FALSE,FALSE,TRUE,19
100143,"A_2022",1,1,12,13,1,FALSE,FALSE,FALSE,TRUE,13
100146,"A_2022",0,1,12,13,1,FALSE,FALSE,FALSE,TRUE,13
100152,"A_2022",1,1,13,14,1,FALSE,FALSE,FALSE,TRUE,14
100154,"A_2022",1,0,14,15,1,FALSE,FALSE,FALSE,TRUE,15
100155,"A_2022",1,1,16,16,0,FALSE,FALSE,TRUE,TRUE,16
100159,"A_2022",1,0,13,13,0,FALSE,FALSE,TRUE,TRUE,13
100161,"A_2022",0,0,14,15,1,FALSE,FALSE,FALSE,TRUE,15
100168,"A_2022",0,0,11,12,1,FALSE,FALSE,FALSE,TRUE,12
100173,"A_2020",0,1,,15,,TRUE,FALSE,FALSE,FALSE,15
100174,"A_2022",1,1,12,13,1,FALSE,FALSE,FALSE,TRUE,13
100177,"B_2018",0,0,13,18,5,FALSE,FALSE,FALSE,TRUE,18
100182,"A_2022",1,1,16,16,0,FALSE,FALSE,TRUE,TRUE,16
100185,"A_2022",0,0,16,17,1,FALSE,FALSE,FALSE,TRUE,17
100188,"A_2022",0,0,13,14,1,FALSE,FALSE,FALSE,TRUE,14
100190,"B_2018",0,0,13,18,5,FALSE,FALSE,FALSE,TRUE,18
100194,"A_2020",1,1,14,15,1,FALSE,FALSE,FALSE,TRUE,15
100205,"A_2020",0,0,,14,,TRUE,FALSE,FALSE,FALSE,14
100208,"A_2020",0,0,,14,,TRUE,FALSE,FALSE,FALSE,14
100209,"A_2022",1,1,11,12,1,FALSE,FALSE,FALSE,TRUE,12
100219,"A_2022",1,1,12,12,0,FALSE,FALSE,TRUE,TRUE,12
100227,"A_2020",0,1,12,13,1,FALSE,FALSE,FALSE,TRUE,13
100231,"A_2020",1,0,,15,,TRUE,FALSE,FALSE,FALSE,15
100232,"B_2018",1,1,11,16,5,FALSE,FALSE,FALSE,TRUE,16
100236,"A_2022",0,0,13,13,0,FALSE,FALSE,TRUE,TRUE,13
100245,"A_2022",1,1,12,12,0,FALSE,FALSE,TRUE,TRUE,12
100246,"B_2018",0,0,12,17,5,FALSE,FALSE,FALSE,TRUE,17
100250,"A_2022",0,0,12,12,0,FALSE,FALSE,TRUE,TRUE,12
100258,"A_2020",0,0,,17,,TRUE,FALSE,FALSE,FALSE,17
100259,"A_2020",0,0,14,14,0,FALSE,FALSE,TRUE,TRUE,14
100267,"A_2020",1,1,,17,,TRUE,FALSE,FALSE,FALSE,17
100276,"A_2022",0,0,12,12,0,FALSE,FALSE,TRUE,TRUE,12
100277,"A_2022",0,0,16,16,0,FALSE,FALSE,TRUE,TRUE,16
100278,"A_2022",1,1,12,12,0,FALSE,FALSE,TRUE,TRUE,12
100285,"A_2022",1,0,12,12,0,FALSE,FALSE,TRUE,TRUE,12
100286,"A_2022",1,0,12,13,1,FALSE,FALSE,FALSE,TRUE,13
100287,"B_2018",1,1,11,16,5,FALSE,FALSE,FALSE,TRUE,16
100290,"A_2022",1,0,11,12,1,FALSE,FALSE,FALSE,TRUE,12
100293,"B_2018",1,0,11,16,5,FALSE,FALSE,FALSE,TRUE,16
100304,"A_2022",1,1,12,13,1,FALSE,FALSE,FALSE,TRUE,13
100305,"A_2022",1,0,12,12,0,FALSE,FALSE,TRUE,TRUE,12
100307,"A_2022",1,1,14,15,1,FALSE,FALSE,FALSE,TRUE,15
100312,"A_2022",1,0,13,14,1,FALSE,FALSE,FALSE,TRUE,14
100315,"B_2018",1,0,10,15,5,FALSE,FALSE,FALSE,TRUE,15
100322,"A_2022",0,1,13,14,1,FALSE,FALSE,FALSE,TRUE,14
100328,"A_2022",0,1,13,14,1,FALSE,FALSE,FALSE,TRUE,14
100329,"A_2020",0,1,,18,,TRUE,FALSE,FALSE,FALSE,18
100333,"A_2022",1,0,12,13,1,FALSE,FALSE,FALSE,TRUE,13
100335,"A_2020",0,1,,14,,TRUE,FALSE,FALSE,FALSE,14
100340,"A_2022",0,0,,15,,TRUE,FALSE,FALSE,FALSE,15
100342,"A_2022",0,1,11,12,1,FALSE,FALSE,FALSE,TRUE,12
100344,"A_2022",1,1,12,13,1,FALSE,FALSE,FALSE,TRUE,13
100347,"A_2022",1,0,11,12,1,FALSE,FALSE,FALSE,TRUE,12
100349,"B_2018",0,1,13,18,5,FALSE,FALSE,FALSE,TRUE,18
100356,"A_2022",0,0,11,12,1,FALSE,FALSE,FALSE,TRUE,12
100360,"A_2022",0,1,12,13,1,FALSE,FALSE,FALSE,TRUE,13
100368,"A_2020",0,1,15,10,-5,FALSE,TRUE,FALSE,TRUE,
100380,"A_2022",1,0,13,14,1,FALSE,FALSE,FALSE,TRUE,14
100393,"A_2022",0,1,13,14,1,FALSE,FALSE,FALSE,TRUE,14
100396,"A_2022",1,1,12,12,0,FALSE,FALSE,TRUE,TRUE,12
100399,"A_2022",0,0,16,17,1,FALSE,FALSE,FALSE,TRUE,17
100401,"B_2018",1,0,12,17,5,FALSE,FALSE,FALSE,TRUE,17
100407,"A_2022",1,1,12,13,1,FALSE,FALSE,FALSE,TRUE,13
100411,"B_2018",0,1,13,18,5,FALSE,FALSE,FALSE,TRUE,18
100416,"A_2020",1,1,,13,,TRUE,FALSE,FALSE,FALSE,13
100417,"B_2018",0,0,11,16,5,FALSE,FALSE,FALSE,TRUE,16
100419,"A_2020",0,0,14,15,1,FALSE,FALSE,FALSE,TRUE,15
100426,"A_2022",0,0,14,15,1,FALSE,FALSE,FALSE,TRUE,15
100427,"A_2022",0,1,11,12,1,FALSE,FALSE,FALSE,TRUE,12
100428,"B_2018",1,0,13,18,5,FALSE,FALSE,FALSE,TRUE,18
100433,"A_2022",0,0,11,12,1,FALSE,FALSE,FALSE,TRUE,12
100440,"A_2022",1,1,15,15,0,FALSE,FALSE,TRUE,TRUE,15
100445,"B_2018",0,1,12,17,5,FALSE,FALSE,FALSE,TRUE,17
100453,"A_2022",1,1,11,12,1,FALSE,FALSE,FALSE,TRUE,12
100454,"A_2022",0,1,13,14,1,FALSE,FALSE,FALSE,TRUE,14
100456,"A_2022",1,0,12,12,0,FALSE,FALSE,TRUE,TRUE,12
100462,"A_2020",1,1,,15,,TRUE,FALSE,FALSE,FALSE,15
100465,"A_2022",1,0,12,13,1,FALSE,FALSE,FALSE,TRUE,13
100471,"A_2022",0,1,14,15,1,FALSE,FALSE,FALSE,TRUE,15
100473,"A_2022",1,0,14,14,0,FALSE,FALSE,TRUE,TRUE,14
100474,"A_2022",1,1,11,12,1,FALSE,FALSE,FALSE,TRUE,12
100476,"A_2022",0,1,12,13,1,FALSE,FALSE,FALSE,TRUE,13
100482,"A_2022",1,0,15,16,1,FALSE,FALSE,FALSE,TRUE,16
100484,"A_2022",0,1,12,13,1,FALSE,FALSE,FALSE,TRUE,13
100490,"A_2020",1,0,14,15,1,FALSE,FALSE,FALSE,TRUE,15
100491,"A_2022",1,0,12,13,1,FALSE,FALSE,FALSE,TRUE,13
100494,"B_2018",0,0,12,18,6,FALSE,FALSE,FALSE,TRUE,18
100495,"B_2018",0,1,13,18,5,FALSE,FALSE,FALSE,TRUE,18
100496,"B_2018",1,1,13,,,TRUE,FALSE,FALSE,FALSE,
100510,"A_2020",0,1,16,17,1,FALSE,FALSE,FALSE,TRUE,17
100513,"A_2020",0,1,13,,,TRUE,FALSE,FALSE,FALSE,
100521,"A_2022",1,1,12,12,0,FALSE,FALSE,TRUE,TRUE,12
100522,"A_2022",0,1,13,14,1,FALSE,FALSE,FALSE,TRUE,14
100524,"A_2022",1,1,13,13,0,FALSE,FALSE,TRUE,TRUE,13
100532,"B_2018",1,1,11,16,5,FALSE,FALSE,FALSE,TRUE,16
100534,"A_2022",0,1,11,12,1,FALSE,FALSE,FALSE,TRUE,12
100538,"A_2022",0,0,12,13,1,FALSE,FALSE,FALSE,TRUE,13
100540,"A_2022",0,1,12,13,1,FALSE,FALSE,FALSE,TRUE,13
100542,"A_2022",0,0,11,12,1,FALSE,FALSE,FALSE,TRUE,12
100549,"A_2022",0,1,11,12,1,FALSE,FALSE,FALSE,TRUE,12
100555,"A_2022",1,1,11,12,1,FALSE,FALSE,FALSE,TRUE,12
100557,"A_2022",1,0,15,16,1,FALSE,FALSE,FALSE,TRUE,16
100561,"A_2022",1,1,11,11,0,FALSE,FALSE,TRUE,TRUE,11
100562,"A_2022",1,1,12,13,1,FALSE,FALSE,FALSE,TRUE,13
100563,"A_2022",0,0,11,,,TRUE,FALSE,FALSE,FALSE,
100565,"A_2022",0,1,15,16,1,FALSE,FALSE,FALSE,TRUE,16
100567,"B_2018",1,0,13,18,5,FALSE,FALSE,FALSE,TRUE,18
100568,"A_2022",0,1,,15,,TRUE,FALSE,FALSE,FALSE,15
100569,"A_2022",1,0,12,13,1,FALSE,FALSE,FALSE,TRUE,13
100574,"A_2022",1,0,13,14,1,FALSE,FALSE,FALSE,TRUE,14
100576,"A_2022",0,0,12,13,1,FALSE,FALSE,FALSE,TRUE,13
100582,"A_2022",0,0,11,12,1,FALSE,FALSE,FALSE,TRUE,12
100584,"A_2022",1,1,13,14,1,FALSE,FALSE,FALSE,TRUE,14
100588,"B_2018",1,1,12,17,5,FALSE,FALSE,FALSE,TRUE,17
100600,"A_2020",1,0,,14,,TRUE,FALSE,FALSE,FALSE,14
100601,"A_2022",1,1,11,12,1,FALSE,FALSE,FALSE,TRUE,12
100603,"A_2022",1,0,11,12,1,FALSE,FALSE,FALSE,TRUE,12
100611,"A_2022",1,0,12,13,1,FALSE,FALSE,FALSE,TRUE,13
100613,"A_2022",1,0,12,13,1,FALSE,FALSE,FALSE,TRUE,13
100614,"A_2022",0,1,14,15,1,FALSE,FALSE,FALSE,TRUE,15
100626,"A_2022",1,1,14,14,0,FALSE,FALSE,TRUE,TRUE,14
100628,"A_2022",1,1,14,11,-3,FALSE,TRUE,FALSE,TRUE,
100630,"A_2020",0,1,,17,,TRUE,FALSE,FALSE,FALSE,17
100639,"B_2018",1,1,,19,,TRUE,FALSE,FALSE,FALSE,19
100641,"A_2020",1,1,,13,,TRUE,FALSE,FALSE,FALSE,13
100644,"A_2020",0,0,,16,,TRUE,FALSE,FALSE,FALSE,16
100651,"A_2022",0,1,12,12,0,FALSE,FALSE,TRUE,TRUE,12
100654,"A_2022",1,1,11,11,0,FALSE,FALSE,TRUE,TRUE,11
100655,"B_2018",1,1,13,18,5,FALSE,FALSE,FALSE,TRUE,18
100657,"A_2022",1,0,12,13,1,FALSE,FALSE,FALSE,TRUE,13
100664,"A_2022",1,0,13,14,1,FALSE,FALSE,FALSE,TRUE,14
100669,"B_2018",1,0,11,16,5,FALSE,FALSE,FALSE,TRUE,16
100673,"A_2022",1,1,10,11,1,FALSE,FALSE,FALSE,TRUE,11
100675,"B_2018",0,0,11,16,5,FALSE,FALSE,FALSE,TRUE,16
100677,"A_2022",1,1,13,14,1,FALSE,FALSE,FALSE,TRUE,14
100682,"A_2022",1,0,14,15,1,FALSE,FALSE,FALSE,TRUE,15
100687,"A_2022",1,0,11,12,1,FALSE,FALSE,FALSE,TRUE,12
100689,"A_2022",1,0,12,12,0,FALSE,FALSE,TRUE,TRUE,12
100698,"A_2020",0,0,,16,,TRUE,FALSE,FALSE,FALSE,16
100702,"A_2022",1,1,12,13,1,FALSE,FALSE,FALSE,TRUE,13
100707,"A_2020",1,0,,14,,TRUE,FALSE,FALSE,FALSE,14
100709,"B_2018",0,1,14,19,5,FALSE,FALSE,FALSE,TRUE,19
100711,"A_2020",1,0,14,15,1,FALSE,FALSE,FALSE,TRUE,15
100713,"A_2022",0,1,,12,,TRUE,FALSE,FALSE,FALSE,12
100730,"A_2020",0,1,,14,,TRUE,FALSE,FALSE,FALSE,14
100734,"A_2022",1,0,15,16,1,FALSE,FALSE,FALSE,TRUE,16
100735,"A_2020",0,0,,17,,TRUE,FALSE,FALSE,FALSE,17
100738,"A_2022",0,0,11,12,1,FALSE,FALSE,FALSE,TRUE,12
100739,"A_2020",0,1,,14,,TRUE,FALSE,FALSE,FALSE,14
100760,"A_2020",0,0,,17,,TRUE,FALSE,FALSE,FALSE,17
100761,"B_2018",1,1,12,17,5,FALSE,FALSE,FALSE,TRUE,17
100762,"A_2020",1,0,,14,,TRUE,FALSE,FALSE,FALSE,14
100765,"A_2022",0,1,11,11,0,FALSE,FALSE,TRUE,TRUE,11
100773,"B_2018",0,1,12,17,5,FALSE,FALSE,FALSE,TRUE,17
100776,"A_2022",1,1,11,12,1,FALSE,FALSE,FALSE,TRUE,12
100779,"A_2022",0,0,13,13,0,FALSE,FALSE,TRUE,TRUE,13
100783,"A_2022",1,1,11,12,1,FALSE,FALSE,FALSE,TRUE,12
100784,"A_2022",1,0,12,12,0,FALSE,FALSE,TRUE,TRUE,12
100789,"B_2018",0,1,14,19,5,FALSE,FALSE,FALSE,TRUE,19
100796,"A_2022",0,1,13,13,0,FALSE,FALSE,TRUE,TRUE,13
100799,"B_2018",1,0,12,17,5,FALSE,FALSE,FALSE,TRUE,17
100802,"A_2022",1,0,12,12,0,FALSE,FALSE,TRUE,TRUE,12
100813,"A_2022",1,0,11,12,1,FALSE,FALSE,FALSE,TRUE,12
100816,"A_2022",1,1,12,12,0,FALSE,FALSE,TRUE,TRUE,12
100821,"A_2022",0,1,12,12,0,FALSE,FALSE,TRUE,TRUE,12
100823,"B_2018",1,0,11,18,7,FALSE,FALSE,FALSE,TRUE,18
100827,"B_2018",1,0,12,17,5,FALSE,FALSE,FALSE,TRUE,17
100829,"A_2022",0,0,11,12,1,FALSE,FALSE,FALSE,TRUE,12
100830,"A_2022",1,0,11,11,0,FALSE,FALSE,TRUE,TRUE,11
100833,"A_2022",1,1,12,12,0,FALSE,FALSE,TRUE,TRUE,12
100836,"A_2022",1,1,15,16,1,FALSE,FALSE,FALSE,TRUE,16
100837,"A_2022",0,1,13,14,1,FALSE,FALSE,FALSE,TRUE,14
100838,"A_2022",0,1,15,15,0,FALSE,FALSE,TRUE,TRUE,15
100840,"A_2020",1,0,,15,,TRUE,FALSE,FALSE,FALSE,15
100841,"B_2018",0,1,11,16,5,FALSE,FALSE,FALSE,TRUE,16
100846,"A_2022",1,0,13,14,1,FALSE,FALSE,FALSE,TRUE,14
100849,"A_2022",0,0,12,10,-2,FALSE,TRUE,FALSE,TRUE,
100850,"B_2018",1,0,11,16,5,FALSE,FALSE,FALSE,TRUE,16
100863,"A_2022",0,1,13,13,0,FALSE,FALSE,TRUE,TRUE,13
100867,"A_2022",0,0,13,13,0,FALSE,FALSE,TRUE,TRUE,13
100870,"A_2022",1,0,12,12,0,FALSE,FALSE,TRUE,TRUE,12
100872,"B_2018",0,0,12,17,5,FALSE,FALSE,FALSE,TRUE,17
100875,"A_2020",1,0,,18,,TRUE,FALSE,FALSE,FALSE,18
100891,"A_2022",0,1,12,13,1,FALSE,FALSE,FALSE,TRUE,13
100892,"A_2022",1,0,11,11,0,FALSE,FALSE,TRUE,TRUE,11
100900,"A_2022",0,0,14,14,0,FALSE,FALSE,TRUE,TRUE,14
100904,"B_2018",1,0,11,16,5,FALSE,FALSE,FALSE,TRUE,16
100908,"A_2022",0,1,13,14,1,FALSE,FALSE,FALSE,TRUE,14
100909,"A_2022",0,0,11,12,1,FALSE,FALSE,FALSE,TRUE,12
100910,"A_2022",1,1,17,13,-4,FALSE,TRUE,FALSE,TRUE,
100911,"A_2022",0,1,14,15,1,FALSE,FALSE,FALSE,TRUE,15
100912,"A_2022",1,1,11,12,1,FALSE,FALSE,FALSE,TRUE,12
100914,"B_2018",1,0,11,16,5,FALSE,FALSE,FALSE,TRUE,16
100915,"A_2022",1,1,13,14,1,FALSE,FALSE,FALSE,TRUE,14
100919,"A_2020",0,0,,14,,TRUE,FALSE,FALSE,FALSE,14
100923,"A_2022",1,0,11,12,1,FALSE,FALSE,FALSE,TRUE,12
100927,"A_2022",1,1,11,12,1,FALSE,FALSE,FALSE,TRUE,12
100934,"B_2018",1,0,11,16,5,FALSE,FALSE,FALSE,TRUE,16
100941,"A_2022",1,0,11,12,1,FALSE,FALSE,FALSE,TRUE,12
100943,"B_2018",1,1,12,17,5,FALSE,FALSE,FALSE,TRUE,17
100944,"B_2018",1,0,15,20,5,FALSE,FALSE,FALSE,TRUE,20
100945,"A_2022",0,1,16,16,0,FALSE,FALSE,TRUE,TRUE,16
100948,"A_2020",0,1,,14,,TRUE,FALSE,FALSE,FALSE,14
100951,"A_2022",0,0,11,11,0,FALSE,FALSE,TRUE,TRUE,11
100954,"A_2022",1,0,11,11,0,FALSE,FALSE,TRUE,TRUE,11
100956,"A_2022",1,0,11,12,1,FALSE,FALSE,FALSE,TRUE,12
100962,"A_2022",1,0,10,11,1,FALSE,FALSE,FALSE,TRUE,11
100975,"A_2020",1,1,,16,,TRUE,FALSE,FALSE,FALSE,16
100980,"A_2022",0,1,15,15,0,FALSE,FALSE,TRUE,TRUE,15
100982,"B_2018",0,1,,18,,TRUE,FALSE,FALSE,FALSE,18
100983,"B_2018",0,0,11,16,5,FALSE,FALSE,FALSE,TRUE,16
100986,"A_2022",1,1,14,15,1,FALSE,FALSE,FALSE,TRUE,15
100989,"A_2020",0,1,,15,,TRUE,FALSE,FALSE,FALSE,15
100992,"A_2022",0,0,14,14,0,FALSE,FALSE,TRUE,TRUE,14
100995,"A_2022",1,1,14,14,0,FALSE,FALSE,TRUE,TRUE,14
100996,"A_2022",0,1,15,15,0,FALSE,FALSE,TRUE,TRUE,15
101002,"A_2022",0,1,13,14,1,FALSE,FALSE,FALSE,TRUE,14
101003,"A_2022",0,1,14,13,-1,FALSE,TRUE,FALSE,TRUE,
101007,"A_2022",1,0,11,11,0,FALSE,FALSE,TRUE,TRUE,11
101008,"B_2018",0,1,12,17,5,FALSE,FALSE,FALSE,TRUE,17
101011,"A_2022",1,1,11,11,0,FALSE,FALSE,TRUE,TRUE,11
101018,"A_2020",0,1,15,,,TRUE,FALSE,FALSE,FALSE,
101020,"A_2020",0,0,,14,,TRUE,FALSE,FALSE,FALSE,14
101022,"A_2022",0,0,13,14,1,FALSE,FALSE,FALSE,TRUE,14
101026,"A_2022",1,0,14,13,-1,FALSE,TRUE,FALSE,TRUE,
101030,"B_2018",1,0,13,18,5,FALSE,FALSE,FALSE,TRUE,18
101031,"A_2022",0,0,14,15,1,FALSE,FALSE,FALSE,TRUE,15
101035,"A_2020",0,1,,14,,TRUE,FALSE,FALSE,FALSE,14
101048,"A_2022",1,0,11,11,0,FALSE,FALSE,TRUE,TRUE,11
101052,"A_2022",0,1,12,12,0,FALSE,FALSE,TRUE,TRUE,12
101061,"A_2022",1,0,11,12,1,FALSE,FALSE,FALSE,TRUE,12
101065,"A_2022",1,1,11,12,1,FALSE,FALSE,FALSE,TRUE,12
101073,"A_2020",1,1,,14,,TRUE,FALSE,FALSE,FALSE,14
101074,"A_2022",1,0,12,13,1,FALSE,FALSE,FALSE,TRUE,13
101078,"A_2020",0,0,,14,,TRUE,FALSE,FALSE,FALSE,14
101080,"B_2018",0,0,10,15,5,FALSE,FALSE,FALSE,TRUE,15
101087,"A_2020",0,0,,15,,TRUE,FALSE,FALSE,FALSE,15
101089,"B_2018",1,1,13,18,5,FALSE,FALSE,FALSE,TRUE,18
101092,"A_2020",1,1,,12,,TRUE,FALSE,FALSE,FALSE,12
101095,"A_2022",1,0,12,13,1,FALSE,FALSE,FALSE,TRUE,13
101096,"A_2022",0,0,14,15,1,FALSE,FALSE,FALSE,TRUE,15
101098,"A_2022",1,0,12,12,0,FALSE,FALSE,TRUE,TRUE,12
101099,"A_2022",0,1,11,12,1,FALSE,FALSE,FALSE,TRUE,12
101101,"A_2020",1,0,12,13,1,FALSE,FALSE,FALSE,TRUE,13
101104,"A_2022",0,0,12,13,1,FALSE,FALSE,FALSE,TRUE,13
101124,"A_2020",0,1,,17,,TRUE,FALSE,FALSE,FALSE,17
101125,"A_2020",0,0,13,18,5,FALSE,FALSE,FALSE,TRUE,18
101126,"A_2020",1,1,13,14,1,FALSE,FALSE,FALSE,TRUE,14
101135,"B_2018",1,0,11,16,5,FALSE,FALSE,FALSE,TRUE,16
101136,"A_2022",0,1,12,12,0,FALSE,FALSE,TRUE,TRUE,12
101142,"A_2022",1,0,11,12,1,FALSE,FALSE,FALSE,TRUE,12
101144,"B_2018",0,1,14,19,5,FALSE,FALSE,FALSE,TRUE,19
101145,"B_2018",1,1,15,20,5,FALSE,FALSE,FALSE,TRUE,20
101146,"A_2022",1,1,14,15,1,FALSE,FALSE,FALSE,TRUE,15
101147,"A_2022",0,0,16,16,0,FALSE,FALSE,TRUE,TRUE,16
101152,"B_2018",1,1,12,17,5,FALSE,FALSE,FALSE,TRUE,17
101157,"B_2018",1,0,12,17,5,FALSE,FALSE,FALSE,TRUE,17
101159,"A_2022",0,1,15,16,1,FALSE,FALSE,FALSE,TRUE,16
101166,"A_2020",1,1,,18,,TRUE,FALSE,FALSE,FALSE,18
101170,"A_2022",1,1,14,15,1,FALSE,FALSE,FALSE,TRUE,15
101173,"B_2018",1,0,9,14,5,FALSE,FALSE,FALSE,TRUE,14
101175,"A_2022",1,0,13,13,0,FALSE,FALSE,TRUE,TRUE,13
101189,"A_2022",0,1,12,13,1,FALSE,FALSE,FALSE,TRUE,13
101196,"A_2022",0,1,14,14,0,FALSE,FALSE,TRUE,TRUE,14
101198,"A_2022",0,1,11,11,0,FALSE,FALSE,TRUE,TRUE,11
101211,"B_2018",0,0,14,19,5,FALSE,FALSE,FALSE,TRUE,19
101213,"A_2020",1,0,,18,,TRUE,FALSE,FALSE,FALSE,18
101214,"B_2018",1,1,14,19,5,FALSE,FALSE,FALSE,TRUE,19
101223,"A_2022",0,1,13,13,0,FALSE,FALSE,TRUE,TRUE,13
101224,"A_2022",0,0,11,11,0,FALSE,FALSE,TRUE,TRUE,11
101225,"A_2022",0,0,11,12,1,FALSE,FALSE,FALSE,TRUE,12
101235,"A_2022",0,0,13,13,0,FALSE,FALSE,TRUE,TRUE,13
101236,"A_2020",1,1,11,12,1,FALSE,FALSE,FALSE,TRUE,12
101237,"A_2020",0,1,,,,TRUE,FALSE,FALSE,FALSE,
101239,"A_2020",0,1,15,16,1,FALSE,FALSE,FALSE,TRUE,16
101247,"A_2022",0,1,12,13,1,FALSE,FALSE,FALSE,TRUE,13
101250,"A_2022",0,0,12,13,1,FALSE,FALSE,FALSE,TRUE,13
101252,"A_2022",0,0,15,15,0,FALSE,FALSE,TRUE,TRUE,15
101253,"B_2018",0,0,11,16,5,FALSE,FALSE,FALSE,TRUE,16
101260,"A_2022",1,1,13,14,1,FALSE,FALSE,FALSE,TRUE,14
101263,"A_2022",1,1,11,12,1,FALSE,FALSE,FALSE,TRUE,12
101264,"A_2022",1,1,12,12,0,FALSE,FALSE,TRUE,TRUE,12
101269,"A_2020",1,0,13,,,TRUE,FALSE,FALSE,FALSE,
101270,"B_2018",0,0,10,15,5,FALSE,FALSE,FALSE,TRUE,15
101279,"A_2022",0,0,12,13,1,FALSE,FALSE,FALSE,TRUE,13
101280,"A_2022",0,1,16,17,1,FALSE,FALSE,FALSE,TRUE,17
101281,"B_2018",1,0,12,17,5,FALSE,FALSE,FALSE,TRUE,17
101284,"A_2022",1,1,12,12,0,FALSE,FALSE,TRUE,TRUE,12
101286,"B_2018",1,0,13,18,5,FALSE,FALSE,FALSE,TRUE,18
101292,"A_2022",1,0,11,12,1,FALSE,FALSE,FALSE,TRUE,12
101293,"B_2018",1,1,10,15,5,FALSE,FALSE,FALSE,TRUE,15
101295,"A_2022",0,0,14,15,1,FALSE,FALSE,FALSE,TRUE,15
101296,"A_2020",0,0,,14,,TRUE,FALSE,FALSE,FALSE,14
101304,"A_2022",1,1,11,11,0,FALSE,FALSE,TRUE,TRUE,11
101305,"A_2022",0,0,11,11,0,FALSE,FALSE,TRUE,TRUE,11
101308,"A_2022",0,1,13,14,1,FALSE,FALSE,FALSE,TRUE,14
101309,"A_2022",1,0,13,14,1,FALSE,FALSE,FALSE,TRUE,14
101310,"A_2022",0,0,12,13,1,FALSE,FALSE,FALSE,TRUE,13
101312,"B_2018",0,1,11,16,5,FALSE,FALSE,FALSE,TRUE,16
101313,"A_2022",0,1,12,13,1,FALSE,FALSE,FALSE,TRUE,13
101316,"A_2022",0,1,12,13,1,FALSE,FALSE,FALSE,TRUE,13
101317,"A_2020",0,0,,13,,TRUE,FALSE,FALSE,FALSE,13
101325,"B_2018",1,1,12,17,5,FALSE,FALSE,FALSE,TRUE,17
101326,"B_2018",1,1,15,20,5,FALSE,FALSE,FALSE,TRUE,20
101327,"A_2020",0,0,,15,,TRUE,FALSE,FALSE,FALSE,15
101328,"B_2018",1,1,10,15,5,FALSE,FALSE,FALSE,TRUE,15
101333,"A_2022",1,1,12,13,1,FALSE,FALSE,FALSE,TRUE,13
101335,"B_2018",1,1,14,19,5,FALSE,FALSE,FALSE,TRUE,19
101338,"A_2022",1,1,11,12,1,FALSE,FALSE,FALSE,TRUE,12
101343,"B_2018",0,0,12,17,5,FALSE,FALSE,FALSE,TRUE,17
101346,"A_2020",1,1,,15,,TRUE,FALSE,FALSE,FALSE,15
101351,"A_2022",0,0,12,13,1,FALSE,FALSE,FALSE,TRUE,13
101354,"A_2020",1,0,,16,,TRUE,FALSE,FALSE,FALSE,16
101355,"A_2022",0,1,16,16,0,FALSE,FALSE,TRUE,TRUE,16
101357,"A_2022",0,0,,13,,TRUE,FALSE,FALSE,FALSE,13
101360,"A_2022",1,1,12,12,0,FALSE,FALSE,TRUE,TRUE,12
101361,"B_2018",1,0,10,15,5,FALSE,FALSE,FALSE,TRUE,15
101366,"A_2022",0,0,11,12,1,FALSE,FALSE,FALSE,TRUE,12
101370,"A_2022",1,1,13,14,1,FALSE,FALSE,FALSE,TRUE,14
101372,"A_2022",1,1,11,12,1,FALSE,FALSE,FALSE,TRUE,12
101374,"A_2020",0,0,14,15,1,FALSE,FALSE,FALSE,TRUE,15
101376,"A_2022",0,0,12,13,1,FALSE,FALSE,FALSE,TRUE,13
101377,"A_2022",0,0,12,13,1,FALSE,FALSE,FALSE,TRUE,13
101383,"A_2022",1,0,12,12,0,FALSE,FALSE,TRUE,TRUE,12
101393,"B_2018",0,1,,18,,TRUE,FALSE,FALSE,FALSE,18
101397,"B_2018",1,0,14,19,5,FALSE,FALSE,FALSE,TRUE,19
101402,"B_2018",1,1,11,16,5,FALSE,FALSE,FALSE,TRUE,16
101406,"A_2020",1,0,,14,,TRUE,FALSE,FALSE,FALSE,14
101410,"A_2022",1,1,13,13,0,FALSE,FALSE,TRUE,TRUE,13
101411,"A_2022",0,1,12,12,0,FALSE,FALSE,TRUE,TRUE,12
101412,"A_2020",1,0,,19,,TRUE,FALSE,FALSE,FALSE,19
101413,"B_2018",0,0,12,17,5,FALSE,FALSE,FALSE,TRUE,17
101420,"A_2022",1,1,13,14,1,FALSE,FALSE,FALSE,TRUE,14
101421,"A_2022",1,1,14,15,1,FALSE,FALSE,FALSE,TRUE,15
101425,"A_2022",1,1,14,14,0,FALSE,FALSE,TRUE,TRUE,14
101428,"A_2022",0,0,11,12,1,FALSE,FALSE,FALSE,TRUE,12
101429,"A_2022",0,1,14,14,0,FALSE,FALSE,TRUE,TRUE,14
101433,"A_2022",0,0,14,15,1,FALSE,FALSE,FALSE,TRUE,15
101438,"B_2018",0,1,12,17,5,FALSE,FALSE,FALSE,TRUE,17
101445,"A_2022",1,0,12,12,0,FALSE,FALSE,TRUE,TRUE,12
101458,"A_2022",0,0,11,12,1,FALSE,FALSE,FALSE,TRUE,12
101460,"A_2022",0,0,12,13,1,FALSE,FALSE,FALSE,TRUE,13
101465,"B_2018",1,0,13,18,5,FALSE,FALSE,FALSE,TRUE,18
101470,"A_2022",0,0,15,15,0,FALSE,FALSE,TRUE,TRUE,15
101475,"A_2020",0,1,,16,,TRUE,FALSE,FALSE,FALSE,16
101476,"A_2022",1,1,14,15,1,FALSE,FALSE,FALSE,TRUE,15
101483,"A_2022",1,0,12,13,1,FALSE,FALSE,FALSE,TRUE,13
101489,"A_2022",0,0,11,11,0,FALSE,FALSE,TRUE,TRUE,11
101491,"A_2022",0,0,12,13,1,FALSE,FALSE,FALSE,TRUE,13
101502,"A_2020",0,0,,14,,TRUE,FALSE,FALSE,FALSE,14
101503,"A_2022",1,0,15,14,-1,FALSE,TRUE,FALSE,TRUE,
101504,"A_2022",1,0,11,12,1,FALSE,FALSE,FALSE,TRUE,12
101505,"A_2022",0,1,11,12,1,FALSE,FALSE,FALSE,TRUE,12
101507,"B_2018",0,1,10,15,5,FALSE,FALSE,FALSE,TRUE,15
101508,"A_2022",1,0,14,13,-1,FALSE,TRUE,FALSE,TRUE,
101510,"B_2018",0,1,15,20,5,FALSE,FALSE,FALSE,TRUE,20
101517,"A_2022",1,0,13,14,1,FALSE,FALSE,FALSE,TRUE,14
101520,"A_2022",1,0,12,12,0,FALSE,FALSE,TRUE,TRUE,12
101527,"A_2022",1,0,13,14,1,FALSE,FALSE,FALSE,TRUE,14
101528,"B_2018",1,0,15,20,5,FALSE,FALSE,FALSE,TRUE,20
101529,"A_2022",0,1,,12,,TRUE,FALSE,FALSE,FALSE,12
101531,"A_2022",1,1,11,12,1,FALSE,FALSE,FALSE,TRUE,12
101532,"A_2022",0,0,13,12,-1,FALSE,TRUE,FALSE,TRUE,
101534,"B_2018",1,1,11,16,5,FALSE,FALSE,FALSE,TRUE,16
101535,"A_2022",0,0,13,13,0,FALSE,FALSE,TRUE,TRUE,13
101549,"A_2022",0,0,14,15,1,FALSE,FALSE,FALSE,TRUE,15
101550,"A_2020",0,1,,17,,TRUE,FALSE,FALSE,FALSE,17
101551,"B_2018",1,0,11,16,5,FALSE,FALSE,FALSE,TRUE,16
101553,"A_2022",1,0,13,14,1,FALSE,FALSE,FALSE,TRUE,14
101555,"B_2018",0,0,12,17,5,FALSE,FALSE,FALSE,TRUE,17
101557,"A_2022",0,0,11,11,0,FALSE,FALSE,TRUE,TRUE,11
101561,"A_2020",0,1,,14,,TRUE,FALSE,FALSE,FALSE,14
101567,"A_2022",1,1,11,12,1,FALSE,FALSE,FALSE,TRUE,12
101574,"B_2018",1,0,13,18,5,FALSE,FALSE,FALSE,TRUE,18
101575,"A_2022",0,1,11,12,1,FALSE,FALSE,FALSE,TRUE,12
101576,"A_2022",0,1,11,12,1,FALSE,FALSE,FALSE,TRUE,12
101580,"A_2022",0,0,11,12,1,FALSE,FALSE,FALSE,TRUE,12
101582,"A_2022",0,1,12,13,1,FALSE,FALSE,FALSE,TRUE,13
101585,"A_2020",0,0,,14,,TRUE,FALSE,FALSE,FALSE,14
101589,"A_2020",1,1,,15,,TRUE,FALSE,FALSE,FALSE,15
