"applicant_id","cohort","selected","male","started_g6_private","started_g7_private","in_private_now","in_school_now","highest_grade","years_in_school","receiving_aid_now","history_g6_g7_current","g6_private_current_nonprivate","ever_g6_g7_private_current_nonprivate","current_status"
100011,"A_2022",1,1,1,0,0,1,5,2,0,"1 -> 0 -> 0",TRUE,TRUE,"Currently enrolled"
100017,"A_2022",1,0,1,1,0,1,7,2,1,"1 -> 1 -> 0",TRUE,TRUE,"Currently enrolled"
100027,"A_2020",0,1,1,0,0,1,8,4,0,"1 -> 0 -> 0",TRUE,TRUE,"Currently enrolled"
100029,"A_2022",0,1,1,0,0,1,6,2,0,"1 -> 0 -> 0",TRUE,TRUE,"Currently enrolled"
100031,"A_2020",1,1,1,1,0,1,7,4,0,"1 -> 1 -> 0",TRUE,TRUE,"Currently enrolled"
100036,"A_2020",1,0,1,0,0,0,6,1,0,"1 -> 0 -> 0",TRUE,TRUE,"Not currently enrolled; completion or exit unknown"
100041,"A_2020",0,0,1,1,0,0,6,2,0,"1 -> 1 -> 0",TRUE,TRUE,"Not currently enrolled; completion or exit unknown"
100042,"A_2020",1,1,1,0,0,0,5,1,0,"1 -> 0 -> 0",TRUE,TRUE,"Not currently enrolled; completion or exit unknown"
100043,"B_2018",1,1,0,1,0,0,7,3,0,"0 -> 1 -> 0",FALSE,TRUE,"Not currently enrolled; completion or exit unknown"
100046,"A_2020",1,0,1,1,0,1,9,4,0,"1 -> 1 -> 0",TRUE,TRUE,"Currently enrolled"
100047,"B_2018",1,0,1,0,0,0,7,3,0,"1 -> 0 -> 0",TRUE,TRUE,"Not currently enrolled; completion or exit unknown"
100048,"A_2020",0,0,1,0,0,0,5,2,0,"1 -> 0 -> 0",TRUE,TRUE,"Not currently enrolled; completion or exit unknown"
100050,"A_2020",1,0,1,0,0,0,7,3,0,"1 -> 0 -> 0",TRUE,TRUE,"Not currently enrolled; completion or exit unknown"
100060,"A_2020",1,1,1,0,0,0,5,1,0,"1 -> 0 -> 0",TRUE,TRUE,"Not currently enrolled; completion or exit unknown"
100064,"A_2020",0,1,1,0,0,1,8,4,0,"1 -> 0 -> 0",TRUE,TRUE,"Currently enrolled"
100069,"A_2020",1,0,1,1,0,1,7,4,0,"1 -> 1 -> 0",TRUE,TRUE,"Currently enrolled"
100072,"A_2020",0,1,1,1,0,0,6,2,0,"1 -> 1 -> 0",TRUE,TRUE,"Not currently enrolled; completion or exit unknown"
100073,"A_2020",0,0,1,0,0,0,5,1,0,"1 -> 0 -> 0",TRUE,TRUE,"Not currently enrolled; completion or exit unknown"
100076,"A_2020",1,1,1,0,0,0,6,2,0,"1 -> 0 -> 0",TRUE,TRUE,"Not currently enrolled; completion or exit unknown"
100078,"A_2020",1,1,1,1,0,0,8,3,0,"1 -> 1 -> 0",TRUE,TRUE,"Not currently enrolled; completion or exit unknown"
100083,"A_2020",1,1,1,1,0,1,7,4,0,"1 -> 1 -> 0",TRUE,TRUE,"Currently enrolled"
100084,"A_2020",1,0,1,0,0,0,6,1,0,"1 -> 0 -> 0",TRUE,TRUE,"Not currently enrolled; completion or exit unknown"
100092,"A_2020",1,0,1,1,0,1,7,4,0,"1 -> 1 -> 0",TRUE,TRUE,"Currently enrolled"
100093,"A_2020",0,0,1,1,0,1,8,4,0,"1 -> 1 -> 0",TRUE,TRUE,"Currently enrolled"
100097,"A_2020",1,0,1,1,0,1,8,4,0,"1 -> 1 -> 0",TRUE,TRUE,"Currently enrolled"
100098,"A_2020",1,1,1,1,0,1,8,4,0,"1 -> 1 -> 0",TRUE,TRUE,"Currently enrolled"
100099,"A_2020",1,0,1,1,0,0,6,2,0,"1 -> 1 -> 0",TRUE,TRUE,"Not currently enrolled; completion or exit unknown"
100109,"A_2020",0,1,1,0,0,1,7,4,0,"1 -> 0 -> 0",TRUE,TRUE,"Currently enrolled"
100117,"A_2020",0,1,1,1,0,0,6,2,0,"1 -> 1 -> 0",TRUE,TRUE,"Not currently enrolled; completion or exit unknown"
100119,"A_2020",1,0,1,1,0,0,7,3,0,"1 -> 1 -> 0",TRUE,TRUE,"Not currently enrolled; completion or exit unknown"
100120,"A_2020",0,0,1,0,0,0,5,1,0,"1 -> 0 -> 0",TRUE,TRUE,"Not currently enrolled; completion or exit unknown"
100125,"A_2020",1,1,1,1,0,0,8,4,0,"1 -> 1 -> 0",TRUE,TRUE,"Not currently enrolled; completion or exit unknown"
100128,"A_2022",1,1,1,0,0,1,5,2,0,"1 -> 0 -> 0",TRUE,TRUE,"Currently enrolled"
100131,"A_2020",0,1,1,0,0,1,8,4,0,"1 -> 0 -> 0",TRUE,TRUE,"Currently enrolled"
100140,"A_2020",0,0,1,0,0,0,5,1,0,"1 -> 0 -> 0",TRUE,TRUE,"Not currently enrolled; completion or exit unknown"
100144,"A_2020",0,0,1,0,0,0,6,1,0,"1 -> 0 -> 0",TRUE,TRUE,"Not currently enrolled; completion or exit unknown"
100148,"A_2020",0,0,1,1,0,0,7,2,0,"1 -> 1 -> 0",TRUE,TRUE,"Not currently enrolled; completion or exit unknown"
100150,"A_2020",1,1,1,1,0,0,9,3,0,"1 -> 1 -> 0",TRUE,TRUE,"Not currently enrolled; completion or exit unknown"
100157,"A_2020",1,1,1,1,0,1,7,4,0,"1 -> 1 -> 0",TRUE,TRUE,"Currently enrolled"
100160,"A_2020",0,0,1,0,0,0,5,3,0,"1 -> 0 -> 0",TRUE,TRUE,"Not currently enrolled; completion or exit unknown"
100165,"A_2020",0,1,1,0,0,1,8,4,0,"1 -> 0 -> 0",TRUE,TRUE,"Currently enrolled"
100169,"A_2020",1,1,1,1,0,1,7,4,0,"1 -> 1 -> 0",TRUE,TRUE,"Currently enrolled"
100171,"A_2020",1,0,0,1,0,1,7,3,0,"0 -> 1 -> 0",FALSE,TRUE,"Currently enrolled"
100173,"A_2020",0,1,1,0,0,1,7,4,0,"1 -> 0 -> 0",TRUE,TRUE,"Currently enrolled"
100175,"A_2020",0,0,1,0,0,0,5,1,0,"1 -> 0 -> 0",TRUE,TRUE,"Not currently enrolled; completion or exit unknown"
100176,"A_2020",0,1,1,1,0,1,8,4,0,"1 -> 1 -> 0",TRUE,TRUE,"Currently enrolled"
100178,"A_2020",0,0,1,1,0,0,6,3,0,"1 -> 1 -> 0",TRUE,TRUE,"Not currently enrolled; completion or exit unknown"
100180,"A_2020",0,1,1,1,0,1,6,4,0,"1 -> 1 -> 0",TRUE,TRUE,"Currently enrolled"
100184,"A_2020",0,0,1,1,0,1,8,4,1,"1 -> 1 -> 0",TRUE,TRUE,"Currently enrolled"
100185,"A_2022",0,0,1,0,0,0,6,1,0,"1 -> 0 -> 0",TRUE,TRUE,"Not currently enrolled; completion or exit unknown"
100191,"A_2020",1,1,1,0,0,0,6,1,0,"1 -> 0 -> 0",TRUE,TRUE,"Not currently enrolled; completion or exit unknown"
100200,"A_2020",1,1,1,1,0,0,6,2,0,"1 -> 1 -> 0",TRUE,TRUE,"Not currently enrolled; completion or exit unknown"
100207,"A_2020",0,1,1,0,0,1,8,4,0,"1 -> 0 -> 0",TRUE,TRUE,"Currently enrolled"
100215,"A_2020",0,1,1,0,0,1,6,3,0,"1 -> 0 -> 0",TRUE,TRUE,"Currently enrolled"
100218,"A_2020",0,0,1,1,0,0,7,2,0,"1 -> 1 -> 0",TRUE,TRUE,"Not currently enrolled; completion or exit unknown"
100223,"A_2020",1,0,1,0,0,0,5,1,0,"1 -> 0 -> 0",TRUE,TRUE,"Not currently enrolled; completion or exit unknown"
100226,"A_2020",0,0,1,1,0,0,9,3,0,"1 -> 1 -> 0",TRUE,TRUE,"Not currently enrolled; completion or exit unknown"
100228,"A_2020",0,0,1,0,0,0,5,1,0,"1 -> 0 -> 0",TRUE,TRUE,"Not currently enrolled; completion or exit unknown"
100231,"A_2020",1,0,1,1,0,1,8,4,0,"1 -> 1 -> 0",TRUE,TRUE,"Currently enrolled"
100236,"A_2022",0,0,1,0,0,1,7,2,0,"1 -> 0 -> 0",TRUE,TRUE,"Currently enrolled"
100238,"A_2020",1,1,1,1,0,0,6,2,0,"1 -> 1 -> 0",TRUE,TRUE,"Not currently enrolled; completion or exit unknown"
100239,"A_2020",0,0,1,0,0,1,7,4,0,"1 -> 0 -> 0",TRUE,TRUE,"Currently enrolled"
100242,"A_2020",0,1,1,1,0,0,8,3,0,"1 -> 1 -> 0",TRUE,TRUE,"Not currently enrolled; completion or exit unknown"
100243,"A_2020",1,1,1,0,0,0,5,2,0,"1 -> 0 -> 0",TRUE,TRUE,"Not currently enrolled; completion or exit unknown"
100253,"A_2020",0,1,1,0,0,0,5,1,0,"1 -> 0 -> 0",TRUE,TRUE,"Not currently enrolled; completion or exit unknown"
100259,"A_2020",0,0,1,0,0,0,7,2,0,"1 -> 0 -> 0",TRUE,TRUE,"Not currently enrolled; completion or exit unknown"
100265,"A_2020",1,1,1,1,0,1,6,3,0,"1 -> 1 -> 0",TRUE,TRUE,"Currently enrolled"
100266,"B_2018",1,0,1,1,0,1,9,6,0,"1 -> 1 -> 0",TRUE,TRUE,"Currently enrolled"
100270,"A_2020",0,0,1,1,0,0,7,3,0,"1 -> 1 -> 0",TRUE,TRUE,"Not currently enrolled; completion or exit unknown"
100272,"A_2020",1,0,1,1,0,1,8,4,0,"1 -> 1 -> 0",TRUE,TRUE,"Currently enrolled"
100279,"A_2020",0,1,1,0,0,1,7,3,0,"1 -> 0 -> 0",TRUE,TRUE,"Currently enrolled"
100280,"A_2020",0,0,1,0,0,1,7,4,0,"1 -> 0 -> 0",TRUE,TRUE,"Currently enrolled"
100281,"A_2020",0,0,1,0,0,1,7,4,0,"1 -> 0 -> 0",TRUE,TRUE,"Currently enrolled"
100282,"A_2020",1,1,1,1,0,0,7,2,0,"1 -> 1 -> 0",TRUE,TRUE,"Not currently enrolled; completion or exit unknown"
100288,"A_2020",0,0,1,0,0,1,8,4,0,"1 -> 0 -> 0",TRUE,TRUE,"Currently enrolled"
100291,"A_2020",1,1,1,1,0,0,7,3,0,"1 -> 1 -> 0",TRUE,TRUE,"Not currently enrolled; completion or exit unknown"
100294,"A_2020",1,0,1,0,0,1,8,4,0,"1 -> 0 -> 0",TRUE,TRUE,"Currently enrolled"
100296,"A_2020",1,1,1,1,0,1,8,4,0,"1 -> 1 -> 0",TRUE,TRUE,"Currently enrolled"
100299,"A_2020",1,1,1,1,0,1,8,4,1,"1 -> 1 -> 0",TRUE,TRUE,"Currently enrolled"
100300,"A_2020",0,0,1,0,0,1,6,3,0,"1 -> 0 -> 0",TRUE,TRUE,"Currently enrolled"
100306,"A_2020",1,1,1,1,0,0,7,2,0,"1 -> 1 -> 0",TRUE,TRUE,"Not currently enrolled; completion or exit unknown"
100307,"A_2022",1,1,1,0,0,1,5,2,0,"1 -> 0 -> 0",TRUE,TRUE,"Currently enrolled"
100309,"A_2020",1,1,1,0,0,0,5,1,0,"1 -> 0 -> 0",TRUE,TRUE,"Not currently enrolled; completion or exit unknown"
100313,"A_2020",0,0,1,0,0,1,7,4,0,"1 -> 0 -> 0",TRUE,TRUE,"Currently enrolled"
100315,"B_2018",1,0,1,1,0,0,8,4,0,"1 -> 1 -> 0",TRUE,TRUE,"Not currently enrolled; completion or exit unknown"
100319,"A_2020",0,0,1,1,0,1,8,4,0,"1 -> 1 -> 0",TRUE,TRUE,"Currently enrolled"
100323,"A_2020",0,0,1,0,0,1,7,3,0,"1 -> 0 -> 0",TRUE,TRUE,"Currently enrolled"
100328,"A_2022",0,1,1,0,0,0,6,1,0,"1 -> 0 -> 0",TRUE,TRUE,"Not currently enrolled; completion or exit unknown"
100334,"A_2020",0,1,1,0,0,1,8,4,0,"1 -> 0 -> 0",TRUE,TRUE,"Currently enrolled"
100336,"A_2020",0,1,1,1,0,0,9,4,0,"1 -> 1 -> 0",TRUE,TRUE,"Not currently enrolled; completion or exit unknown"
100337,"A_2020",1,0,1,1,0,1,7,4,0,"1 -> 1 -> 0",TRUE,TRUE,"Currently enrolled"
100339,"A_2020",0,0,1,1,0,1,8,4,0,"1 -> 1 -> 0",TRUE,TRUE,"Currently enrolled"
100346,"A_2020",0,0,1,0,0,0,6,2,0,"1 -> 0 -> 0",TRUE,TRUE,"Not currently enrolled; completion or exit unknown"
100349,"B_2018",0,1,1,1,0,0,8,5,0,"1 -> 1 -> 0",TRUE,TRUE,"Not currently enrolled; completion or exit unknown"
100350,"A_2020",0,0,1,0,0,1,7,4,0,"1 -> 0 -> 0",TRUE,TRUE,"Currently enrolled"
100351,"A_2020",0,0,1,0,0,1,7,4,0,"1 -> 0 -> 0",TRUE,TRUE,"Currently enrolled"
100352,"A_2020",0,1,1,0,0,1,8,4,0,"1 -> 0 -> 0",TRUE,TRUE,"Currently enrolled"
100361,"B_2018",0,1,1,0,0,1,9,6,0,"1 -> 0 -> 0",TRUE,TRUE,"Currently enrolled"
100366,"A_2020",0,0,1,0,0,1,7,4,0,"1 -> 0 -> 0",TRUE,TRUE,"Currently enrolled"
100367,"A_2020",0,1,1,0,0,0,5,0,0,"1 -> 0 -> 0",TRUE,TRUE,"Not currently enrolled; completion or exit unknown"
100379,"A_2020",0,0,1,1,0,1,7,4,0,"1 -> 1 -> 0",TRUE,TRUE,"Currently enrolled"
100384,"A_2020",1,1,1,1,0,1,7,4,0,"1 -> 1 -> 0",TRUE,TRUE,"Currently enrolled"
100387,"A_2020",0,1,1,0,0,1,6,4,0,"1 -> 0 -> 0",TRUE,TRUE,"Currently enrolled"
100398,"A_2020",0,0,1,0,0,1,8,4,0,"1 -> 0 -> 0",TRUE,TRUE,"Currently enrolled"
100399,"A_2022",0,0,1,1,0,1,8,4,0,"1 -> 1 -> 0",TRUE,TRUE,"Currently enrolled"
100402,"A_2020",1,0,1,1,0,1,8,4,0,"1 -> 1 -> 0",TRUE,TRUE,"Currently enrolled"
100405,"A_2020",1,0,1,1,0,1,8,4,0,"1 -> 1 -> 0",TRUE,TRUE,"Currently enrolled"
100410,"A_2020",0,1,1,0,0,1,6,4,0,"1 -> 0 -> 0",TRUE,TRUE,"Currently enrolled"
100411,"B_2018",0,1,1,1,0,0,11,5,0,"1 -> 1 -> 0",TRUE,TRUE,"Not currently enrolled; completion or exit unknown"
100412,"A_2020",0,0,1,1,0,1,8,4,0,"1 -> 1 -> 0",TRUE,TRUE,"Currently enrolled"
100415,"A_2020",1,0,1,1,0,1,8,4,0,"1 -> 1 -> 0",TRUE,TRUE,"Currently enrolled"
100417,"B_2018",0,0,1,1,0,1,9,6,0,"1 -> 1 -> 0",TRUE,TRUE,"Currently enrolled"
100423,"A_2020",0,1,1,1,0,1,7,3,0,"1 -> 1 -> 0",TRUE,TRUE,"Currently enrolled"
100437,"A_2020",1,1,1,1,0,1,8,5,0,"1 -> 1 -> 0",TRUE,TRUE,"Currently enrolled"
100440,"A_2022",1,1,1,0,0,0,6,1,0,"1 -> 0 -> 0",TRUE,TRUE,"Not currently enrolled; completion or exit unknown"
100445,"B_2018",0,1,1,1,0,1,8,6,0,"1 -> 1 -> 0",TRUE,TRUE,"Currently enrolled"
100446,"A_2020",1,0,1,1,0,1,8,4,0,"1 -> 1 -> 0",TRUE,TRUE,"Currently enrolled"
100447,"A_2020",0,0,1,0,0,0,6,1,0,"1 -> 0 -> 0",TRUE,TRUE,"Not currently enrolled; completion or exit unknown"
100451,"A_2020",1,0,1,1,0,1,8,5,0,"1 -> 1 -> 0",TRUE,TRUE,"Currently enrolled"
100452,"A_2020",0,0,1,0,0,1,7,4,0,"1 -> 0 -> 0",TRUE,TRUE,"Currently enrolled"
100459,"A_2020",1,1,1,0,0,0,5,1,0,"1 -> 0 -> 0",TRUE,TRUE,"Not currently enrolled; completion or exit unknown"
100460,"A_2020",0,0,1,1,0,1,8,4,0,"1 -> 1 -> 0",TRUE,TRUE,"Currently enrolled"
100462,"A_2020",1,1,1,0,0,0,5,1,0,"1 -> 0 -> 0",TRUE,TRUE,"Not currently enrolled; completion or exit unknown"
100470,"A_2020",0,0,1,1,0,1,8,4,0,"1 -> 1 -> 0",TRUE,TRUE,"Currently enrolled"
100472,"A_2020",1,0,1,1,0,1,8,4,0,"1 -> 1 -> 0",TRUE,TRUE,"Currently enrolled"
100475,"A_2020",0,1,1,0,0,0,5,1,0,"1 -> 0 -> 0",TRUE,TRUE,"Not currently enrolled; completion or exit unknown"
100478,"A_2020",0,1,1,0,0,1,8,4,0,"1 -> 0 -> 0",TRUE,TRUE,"Currently enrolled"
100483,"A_2020",1,0,1,1,0,0,8,3,0,"1 -> 1 -> 0",TRUE,TRUE,"Not currently enrolled; completion or exit unknown"
100485,"A_2020",0,0,1,0,0,0,5,1,0,"1 -> 0 -> 0",TRUE,TRUE,"Not currently enrolled; completion or exit unknown"
100488,"A_2020",0,0,1,0,0,0,6,1,0,"1 -> 0 -> 0",TRUE,TRUE,"Not currently enrolled; completion or exit unknown"
100489,"A_2020",1,0,1,1,0,1,8,4,0,"1 -> 1 -> 0",TRUE,TRUE,"Currently enrolled"
100503,"A_2020",1,1,1,1,0,1,7,4,0,"1 -> 1 -> 0",TRUE,TRUE,"Currently enrolled"
100504,"A_2020",0,1,1,1,0,1,7,4,0,"1 -> 1 -> 0",TRUE,TRUE,"Currently enrolled"
100505,"A_2020",1,1,1,0,0,0,5,1,0,"1 -> 0 -> 0",TRUE,TRUE,"Not currently enrolled; completion or exit unknown"
100509,"A_2020",1,1,1,0,0,0,6,1,0,"1 -> 0 -> 0",TRUE,TRUE,"Not currently enrolled; completion or exit unknown"
100510,"A_2020",0,1,1,0,0,0,6,1,0,"1 -> 0 -> 0",TRUE,TRUE,"Not currently enrolled; completion or exit unknown"
100512,"A_2020",1,0,1,0,0,1,5,3,0,"1 -> 0 -> 0",TRUE,TRUE,"Currently enrolled"
100520,"A_2020",1,1,1,1,0,1,7,4,0,"1 -> 1 -> 0",TRUE,TRUE,"Currently enrolled"
100522,"A_2022",0,1,1,0,0,1,7,2,0,"1 -> 0 -> 0",TRUE,TRUE,"Currently enrolled"
100525,"A_2020",0,1,1,0,0,1,7,4,0,"1 -> 0 -> 0",TRUE,TRUE,"Currently enrolled"
100527,"A_2020",0,0,1,1,0,0,7,3,0,"1 -> 1 -> 0",TRUE,TRUE,"Not currently enrolled; completion or exit unknown"
100529,"A_2020",0,1,1,0,0,0,5,3,0,"1 -> 0 -> 0",TRUE,TRUE,"Not currently enrolled; completion or exit unknown"
100530,"A_2020",0,1,1,0,0,0,6,1,0,"1 -> 0 -> 0",TRUE,TRUE,"Not currently enrolled; completion or exit unknown"
100532,"B_2018",1,1,1,0,0,1,8,6,0,"1 -> 0 -> 0",TRUE,TRUE,"Currently enrolled"
100533,"A_2020",0,0,1,1,0,1,7,4,0,"1 -> 1 -> 0",TRUE,TRUE,"Currently enrolled"
100537,"A_2020",1,1,1,1,0,0,9,4,0,"1 -> 1 -> 0",TRUE,TRUE,"Not currently enrolled; completion or exit unknown"
100543,"A_2020",0,1,1,0,0,1,7,4,0,"1 -> 0 -> 0",TRUE,TRUE,"Currently enrolled"
100546,"A_2020",0,1,1,1,0,0,8,4,0,"1 -> 1 -> 0",TRUE,TRUE,"Not currently enrolled; completion or exit unknown"
100560,"A_2020",1,1,1,1,0,0,7,2,0,"1 -> 1 -> 0",TRUE,TRUE,"Not currently enrolled; completion or exit unknown"
100566,"A_2020",0,1,1,1,0,1,8,4,0,"1 -> 1 -> 0",TRUE,TRUE,"Currently enrolled"
100568,"A_2022",0,1,1,0,0,0,6,1,0,"1 -> 0 -> 0",TRUE,TRUE,"Not currently enrolled; completion or exit unknown"
100569,"A_2022",1,0,1,0,0,1,6,2,0,"1 -> 0 -> 0",TRUE,TRUE,"Currently enrolled"
100570,"A_2020",1,0,1,1,0,0,7,2,0,"1 -> 1 -> 0",TRUE,TRUE,"Not currently enrolled; completion or exit unknown"
100572,"A_2020",1,1,1,1,0,0,7,3,0,"1 -> 1 -> 0",TRUE,TRUE,"Not currently enrolled; completion or exit unknown"
100573,"A_2020",0,1,1,1,0,1,7,3,0,"1 -> 1 -> 0",TRUE,TRUE,"Currently enrolled"
100577,"B_2018",0,0,1,1,0,1,9,6,0,"1 -> 1 -> 0",TRUE,TRUE,"Currently enrolled"
100579,"A_2020",1,0,1,1,0,1,8,4,0,"1 -> 1 -> 0",TRUE,TRUE,"Currently enrolled"
100582,"A_2022",0,0,1,0,0,0,6,2,0,"1 -> 0 -> 0",TRUE,TRUE,"Not currently enrolled; completion or exit unknown"
100592,"A_2020",1,0,1,0,0,1,7,4,0,"1 -> 0 -> 0",TRUE,TRUE,"Currently enrolled"
100605,"A_2020",0,0,1,0,0,1,8,4,0,"1 -> 0 -> 0",TRUE,TRUE,"Currently enrolled"
100607,"A_2020",0,1,1,1,0,1,7,5,0,"1 -> 1 -> 0",TRUE,TRUE,"Currently enrolled"
100609,"A_2020",0,1,1,1,0,1,8,4,0,"1 -> 1 -> 0",TRUE,TRUE,"Currently enrolled"
100610,"A_2020",1,1,1,0,0,0,6,1,0,"1 -> 0 -> 0",TRUE,TRUE,"Not currently enrolled; completion or exit unknown"
100614,"A_2022",0,1,1,0,0,1,6,3,0,"1 -> 0 -> 0",TRUE,TRUE,"Currently enrolled"
100615,"A_2022",0,0,1,1,0,1,7,2,0,"1 -> 1 -> 0",TRUE,TRUE,"Currently enrolled"
100619,"A_2020",0,0,1,0,0,1,7,4,0,"1 -> 0 -> 0",TRUE,TRUE,"Currently enrolled"
100620,"A_2020",0,1,1,1,0,1,8,4,0,"1 -> 1 -> 0",TRUE,TRUE,"Currently enrolled"
100621,"A_2020",1,1,1,1,0,0,7,2,0,"1 -> 1 -> 0",TRUE,TRUE,"Not currently enrolled; completion or exit unknown"
100622,"A_2020",1,1,1,0,0,1,8,4,0,"1 -> 0 -> 0",TRUE,TRUE,"Currently enrolled"
100623,"A_2020",1,1,1,1,0,0,7,3,0,"1 -> 1 -> 0",TRUE,TRUE,"Not currently enrolled; completion or exit unknown"
100625,"A_2022",0,1,1,1,0,1,7,2,0,"1 -> 1 -> 0",TRUE,TRUE,"Currently enrolled"
100630,"A_2020",0,1,1,0,0,0,6,2,0,"1 -> 0 -> 0",TRUE,TRUE,"Not currently enrolled; completion or exit unknown"
100634,"A_2020",0,0,1,0,0,1,6,4,0,"1 -> 0 -> 0",TRUE,TRUE,"Currently enrolled"
100636,"A_2020",0,1,1,1,0,1,8,4,0,"1 -> 1 -> 0",TRUE,TRUE,"Currently enrolled"
100637,"A_2020",1,1,1,0,0,0,6,1,0,"1 -> 0 -> 0",TRUE,TRUE,"Not currently enrolled; completion or exit unknown"
100644,"A_2020",0,0,1,0,0,1,6,3,1,"1 -> 0 -> 0",TRUE,TRUE,"Currently enrolled"
100650,"A_2020",0,1,1,1,0,1,8,4,0,"1 -> 1 -> 0",TRUE,TRUE,"Currently enrolled"
100653,"A_2020",0,1,1,0,0,0,6,3,0,"1 -> 0 -> 0",TRUE,TRUE,"Not currently enrolled; completion or exit unknown"
100655,"B_2018",1,1,1,1,0,1,9,6,0,"1 -> 1 -> 0",TRUE,TRUE,"Currently enrolled"
100656,"A_2020",1,0,1,0,0,0,6,3,0,"1 -> 0 -> 0",TRUE,TRUE,"Not currently enrolled; completion or exit unknown"
100660,"A_2020",0,0,1,1,0,1,7,4,0,"1 -> 1 -> 0",TRUE,TRUE,"Currently enrolled"
100666,"B_2018",0,0,1,1,0,0,8,3,0,"1 -> 1 -> 0",TRUE,TRUE,"Not currently enrolled; completion or exit unknown"
100669,"B_2018",1,0,1,1,0,0,9,5,0,"1 -> 1 -> 0",TRUE,TRUE,"Not currently enrolled; completion or exit unknown"
100674,"A_2020",0,1,1,1,0,1,8,4,0,"1 -> 1 -> 0",TRUE,TRUE,"Currently enrolled"
100675,"B_2018",0,0,1,1,0,1,9,6,0,"1 -> 1 -> 0",TRUE,TRUE,"Currently enrolled"
100677,"A_2022",1,1,1,0,0,0,5,1,0,"1 -> 0 -> 0",TRUE,TRUE,"Not currently enrolled; completion or exit unknown"
100682,"A_2022",1,0,1,0,0,0,6,1,0,"1 -> 0 -> 0",TRUE,TRUE,"Not currently enrolled; completion or exit unknown"
100686,"A_2020",1,0,1,1,0,1,7,4,0,"1 -> 1 -> 0",TRUE,TRUE,"Currently enrolled"
100688,"A_2020",0,1,1,0,0,1,8,4,0,"1 -> 0 -> 0",TRUE,TRUE,"Currently enrolled"
100691,"A_2020",1,1,1,1,0,0,8,3,0,"1 -> 1 -> 0",TRUE,TRUE,"Not currently enrolled; completion or exit unknown"
100692,"A_2020",1,1,1,1,0,1,8,4,0,"1 -> 1 -> 0",TRUE,TRUE,"Currently enrolled"
100693,"A_2020",0,0,1,0,0,0,6,1,0,"1 -> 0 -> 0",TRUE,TRUE,"Not currently enrolled; completion or exit unknown"
100695,"A_2020",1,1,1,0,0,0,6,2,0,"1 -> 0 -> 0",TRUE,TRUE,"Not currently enrolled; completion or exit unknown"
100696,"A_2020",1,1,1,1,0,1,7,4,0,"1 -> 1 -> 0",TRUE,TRUE,"Currently enrolled"
100701,"A_2020",0,0,1,1,0,0,8,3,0,"1 -> 1 -> 0",TRUE,TRUE,"Not currently enrolled; completion or exit unknown"
100704,"A_2020",1,0,1,1,0,0,11,3,0,"1 -> 1 -> 0",TRUE,TRUE,"Not currently enrolled; completion or exit unknown"
100706,"A_2020",1,1,1,1,0,1,10,6,0,"1 -> 1 -> 0",TRUE,TRUE,"Currently enrolled"
100710,"A_2020",0,0,1,0,0,1,8,4,0,"1 -> 0 -> 0",TRUE,TRUE,"Currently enrolled"
100715,"A_2020",1,0,1,1,0,1,7,4,0,"1 -> 1 -> 0",TRUE,TRUE,"Currently enrolled"
100716,"A_2020",0,1,1,1,0,1,8,4,0,"1 -> 1 -> 0",TRUE,TRUE,"Currently enrolled"
100723,"A_2020",1,1,1,1,0,0,7,3,0,"1 -> 1 -> 0",TRUE,TRUE,"Not currently enrolled; completion or exit unknown"
100731,"A_2020",1,0,1,1,0,0,6,3,0,"1 -> 1 -> 0",TRUE,TRUE,"Not currently enrolled; completion or exit unknown"
100732,"B_2018",1,0,1,1,0,0,7,2,0,"1 -> 1 -> 0",TRUE,TRUE,"Not currently enrolled; completion or exit unknown"
100733,"A_2020",1,0,1,0,0,1,6,3,0,"1 -> 0 -> 0",TRUE,TRUE,"Currently enrolled"
100735,"A_2020",0,0,1,1,0,0,6,2,0,"1 -> 1 -> 0",TRUE,TRUE,"Not currently enrolled; completion or exit unknown"
100736,"A_2020",1,0,1,1,0,0,11,3,0,"1 -> 1 -> 0",TRUE,TRUE,"Not currently enrolled; completion or exit unknown"
100739,"A_2020",0,1,1,0,0,1,7,4,0,"1 -> 0 -> 0",TRUE,TRUE,"Currently enrolled"
100741,"A_2020",0,0,1,0,0,1,8,4,0,"1 -> 0 -> 0",TRUE,TRUE,"Currently enrolled"
100750,"A_2020",1,0,1,0,0,1,7,4,0,"1 -> 0 -> 0",TRUE,TRUE,"Currently enrolled"
100752,"A_2020",1,0,1,1,0,0,8,3,0,"1 -> 1 -> 0",TRUE,TRUE,"Not currently enrolled; completion or exit unknown"
100760,"A_2020",0,0,1,0,0,1,7,3,0,"1 -> 0 -> 0",TRUE,TRUE,"Currently enrolled"
100765,"A_2022",0,1,1,0,0,1,6,2,0,"1 -> 0 -> 0",TRUE,TRUE,"Currently enrolled"
100769,"A_2020",0,1,1,1,0,0,11,3,0,"1 -> 1 -> 0",TRUE,TRUE,"Not currently enrolled; completion or exit unknown"
100771,"A_2020",1,0,1,1,0,0,8,3,0,"1 -> 1 -> 0",TRUE,TRUE,"Not currently enrolled; completion or exit unknown"
100772,"A_2022",0,1,1,0,0,1,6,2,0,"1 -> 0 -> 0",TRUE,TRUE,"Currently enrolled"
100778,"A_2020",0,1,1,1,0,1,8,4,0,"1 -> 1 -> 0",TRUE,TRUE,"Currently enrolled"
100785,"A_2020",0,0,1,0,0,1,8,4,0,"1 -> 0 -> 0",TRUE,TRUE,"Currently enrolled"
100788,"A_2020",0,0,1,1,0,1,8,4,0,"1 -> 1 -> 0",TRUE,TRUE,"Currently enrolled"
100792,"A_2020",1,1,1,1,0,0,6,2,0,"1 -> 1 -> 0",TRUE,TRUE,"Not currently enrolled; completion or exit unknown"
100794,"A_2020",1,1,1,0,0,0,6,1,0,"1 -> 0 -> 0",TRUE,TRUE,"Not currently enrolled; completion or exit unknown"
100799,"B_2018",1,0,1,1,0,0,8,3,0,"1 -> 1 -> 0",TRUE,TRUE,"Not currently enrolled; completion or exit unknown"
100810,"A_2020",0,0,1,0,0,0,9,3,0,"1 -> 0 -> 0",TRUE,TRUE,"Not currently enrolled; completion or exit unknown"
100811,"A_2020",0,0,1,1,0,1,7,4,0,"1 -> 1 -> 0",TRUE,TRUE,"Currently enrolled"
100813,"A_2022",1,0,1,0,0,1,6,2,0,"1 -> 0 -> 0",TRUE,TRUE,"Currently enrolled"
100821,"A_2022",0,1,1,0,0,1,6,2,0,"1 -> 0 -> 0",TRUE,TRUE,"Currently enrolled"
100822,"A_2020",0,1,1,0,0,0,7,2,0,"1 -> 0 -> 0",TRUE,TRUE,"Not currently enrolled; completion or exit unknown"
100824,"A_2020",0,1,1,1,0,1,8,4,0,"1 -> 1 -> 0",TRUE,TRUE,"Currently enrolled"
100826,"A_2020",0,1,1,1,0,1,7,3,0,"1 -> 1 -> 0",TRUE,TRUE,"Currently enrolled"
100834,"A_2020",0,0,1,1,0,0,7,3,0,"1 -> 1 -> 0",TRUE,TRUE,"Not currently enrolled; completion or exit unknown"
100847,"B_2018",1,1,1,0,0,1,7,4,0,"1 -> 0 -> 0",TRUE,TRUE,"Currently enrolled"
100851,"A_2020",1,1,1,1,0,0,8,3,0,"1 -> 1 -> 0",TRUE,TRUE,"Not currently enrolled; completion or exit unknown"
100863,"A_2022",0,1,1,0,0,1,5,2,0,"1 -> 0 -> 0",TRUE,TRUE,"Currently enrolled"
100864,"A_2020",1,1,1,1,0,1,8,4,0,"1 -> 1 -> 0",TRUE,TRUE,"Currently enrolled"
100868,"A_2020",1,0,1,1,0,0,8,3,0,"1 -> 1 -> 0",TRUE,TRUE,"Not currently enrolled; completion or exit unknown"
100874,"A_2020",1,0,1,1,0,1,9,4,0,"1 -> 1 -> 0",TRUE,TRUE,"Currently enrolled"
100875,"A_2020",1,0,1,1,0,0,7,2,0,"1 -> 1 -> 0",TRUE,TRUE,"Not currently enrolled; completion or exit unknown"
100876,"A_2020",0,1,1,1,0,0,8,3,0,"1 -> 1 -> 0",TRUE,TRUE,"Not currently enrolled; completion or exit unknown"
100882,"A_2020",0,1,1,1,0,1,8,4,0,"1 -> 1 -> 0",TRUE,TRUE,"Currently enrolled"
100884,"A_2020",1,0,1,1,0,0,7,3,0,"1 -> 1 -> 0",TRUE,TRUE,"Not currently enrolled; completion or exit unknown"
100885,"A_2020",1,0,1,1,0,1,7,4,0,"1 -> 1 -> 0",TRUE,TRUE,"Currently enrolled"
100891,"A_2022",0,1,1,1,0,1,7,2,0,"1 -> 1 -> 0",TRUE,TRUE,"Currently enrolled"
100893,"A_2020",0,1,1,0,0,1,7,4,0,"1 -> 0 -> 0",TRUE,TRUE,"Currently enrolled"
100899,"B_2018",1,0,1,1,0,1,9,5,0,"1 -> 1 -> 0",TRUE,TRUE,"Currently enrolled"
100903,"A_2020",0,0,1,1,0,0,8,3,0,"1 -> 1 -> 0",TRUE,TRUE,"Not currently enrolled; completion or exit unknown"
100917,"A_2020",1,1,1,1,0,1,7,4,0,"1 -> 1 -> 0",TRUE,TRUE,"Currently enrolled"
100920,"A_2020",1,1,1,1,0,0,6,2,0,"1 -> 1 -> 0",TRUE,TRUE,"Not currently enrolled; completion or exit unknown"
100924,"A_2020",1,1,1,0,0,1,8,4,0,"1 -> 0 -> 0",TRUE,TRUE,"Currently enrolled"
100925,"A_2020",1,0,1,0,0,1,8,4,0,"1 -> 0 -> 0",TRUE,TRUE,"Currently enrolled"
100928,"A_2020",0,0,1,1,0,1,8,4,0,"1 -> 1 -> 0",TRUE,TRUE,"Currently enrolled"
100931,"A_2020",1,0,1,0,0,0,6,1,0,"1 -> 0 -> 0",TRUE,TRUE,"Not currently enrolled; completion or exit unknown"
100936,"A_2020",1,0,1,1,0,0,8,3,0,"1 -> 1 -> 0",TRUE,TRUE,"Not currently enrolled; completion or exit unknown"
100937,"A_2020",0,0,1,0,0,0,5,1,0,"1 -> 0 -> 0",TRUE,TRUE,"Not currently enrolled; completion or exit unknown"
100945,"A_2022",0,1,1,0,0,1,6,3,0,"1 -> 0 -> 0",TRUE,TRUE,"Currently enrolled"
100946,"A_2020",1,0,1,1,0,0,7,3,0,"1 -> 1 -> 0",TRUE,TRUE,"Not currently enrolled; completion or exit unknown"
100948,"A_2020",0,1,1,0,0,0,5,1,0,"1 -> 0 -> 0",TRUE,TRUE,"Not currently enrolled; completion or exit unknown"
100955,"A_2020",0,0,1,1,0,0,8,3,0,"1 -> 1 -> 0",TRUE,TRUE,"Not currently enrolled; completion or exit unknown"
100961,"A_2020",0,1,1,0,0,0,6,1,0,"1 -> 0 -> 0",TRUE,TRUE,"Not currently enrolled; completion or exit unknown"
100968,"A_2020",1,1,1,1,0,0,9,4,0,"1 -> 1 -> 0",TRUE,TRUE,"Not currently enrolled; completion or exit unknown"
100970,"A_2020",0,0,1,0,0,1,8,4,0,"1 -> 0 -> 0",TRUE,TRUE,"Currently enrolled"
100981,"A_2020",1,0,1,1,0,0,8,3,0,"1 -> 1 -> 0",TRUE,TRUE,"Not currently enrolled; completion or exit unknown"
100983,"B_2018",0,0,1,1,0,1,9,6,0,"1 -> 1 -> 0",TRUE,TRUE,"Currently enrolled"
100985,"A_2020",1,1,1,0,0,1,8,4,0,"1 -> 0 -> 0",TRUE,TRUE,"Currently enrolled"
100990,"A_2020",0,1,1,0,0,1,6,4,0,"1 -> 0 -> 0",TRUE,TRUE,"Currently enrolled"
100991,"A_2020",0,0,1,0,0,0,6,1,0,"1 -> 0 -> 0",TRUE,TRUE,"Not currently enrolled; completion or exit unknown"
100997,"A_2020",0,1,1,0,0,1,7,4,0,"1 -> 0 -> 0",TRUE,TRUE,"Currently enrolled"
101000,"A_2020",0,1,0,1,0,0,7,3,0,"0 -> 1 -> 0",FALSE,TRUE,"Not currently enrolled; completion or exit unknown"
101002,"A_2022",0,1,1,0,0,0,6,1,0,"1 -> 0 -> 0",TRUE,TRUE,"Not currently enrolled; completion or exit unknown"
101015,"A_2020",0,1,1,1,0,0,7,2,0,"1 -> 1 -> 0",TRUE,TRUE,"Not currently enrolled; completion or exit unknown"
101016,"A_2020",0,0,1,0,0,0,5,1,0,"1 -> 0 -> 0",TRUE,TRUE,"Not currently enrolled; completion or exit unknown"
101020,"A_2020",0,0,1,1,0,1,8,4,0,"1 -> 1 -> 0",TRUE,TRUE,"Currently enrolled"
101023,"A_2020",1,0,1,1,0,0,7,2,0,"1 -> 1 -> 0",TRUE,TRUE,"Not currently enrolled; completion or exit unknown"
101024,"A_2020",0,1,1,0,0,0,5,1,0,"1 -> 0 -> 0",TRUE,TRUE,"Not currently enrolled; completion or exit unknown"
101028,"A_2020",0,1,1,1,0,1,8,4,0,"1 -> 1 -> 0",TRUE,TRUE,"Currently enrolled"
101032,"A_2020",0,0,1,0,0,1,8,4,0,"1 -> 0 -> 0",TRUE,TRUE,"Currently enrolled"
101034,"A_2020",0,0,1,1,0,1,7,4,0,"1 -> 1 -> 0",TRUE,TRUE,"Currently enrolled"
101037,"A_2020",1,1,1,0,0,0,7,2,0,"1 -> 0 -> 0",TRUE,TRUE,"Not currently enrolled; completion or exit unknown"
101038,"A_2020",0,0,1,1,0,1,8,4,0,"1 -> 1 -> 0",TRUE,TRUE,"Currently enrolled"
101039,"A_2020",0,1,1,0,0,1,8,4,0,"1 -> 0 -> 0",TRUE,TRUE,"Currently enrolled"
101042,"A_2020",1,1,1,1,0,1,8,4,0,"1 -> 1 -> 0",TRUE,TRUE,"Currently enrolled"
101046,"B_2018",1,1,1,1,0,0,8,4,0,"1 -> 1 -> 0",TRUE,TRUE,"Not currently enrolled; completion or exit unknown"
101049,"A_2020",0,0,1,1,0,0,7,3,0,"1 -> 1 -> 0",TRUE,TRUE,"Not currently enrolled; completion or exit unknown"
101052,"A_2022",0,1,1,0,0,1,6,2,0,"1 -> 0 -> 0",TRUE,TRUE,"Currently enrolled"
101053,"A_2020",0,0,1,0,0,0,6,1,0,"1 -> 0 -> 0",TRUE,TRUE,"Not currently enrolled; completion or exit unknown"
101057,"A_2020",1,0,1,1,0,0,8,3,0,"1 -> 1 -> 0",TRUE,TRUE,"Not currently enrolled; completion or exit unknown"
101060,"A_2020",1,1,1,0,0,0,6,1,0,"1 -> 0 -> 0",TRUE,TRUE,"Not currently enrolled; completion or exit unknown"
101070,"A_2020",0,1,1,0,0,0,6,1,0,"1 -> 0 -> 0",TRUE,TRUE,"Not currently enrolled; completion or exit unknown"
101072,"A_2020",1,1,1,1,0,1,7,3,0,"1 -> 1 -> 0",TRUE,TRUE,"Currently enrolled"
101076,"A_2020",0,1,1,1,0,1,8,4,0,"1 -> 1 -> 0",TRUE,TRUE,"Currently enrolled"
101082,"A_2020",0,1,1,0,0,0,5,1,0,"1 -> 0 -> 0",TRUE,TRUE,"Not currently enrolled; completion or exit unknown"
101085,"A_2020",0,1,1,0,0,1,8,4,0,"1 -> 0 -> 0",TRUE,TRUE,"Currently enrolled"
101086,"A_2020",0,1,1,0,0,1,7,4,0,"1 -> 0 -> 0",TRUE,TRUE,"Currently enrolled"
101090,"A_2020",1,0,1,1,0,0,8,3,0,"1 -> 1 -> 0",TRUE,TRUE,"Not currently enrolled; completion or exit unknown"
101092,"A_2020",1,1,1,0,0,0,6,1,0,"1 -> 0 -> 0",TRUE,TRUE,"Not currently enrolled; completion or exit unknown"
101093,"A_2020",1,0,1,1,0,1,8,4,0,"1 -> 1 -> 0",TRUE,TRUE,"Currently enrolled"
101094,"A_2020",1,0,1,0,0,1,8,4,0,"1 -> 0 -> 0",TRUE,TRUE,"Currently enrolled"
101099,"A_2022",0,1,1,0,0,1,6,2,0,"1 -> 0 -> 0",TRUE,TRUE,"Currently enrolled"
101103,"A_2020",0,0,1,1,0,0,8,3,0,"1 -> 1 -> 0",TRUE,TRUE,"Not currently enrolled; completion or exit unknown"
101110,"A_2020",1,1,1,1,0,0,7,2,0,"1 -> 1 -> 0",TRUE,TRUE,"Not currently enrolled; completion or exit unknown"
101111,"A_2022",0,1,1,0,0,1,5,2,0,"1 -> 0 -> 0",TRUE,TRUE,"Currently enrolled"
101116,"A_2020",1,1,1,0,0,1,7,4,0,"1 -> 0 -> 0",TRUE,TRUE,"Currently enrolled"
101117,"A_2020",0,1,1,0,0,1,8,4,0,"1 -> 0 -> 0",TRUE,TRUE,"Currently enrolled"
101124,"A_2020",0,1,1,1,0,0,7,2,0,"1 -> 1 -> 0",TRUE,TRUE,"Not currently enrolled; completion or exit unknown"
101128,"A_2020",1,0,1,1,0,1,8,4,0,"1 -> 1 -> 0",TRUE,TRUE,"Currently enrolled"
101130,"A_2020",0,1,1,0,0,1,6,4,0,"1 -> 0 -> 0",TRUE,TRUE,"Currently enrolled"
101131,"A_2020",0,0,1,1,0,1,9,4,0,"1 -> 1 -> 0",TRUE,TRUE,"Currently enrolled"
101132,"A_2020",1,0,1,0,0,0,6,1,0,"1 -> 0 -> 0",TRUE,TRUE,"Not currently enrolled; completion or exit unknown"
101138,"A_2020",1,0,1,1,0,1,8,4,0,"1 -> 1 -> 0",TRUE,TRUE,"Currently enrolled"
101145,"B_2018",1,1,1,1,0,0,7,2,0,"1 -> 1 -> 0",TRUE,TRUE,"Not currently enrolled; completion or exit unknown"
101147,"A_2022",0,0,1,0,0,0,6,1,0,"1 -> 0 -> 0",TRUE,TRUE,"Not currently enrolled; completion or exit unknown"
101152,"B_2018",1,1,1,0,0,1,8,6,0,"1 -> 0 -> 0",TRUE,TRUE,"Currently enrolled"
101159,"A_2022",0,1,1,0,0,1,6,,,"1 -> 0 -> 0",TRUE,TRUE,"Currently enrolled"
101165,"A_2020",0,1,1,0,0,1,9,4,0,"1 -> 0 -> 0",TRUE,TRUE,"Currently enrolled"
101170,"A_2022",1,1,1,0,0,1,6,2,0,"1 -> 0 -> 0",TRUE,TRUE,"Currently enrolled"
101172,"A_2020",0,1,1,1,0,0,7,2,0,"1 -> 1 -> 0",TRUE,TRUE,"Not currently enrolled; completion or exit unknown"
101177,"A_2020",0,0,1,1,0,0,7,2,0,"1 -> 1 -> 0",TRUE,TRUE,"Not currently enrolled; completion or exit unknown"
101182,"A_2020",1,1,1,1,0,0,8,3,0,"1 -> 1 -> 0",TRUE,TRUE,"Not currently enrolled; completion or exit unknown"
101187,"A_2020",0,1,1,0,0,1,7,4,0,"1 -> 0 -> 0",TRUE,TRUE,"Currently enrolled"
101188,"A_2020",0,0,1,1,0,0,6,2,0,"1 -> 1 -> 0",TRUE,TRUE,"Not currently enrolled; completion or exit unknown"
101189,"A_2022",0,1,1,0,0,1,6,2,0,"1 -> 0 -> 0",TRUE,TRUE,"Currently enrolled"
101190,"A_2020",0,1,1,0,0,1,7,4,1,"1 -> 0 -> 0",TRUE,TRUE,"Currently enrolled"
101192,"A_2020",0,1,1,1,0,1,8,3,0,"1 -> 1 -> 0",TRUE,TRUE,"Currently enrolled"
101194,"B_2018",1,1,1,1,0,0,8,3,0,"1 -> 1 -> 0",TRUE,TRUE,"Not currently enrolled; completion or exit unknown"
101197,"A_2020",0,0,1,0,0,1,8,4,0,"1 -> 0 -> 0",TRUE,TRUE,"Currently enrolled"
101200,"A_2020",1,1,1,1,0,0,7,3,0,"1 -> 1 -> 0",TRUE,TRUE,"Not currently enrolled; completion or exit unknown"
101201,"A_2020",0,1,1,0,0,1,7,4,0,"1 -> 0 -> 0",TRUE,TRUE,"Currently enrolled"
101202,"A_2020",0,1,1,0,0,1,7,4,0,"1 -> 0 -> 0",TRUE,TRUE,"Currently enrolled"
101204,"A_2020",1,0,1,0,0,1,8,4,0,"1 -> 0 -> 0",TRUE,TRUE,"Currently enrolled"
101208,"A_2020",0,0,1,0,0,1,7,4,0,"1 -> 0 -> 0",TRUE,TRUE,"Currently enrolled"
101209,"A_2020",0,1,1,0,0,1,8,4,0,"1 -> 0 -> 0",TRUE,TRUE,"Currently enrolled"
101212,"A_2020",1,0,1,1,0,0,8,3,0,"1 -> 1 -> 0",TRUE,TRUE,"Not currently enrolled; completion or exit unknown"
101214,"B_2018",1,1,1,0,0,0,5,1,0,"1 -> 0 -> 0",TRUE,TRUE,"Not currently enrolled; completion or exit unknown"
101218,"A_2020",0,0,1,0,0,1,6,3,0,"1 -> 0 -> 0",TRUE,TRUE,"Currently enrolled"
101221,"A_2020",0,0,1,1,0,1,9,4,0,"1 -> 1 -> 0",TRUE,TRUE,"Currently enrolled"
101231,"A_2020",0,0,1,1,0,1,8,4,0,"1 -> 1 -> 0",TRUE,TRUE,"Currently enrolled"
101234,"A_2020",1,0,1,1,0,0,8,4,0,"1 -> 1 -> 0",TRUE,TRUE,"Not currently enrolled; completion or exit unknown"
101235,"A_2022",0,0,1,0,0,1,6,2,1,"1 -> 0 -> 0",TRUE,TRUE,"Currently enrolled"
101239,"A_2020",0,1,1,0,0,1,7,3,0,"1 -> 0 -> 0",TRUE,TRUE,"Currently enrolled"
101241,"A_2020",0,0,1,1,0,1,8,4,0,"1 -> 1 -> 0",TRUE,TRUE,"Currently enrolled"
101242,"A_2020",0,0,1,1,0,0,8,3,0,"1 -> 1 -> 0",TRUE,TRUE,"Not currently enrolled; completion or exit unknown"
101248,"A_2020",1,1,1,1,0,1,7,4,0,"1 -> 1 -> 0",TRUE,TRUE,"Currently enrolled"
101249,"A_2020",0,1,1,1,0,0,6,2,0,"1 -> 1 -> 0",TRUE,TRUE,"Not currently enrolled; completion or exit unknown"
101252,"A_2022",0,0,1,0,0,1,6,2,0,"1 -> 0 -> 0",TRUE,TRUE,"Currently enrolled"
101258,"A_2020",0,1,1,0,0,1,7,4,0,"1 -> 0 -> 0",TRUE,TRUE,"Currently enrolled"
101259,"A_2020",1,0,1,1,0,0,7,4,0,"1 -> 1 -> 0",TRUE,TRUE,"Not currently enrolled; completion or exit unknown"
101268,"A_2020",1,1,1,1,0,1,7,3,0,"1 -> 1 -> 0",TRUE,TRUE,"Currently enrolled"
101270,"B_2018",0,0,1,1,0,1,9,6,0,"1 -> 1 -> 0",TRUE,TRUE,"Currently enrolled"
101272,"A_2020",0,0,1,0,0,1,8,4,0,"1 -> 0 -> 0",TRUE,TRUE,"Currently enrolled"
101279,"A_2022",0,0,1,1,0,1,6,2,0,"1 -> 1 -> 0",TRUE,TRUE,"Currently enrolled"
101288,"A_2020",1,0,1,0,0,1,7,4,0,"1 -> 0 -> 0",TRUE,TRUE,"Currently enrolled"
101289,"A_2020",0,0,1,1,0,1,8,4,0,"1 -> 1 -> 0",TRUE,TRUE,"Currently enrolled"
101291,"A_2020",1,1,1,0,0,0,6,2,0,"1 -> 0 -> 0",TRUE,TRUE,"Not currently enrolled; completion or exit unknown"
101295,"A_2022",0,0,1,0,0,1,6,2,0,"1 -> 0 -> 0",TRUE,TRUE,"Currently enrolled"
101296,"A_2020",0,0,1,0,0,0,6,1,0,"1 -> 0 -> 0",TRUE,TRUE,"Not currently enrolled; completion or exit unknown"
101298,"A_2020",1,1,1,0,0,1,5,2,0,"1 -> 0 -> 0",TRUE,TRUE,"Currently enrolled"
101299,"A_2020",0,1,1,1,0,1,8,4,0,"1 -> 1 -> 0",TRUE,TRUE,"Currently enrolled"
101300,"A_2020",0,1,1,1,0,0,8,3,0,"1 -> 1 -> 0",TRUE,TRUE,"Not currently enrolled; completion or exit unknown"
101301,"A_2020",0,0,1,0,0,1,7,4,0,"1 -> 0 -> 0",TRUE,TRUE,"Currently enrolled"
101302,"A_2020",0,0,1,1,0,0,7,2,0,"1 -> 1 -> 0",TRUE,TRUE,"Not currently enrolled; completion or exit unknown"
101311,"A_2020",0,1,1,0,0,1,7,4,0,"1 -> 0 -> 0",TRUE,TRUE,"Currently enrolled"
101313,"A_2022",0,1,1,0,0,1,6,2,0,"1 -> 0 -> 0",TRUE,TRUE,"Currently enrolled"
101317,"A_2020",0,0,1,0,0,1,8,4,0,"1 -> 0 -> 0",TRUE,TRUE,"Currently enrolled"
101319,"A_2020",1,0,1,0,0,1,8,4,0,"1 -> 0 -> 0",TRUE,TRUE,"Currently enrolled"
101321,"A_2020",0,0,1,0,0,0,7,3,0,"1 -> 0 -> 0",TRUE,TRUE,"Not currently enrolled; completion or exit unknown"
101322,"A_2020",0,0,1,0,0,1,7,4,0,"1 -> 0 -> 0",TRUE,TRUE,"Currently enrolled"
101323,"A_2020",0,1,1,0,0,0,8,3,0,"1 -> 0 -> 0",TRUE,TRUE,"Not currently enrolled; completion or exit unknown"
101325,"B_2018",1,1,1,0,0,0,7,3,0,"1 -> 0 -> 0",TRUE,TRUE,"Not currently enrolled; completion or exit unknown"
101327,"A_2020",0,0,1,0,0,1,7,3,0,"1 -> 0 -> 0",TRUE,TRUE,"Currently enrolled"
101330,"A_2020",0,1,1,1,0,1,9,5,0,"1 -> 1 -> 0",TRUE,TRUE,"Currently enrolled"
101332,"A_2022",0,0,1,0,0,1,7,2,0,"1 -> 0 -> 0",TRUE,TRUE,"Currently enrolled"
101335,"B_2018",1,1,1,1,0,0,7,2,0,"1 -> 1 -> 0",TRUE,TRUE,"Not currently enrolled; completion or exit unknown"
101337,"A_2020",0,0,1,0,0,1,7,4,0,"1 -> 0 -> 0",TRUE,TRUE,"Currently enrolled"
101340,"A_2020",0,1,1,1,0,1,8,4,1,"1 -> 1 -> 0",TRUE,TRUE,"Currently enrolled"
101342,"A_2020",1,0,1,0,0,1,7,4,0,"1 -> 0 -> 0",TRUE,TRUE,"Currently enrolled"
101345,"A_2020",0,0,1,0,0,1,7,4,0,"1 -> 0 -> 0",TRUE,TRUE,"Currently enrolled"
101346,"A_2020",1,1,1,1,0,0,8,3,0,"1 -> 1 -> 0",TRUE,TRUE,"Not currently enrolled; completion or exit unknown"
101348,"A_2020",1,0,1,0,0,0,6,1,0,"1 -> 0 -> 0",TRUE,TRUE,"Not currently enrolled; completion or exit unknown"
101349,"A_2020",1,1,1,0,0,0,5,1,0,"1 -> 0 -> 0",TRUE,TRUE,"Not currently enrolled; completion or exit unknown"
101352,"A_2020",0,0,1,1,0,0,6,2,0,"1 -> 1 -> 0",TRUE,TRUE,"Not currently enrolled; completion or exit unknown"
101354,"A_2020",1,0,1,1,0,0,6,2,0,"1 -> 1 -> 0",TRUE,TRUE,"Not currently enrolled; completion or exit unknown"
101355,"A_2022",0,1,1,0,0,0,5,1,0,"1 -> 0 -> 0",TRUE,TRUE,"Not currently enrolled; completion or exit unknown"
101364,"A_2020",0,1,1,0,0,0,5,1,0,"1 -> 0 -> 0",TRUE,TRUE,"Not currently enrolled; completion or exit unknown"
101365,"A_2020",0,1,1,0,0,1,6,4,0,"1 -> 0 -> 0",TRUE,TRUE,"Currently enrolled"
101369,"A_2020",1,1,1,1,0,0,8,4,0,"1 -> 1 -> 0",TRUE,TRUE,"Not currently enrolled; completion or exit unknown"
101372,"A_2022",1,1,1,0,0,1,6,2,0,"1 -> 0 -> 0",TRUE,TRUE,"Currently enrolled"
101373,"A_2020",1,1,1,0,0,0,6,1,0,"1 -> 0 -> 0",TRUE,TRUE,"Not currently enrolled; completion or exit unknown"
101376,"A_2022",0,0,1,0,0,1,6,2,0,"1 -> 0 -> 0",TRUE,TRUE,"Currently enrolled"
101378,"A_2020",0,1,1,0,0,0,5,1,0,"1 -> 0 -> 0",TRUE,TRUE,"Not currently enrolled; completion or exit unknown"
101380,"A_2020",0,0,1,1,0,1,7,4,1,"1 -> 1 -> 0",TRUE,TRUE,"Currently enrolled"
101385,"A_2020",0,0,1,1,0,1,7,4,0,"1 -> 1 -> 0",TRUE,TRUE,"Currently enrolled"
101387,"B_2018",0,0,1,1,0,1,8,6,0,"1 -> 1 -> 0",TRUE,TRUE,"Currently enrolled"
101393,"B_2018",0,1,1,0,0,1,8,5,0,"1 -> 0 -> 0",TRUE,TRUE,"Currently enrolled"
101397,"B_2018",1,0,1,1,0,0,9,4,0,"1 -> 1 -> 0",TRUE,TRUE,"Not currently enrolled; completion or exit unknown"
101401,"A_2020",0,0,1,1,0,1,8,4,0,"1 -> 1 -> 0",TRUE,TRUE,"Currently enrolled"
101409,"A_2020",1,1,1,1,0,1,8,4,0,"1 -> 1 -> 0",TRUE,TRUE,"Currently enrolled"
101412,"A_2020",1,0,1,1,0,0,7,2,0,"1 -> 1 -> 0",TRUE,TRUE,"Not currently enrolled; completion or exit unknown"
101418,"A_2020",1,1,1,0,0,1,7,4,0,"1 -> 0 -> 0",TRUE,TRUE,"Currently enrolled"
101422,"A_2020",0,0,1,1,0,1,8,4,0,"1 -> 1 -> 0",TRUE,TRUE,"Currently enrolled"
101423,"A_2020",0,1,1,1,0,0,7,2,0,"1 -> 1 -> 0",TRUE,TRUE,"Not currently enrolled; completion or exit unknown"
101424,"A_2020",0,1,1,0,0,1,7,4,0,"1 -> 0 -> 0",TRUE,TRUE,"Currently enrolled"
101434,"A_2020",0,0,1,0,0,1,5,3,0,"1 -> 0 -> 0",TRUE,TRUE,"Currently enrolled"
101441,"A_2020",0,1,1,0,0,1,5,3,0,"1 -> 0 -> 0",TRUE,TRUE,"Currently enrolled"
101446,"A_2020",1,0,1,1,0,0,8,3,0,"1 -> 1 -> 0",TRUE,TRUE,"Not currently enrolled; completion or exit unknown"
101448,"A_2020",0,1,1,1,0,1,7,4,0,"1 -> 1 -> 0",TRUE,TRUE,"Currently enrolled"
101451,"A_2020",1,1,1,0,0,0,6,3,0,"1 -> 0 -> 0",TRUE,TRUE,"Not currently enrolled; completion or exit unknown"
101452,"A_2020",1,1,1,0,0,0,6,1,0,"1 -> 0 -> 0",TRUE,TRUE,"Not currently enrolled; completion or exit unknown"
101455,"A_2020",0,1,1,1,0,0,6,2,0,"1 -> 1 -> 0",TRUE,TRUE,"Not currently enrolled; completion or exit unknown"
101457,"A_2020",0,0,1,1,0,0,7,3,0,"1 -> 1 -> 0",TRUE,TRUE,"Not currently enrolled; completion or exit unknown"
101459,"A_2020",1,1,1,0,0,0,6,1,0,"1 -> 0 -> 0",TRUE,TRUE,"Not currently enrolled; completion or exit unknown"
101461,"A_2020",1,1,1,0,0,1,5,2,0,"1 -> 0 -> 0",TRUE,TRUE,"Currently enrolled"
101467,"A_2020",0,1,1,0,0,1,8,4,0,"1 -> 0 -> 0",TRUE,TRUE,"Currently enrolled"
101469,"A_2020",1,1,1,1,0,0,8,4,0,"1 -> 1 -> 0",TRUE,TRUE,"Not currently enrolled; completion or exit unknown"
101479,"A_2020",0,0,0,1,0,0,9,2,0,"0 -> 1 -> 0",FALSE,TRUE,"Not currently enrolled; completion or exit unknown"
101485,"A_2020",1,1,1,1,0,0,7,2,0,"1 -> 1 -> 0",TRUE,TRUE,"Not currently enrolled; completion or exit unknown"
101486,"A_2020",0,0,1,1,0,0,7,2,0,"1 -> 1 -> 0",TRUE,TRUE,"Not currently enrolled; completion or exit unknown"
101488,"B_2018",0,1,1,1,0,0,9,4,0,"1 -> 1 -> 0",TRUE,TRUE,"Not currently enrolled; completion or exit unknown"
101498,"A_2020",0,0,1,0,0,0,7,4,0,"1 -> 0 -> 0",TRUE,TRUE,"Not currently enrolled; completion or exit unknown"
101503,"A_2022",1,0,0,1,0,0,6,3,0,"0 -> 1 -> 0",FALSE,TRUE,"Not currently enrolled; completion or exit unknown"
101519,"A_2020",0,1,1,0,0,0,5,1,0,"1 -> 0 -> 0",TRUE,TRUE,"Not currently enrolled; completion or exit unknown"
101521,"A_2020",0,0,1,1,0,1,8,4,0,"1 -> 1 -> 0",TRUE,TRUE,"Currently enrolled"
101523,"A_2020",0,1,1,0,0,0,5,1,0,"1 -> 0 -> 0",TRUE,TRUE,"Not currently enrolled; completion or exit unknown"
101528,"B_2018",1,0,1,1,0,0,8,3,0,"1 -> 1 -> 0",TRUE,TRUE,"Not currently enrolled; completion or exit unknown"
101540,"A_2020",0,0,1,0,0,0,7,2,0,"1 -> 0 -> 0",TRUE,TRUE,"Not currently enrolled; completion or exit unknown"
101547,"A_2020",1,0,1,1,0,1,8,4,0,"1 -> 1 -> 0",TRUE,TRUE,"Currently enrolled"
101550,"A_2020",0,1,1,0,0,0,6,1,0,"1 -> 0 -> 0",TRUE,TRUE,"Not currently enrolled; completion or exit unknown"
101570,"A_2020",0,1,1,0,0,0,5,2,0,"1 -> 0 -> 0",TRUE,TRUE,"Not currently enrolled; completion or exit unknown"
101573,"A_2020",0,0,1,0,0,0,5,1,0,"1 -> 0 -> 0",TRUE,TRUE,"Not currently enrolled; completion or exit unknown"
101574,"B_2018",1,0,1,0,0,1,8,6,0,"1 -> 0 -> 0",TRUE,TRUE,"Currently enrolled"
101577,"A_2020",0,1,1,0,0,1,8,4,0,"1 -> 0 -> 0",TRUE,TRUE,"Currently enrolled"
101583,"A_2020",0,0,1,0,0,1,7,4,0,"1 -> 0 -> 0",TRUE,TRUE,"Currently enrolled"
101584,"A_2020",1,1,1,0,0,1,5,2,0,"1 -> 0 -> 0",TRUE,TRUE,"Currently enrolled"
101585,"A_2020",0,0,1,1,0,1,8,4,0,"1 -> 1 -> 0",TRUE,TRUE,"Currently enrolled"
101586,"A_2020",1,0,1,0,0,1,7,4,0,"1 -> 0 -> 0",TRUE,TRUE,"Currently enrolled"
101592,"A_2020",0,0,1,0,0,1,6,4,0,"1 -> 0 -> 0",TRUE,TRUE,"Currently enrolled"
101593,"A_2020",1,0,1,0,0,0,6,3,0,"1 -> 0 -> 0",TRUE,TRUE,"Not currently enrolled; completion or exit unknown"
101601,"A_2020",0,0,1,1,0,1,8,4,0,"1 -> 1 -> 0",TRUE,TRUE,"Currently enrolled"
101608,"A_2020",1,1,1,0,0,1,5,2,0,"1 -> 0 -> 0",TRUE,TRUE,"Currently enrolled"
101609,"A_2020",0,1,1,0,0,0,6,1,0,"1 -> 0 -> 0",TRUE,TRUE,"Not currently enrolled; completion or exit unknown"
101610,"A_2020",1,0,1,1,0,1,8,4,0,"1 -> 1 -> 0",TRUE,TRUE,"Currently enrolled"
101616,"A_2020",1,0,1,1,0,1,7,4,0,"1 -> 1 -> 0",TRUE,TRUE,"Currently enrolled"
