effect,se,low,high,p,group,n,outcome
0.04843213898690435,0.02386408480131563,0.0016593922523173155,0.09520488572149138,0.04240747902629012,female,1607,in_school_now
-0.011120813695823628,0.026414120199483145,-0.06289153797012112,0.040649910578473857,0.6737421138686372,male,1607,in_school_now
-0.05955295268272798,0.03559775680175827,-0.129323273944588,0.010217368579132052,0.09433887923393339,male_minus_female,1607,in_school_now
0.19031194481751812,0.03294603300158001,0.125738906700955,0.25488498293408124,7.628170886554373e-09,female,1600,in_private_now
0.12835040944043324,0.03451379810998087,0.06070460817518601,0.19599621070568046,0.00020016004967196102,male,1600,in_private_now
-0.061961535377084875,0.04771418395527391,-0.15547961748113806,0.03155654672696831,0.19408198572332316,male_minus_female,1600,in_private_now
0.17691103641407802,0.05736822984129746,0.06447137206832211,0.28935070075983393,0.00204388238500555,female,1618,highest_grade
0.07447335932924237,0.07051177398533763,-0.06372717816804388,0.21267389682652862,0.2908844712189172,male,1618,highest_grade
-0.10243767708483564,0.0909011774713797,-0.2806007110810187,0.07572535691134741,0.2597794595452973,male_minus_female,1618,highest_grade
-0.04312191792042091,0.02773726429085425,-0.09748595696016267,0.011242121119320853,0.12002790244149325,female,1610,total_repeats
-0.0700801190725063,0.034827158711767794,-0.1383400958314297,-0.0018201423135829203,0.044196104383846996,male,1610,total_repeats
-0.026958201152085394,0.044522879671864905,-0.11422144179694871,0.060305039492777913,0.5448528294952977,male_minus_female,1610,total_repeats
0.5720849885465622,0.02587681206026325,0.5213673688737359,0.6228026082193885,2.6464669976564593e-108,female,1610,receiving_aid_now
0.47355508482070807,0.02719843125873842,0.4202471391175938,0.5268630305238223,6.794451066140314e-68,male,1610,receiving_aid_now
-0.09852990372585413,0.03754149791015943,-0.17210988755545029,-0.02494991989625797,0.008676107280792322,male_minus_female,1610,receiving_aid_now
0.07397280038691359,0.021171782080569263,0.032476870020468486,0.1154687307533587,0.0004759594150651281,female,1600,started_g6_private
0.05632220302773405,0.023819995560134023,0.00963586961796866,0.10300853643749944,0.01805478846533897,male,1600,started_g6_private
-0.017650597359179537,0.0318690530915482,-0.08011279364000716,0.044811598921648085,0.5796831748614016,male_minus_female,1600,started_g6_private
0.17896129110497525,0.029169791857038142,0.12178954962865232,0.23613303258129817,8.507442871487076e-10,female,1600,started_g7_private
0.158812055147732,0.03173105606209923,0.09662032807459786,0.22100378222086614,5.587921946552288e-07,male,1600,started_g7_private
-0.020149235957243244,0.043101469531780616,-0.1046265639202814,0.06432809200579491,0.6401538263568846,male_minus_female,1600,started_g7_private
0.027505153380556285,0.01405042218511537,-3.3168069851652326e-05,0.05504347483096422,0.05027657529155357,female,1610,finished_g6
0.014100988527207453,0.01949281284216305,-0.024104222600810923,0.05230619965522583,0.4694377091262653,male,1610,finished_g6
-0.013404164853348832,0.02402881844951139,-0.06049978360544144,0.03369145389874378,0.5769556702024554,male_minus_female,1610,finished_g6
0.03179554835840959,0.021302451012256786,-0.009956488408041385,0.07354758512486056,0.13554794842121726,female,1610,finished_g7
0.011510499597165807,0.025810180785862308,-0.03907652517759064,0.062097524371922244,0.6556207840215131,male,1610,finished_g7
-0.02028504876124378,0.033465801220477244,-0.08587681386715396,0.0453067163446664,0.5444200450589023,male_minus_female,1610,finished_g7
0.08620321637993522,0.027531107397756688,0.03224323742582935,0.1401631953340411,0.001741406569649824,female,1610,finished_g8
0.07338570510269382,0.031134366212026185,0.01236346864564343,0.13440794155974423,0.018420053839531644,male,1610,finished_g8
-0.0128175112772414,0.04156092676988051,-0.09427543091031157,0.06864040835582877,0.7577757584548668,male_minus_female,1610,finished_g8
-0.03467756351544976,0.024311145953505038,-0.08232653400721499,0.01297140697631547,0.15375119393232292,female,1598,repeats_g6
-0.06766448422494273,0.030977533616144803,-0.1283793344424637,-0.006949634007421761,0.028939600260466297,male,1598,repeats_g6
-0.03298692070949297,0.03937815900358987,-0.11016669413401864,0.044192852715032704,0.4022015400720151,male_minus_female,1598,repeats_g6
-0.03805010978259007,0.025021163202256187,-0.08709068851030974,0.010990468945129596,0.1283308552613283,female,1610,ever_repeated
-0.06898644141935979,0.028453040435835714,-0.1247533759242581,-0.013219506914461485,0.015326449385846715,male,1610,ever_repeated
-0.030936331636769725,0.03788976270758688,-0.1051989019264068,0.043326238652867353,0.41422417632522174,male_minus_female,1610,ever_repeated
0.153321796624321,0.05949151214420467,0.0367205754358558,0.26992301781278616,0.009960298545137943,female,1610,years_in_school
0.009880411973352154,0.07435538046065292,-0.13585345578629682,0.15561427973300113,0.8942875502130766,male,1610,years_in_school
-0.14344138465096884,0.09522585059033338,-0.3300806222052094,0.04319785290327169,0.1319829409104656,male_minus_female,1610,years_in_school
-0.014505826839581204,0.010553710115140079,-0.03519071856853126,0.006179064889368849,0.1692937921879408,female,1607,married_or_cohab
-0.002532485151798366,0.0025324851517983596,-0.0074960648407054655,0.0024310945371087338,0.3173105078629128,male,1607,married_or_cohab
0.011973341687782838,0.010853307248875302,-0.009298749633159664,0.03324543300872534,0.2699413962079566,male_minus_female,1607,married_or_cohab
-0.01999365625496371,0.014587673152627455,-0.0485849702523546,0.008597657742427184,0.1705041424690127,female,1606,has_child
0.002241079682952006,0.005525841350047552,-0.008589370347423088,0.013071529713327099,0.6850633356406697,male,1606,has_child
0.022234735937915716,0.015599202884563788,-0.00833913990336179,0.05280861177919322,0.15404842090768386,male_minus_female,1606,has_child
-0.027753464369081722,0.01996899528032956,-0.0668919759259769,0.011385047187813462,0.16458118037129635,female,1610,working
-0.04803273070670906,0.03019403701242982,-0.10721195579893925,0.011146494385521129,0.11165417076329481,male,1610,working
-0.02027926633762734,0.03620000888969237,-0.09122998000145222,0.05067144732619754,0.5753426246409925,male_minus_female,1610,working
-1.5791877886923307,0.5225805772223703,-2.6034268990683005,-0.5549486783163606,0.0025119106731798153,female,1610,hours_worked
-0.9813191829989758,0.9439717141582833,-2.831469745173699,0.8688313791757472,0.298542424912874,male,1610,hours_worked
0.5978686056933549,1.0789685152130222,-1.516870824576768,2.712608035963478,0.5795027031121653,male_minus_female,1610,hours_worked
