applicant_id,municipality,application_year,selected,male,age_at_application,has_phone,ses_stratum,neighborhood
100000,A,2022,0,1,12,1,3,
100001,A,2020,1,1,12,1,2,17
100002,A,2020,1,0,13,1,2,7
100003,A,2020,1,0,13,1,2,19
100004,A,2020,0,0,12,1,1,5
100005,A,2022,1,1,11,1,2,
100006,A,2022,1,0,10,1,3,
100007,A,2020,0,1,11,1,2,19
100008,A,2020,0,0,11,1,2,
100009,A,2020,1,0,12,1,2,18
100010,A,2020,0,0,15,1,2,19
100011,A,2022,1,1,12,1,2,
100012,A,2020,0,1,11,1,2,
100013,A,2020,1,1,11,1,2,15
100014,A,2020,1,1,14,1,,
100015,A,2020,1,0,14,1,1,5
100016,B,2018,1,0,12,0,2,
100017,A,2022,1,0,13,1,2,
100018,A,2020,1,1,12,1,,19
100019,A,2020,0,1,10,1,2,8
100020,A,2022,1,0,12,1,3,
100021,A,2020,0,0,,1,1,
100022,A,2022,0,1,13,1,,
100023,A,2020,0,1,13,1,,19
100024,A,2020,1,1,12,1,3,10
100025,A,2022,0,1,11,1,2,
100026,B,2018,1,0,11,0,1,
100027,A,2020,0,1,12,1,,
100028,A,2020,0,1,14,1,2,
100029,A,2022,0,1,12,1,2,
100030,A,2020,0,0,12,1,2,7
100031,A,2020,1,1,12,1,1,
100032,B,2018,0,0,12,0,2,
100033,A,2022,1,1,13,1,2,
100034,A,2020,1,1,11,1,,1
100035,A,2020,0,0,,1,1,19
100036,A,2020,1,0,11,1,2,
100037,A,2022,1,0,12,1,2,
100038,A,2022,1,0,12,1,,
100039,A,2020,1,1,12,1,5,
100040,A,2020,0,0,15,1,2,5
100041,A,2020,0,0,15,1,1,
100042,A,2020,1,1,15,1,1,6
100043,B,2018,1,1,13,0,,
100044,A,2022,0,1,15,1,3,
100045,B,2018,1,1,10,0,2,
100046,A,2020,1,0,12,1,2,18
100047,B,2018,1,0,11,0,2,
100048,A,2020,0,0,13,1,2,6
100049,A,2020,0,1,10,1,2,7
100050,A,2020,1,0,12,1,2,7
100051,A,2020,1,0,13,1,,
100052,A,2020,1,1,15,1,2,7
100053,B,2018,0,0,14,0,,
100054,A,2020,1,1,,1,2,6
100055,A,2020,1,1,13,1,,17
100056,A,2020,1,1,13,1,4,17
100057,A,2020,1,1,12,1,2,
100058,A,2020,1,1,12,1,3,
100059,A,2020,0,0,12,1,,19
100060,A,2020,1,1,15,1,1,5
100061,A,2022,1,1,12,1,1,
100062,A,2020,1,1,12,1,2,19
100063,B,2018,1,0,12,1,2,
100064,A,2020,0,1,12,1,1,5
100065,A,2020,0,1,12,1,2,19
100066,A,2020,1,0,13,1,2,12
100067,A,2020,1,0,11,1,2,7
100068,A,2020,1,1,15,1,1,
100069,A,2020,1,0,10,1,2,
100070,A,2022,1,0,12,1,,
100071,A,2022,0,0,12,1,2,
100072,A,2020,0,1,,1,2,5
100073,A,2020,0,0,14,1,1,5
100074,A,2020,1,1,14,1,2,19
100075,A,2020,1,0,12,1,2,11
100076,A,2020,1,1,14,1,,19
100077,A,2020,0,1,12,1,,19
100078,A,2020,1,1,16,1,2,12
100079,A,2020,1,1,12,1,1,19
100080,B,2018,0,1,15,1,1,
100081,A,2022,1,0,12,1,2,
100082,A,2020,1,0,12,1,2,
100083,A,2020,1,1,11,1,2,11
100084,A,2020,1,0,,1,,11
100085,A,2020,0,1,14,1,2,10
100086,A,2020,1,0,13,1,2,
100087,A,2022,1,0,13,1,2,
100088,B,2018,1,1,14,1,3,
100089,B,2018,0,1,14,0,2,
100090,A,2022,0,0,10,1,4,
100091,A,2020,1,0,14,1,2,17
100092,A,2020,1,0,13,1,2,17
100093,A,2020,0,0,11,1,2,11
100094,A,2020,0,0,15,1,2,
100095,A,2020,1,1,12,1,,19
100096,A,2020,0,0,12,1,1,5
100097,A,2020,1,0,15,1,4,10
100098,A,2020,1,1,12,1,2,
100099,A,2020,1,0,14,1,,
100100,A,2020,1,1,12,1,2,19
100101,A,2020,0,0,13,1,,
100102,B,2018,0,0,15,1,2,
100103,A,2020,0,0,12,1,2,7
100104,A,2020,1,1,10,1,1,17
100105,B,2018,1,1,12,0,2,
100106,A,2020,1,1,13,1,2,5
100107,A,2022,1,0,13,1,2,
100108,A,2020,0,0,13,1,3,1
100109,A,2020,0,1,13,1,2,19
100110,A,2020,0,0,13,1,3,
100111,A,2020,0,0,12,1,1,
100112,A,2020,0,1,12,1,2,
100113,A,2020,0,1,12,1,2,
100114,B,2018,0,0,12,1,,
100115,A,2020,1,1,12,1,2,17
100116,A,2020,1,1,15,1,2,19
100117,A,2020,0,1,13,1,2,
100118,B,2018,1,0,11,1,2,
100119,A,2020,1,0,14,1,1,5
100120,A,2020,0,0,14,1,,
100121,A,2020,1,0,12,1,,9
100122,A,2020,1,0,14,1,2,19
100123,A,2020,1,1,,1,2,19
100124,A,2020,1,1,18,1,2,19
100125,A,2020,1,1,14,1,3,14
100126,B,2018,1,0,12,1,1,
100127,A,2020,1,0,12,1,,7
100128,A,2022,1,1,14,1,,
100129,A,2020,1,0,12,1,2,
100130,A,2022,0,1,11,1,2,
100131,A,2020,0,1,12,1,1,19
100132,A,2022,1,0,12,1,2,
100133,A,2022,1,1,13,1,2,
100134,A,2020,0,0,11,1,1,18
100135,B,2018,1,1,14,0,4,
100136,A,2020,1,0,12,1,1,19
100137,A,2020,1,0,11,1,1,
100138,A,2020,0,1,13,1,2,19
100139,A,2020,1,1,13,1,1,19
100140,A,2020,0,0,16,1,1,19
100141,A,2020,0,0,13,1,3,10
100142,A,2020,1,1,13,1,3,10
100143,A,2022,1,1,12,1,2,
100144,A,2020,0,0,13,1,2,7
100145,A,2020,1,0,13,1,2,5
100146,A,2022,0,1,12,1,,
100147,A,2020,0,0,13,1,,19
100148,A,2020,0,0,13,1,1,19
100149,B,2018,1,0,14,1,2,
100150,A,2020,1,1,14,1,3,19
100151,A,2020,1,1,11,1,2,12
100152,A,2022,1,1,13,1,2,
100153,A,2020,0,0,14,1,2,6
100154,A,2022,1,0,14,1,3,
100155,A,2022,1,1,16,1,1,
100156,A,2020,1,1,11,1,2,
100157,A,2020,1,1,11,1,3,18
100158,A,2020,0,1,14,1,3,1
100159,A,2022,1,0,13,1,,
100160,A,2020,0,0,16,1,2,7
100161,A,2022,0,0,14,1,2,
100162,A,2020,1,1,12,1,1,
100163,A,2020,0,0,12,1,2,19
100164,B,2018,1,0,10,0,3,
100165,A,2020,0,1,14,1,2,
100166,A,2020,0,0,11,1,2,
100167,A,2020,1,1,14,1,2,17
100168,A,2022,0,0,11,1,3,
100169,A,2020,1,1,12,1,2,4
100170,A,2020,0,0,12,1,3,10
100171,A,2020,1,0,14,1,2,10
100172,A,2020,0,0,16,1,2,
100173,A,2020,0,1,,1,1,17
100174,A,2022,1,1,12,1,2,
100175,A,2020,0,0,13,1,1,
100176,A,2020,0,1,11,1,2,
100177,B,2018,0,0,13,0,1,
100178,A,2020,0,0,14,1,2,7
100179,A,2020,0,1,11,1,3,19
100180,A,2020,0,1,12,1,2,11
100181,B,2018,1,1,13,1,2,
100182,A,2022,1,1,16,1,2,
100183,A,2020,0,0,12,1,3,8
100184,A,2020,0,0,12,1,1,
100185,A,2022,0,0,16,1,,
100186,A,2020,1,1,11,1,2,5
100187,B,2018,0,0,11,1,3,
100188,A,2022,0,0,13,1,2,
100189,A,2020,1,0,11,1,3,6
100190,B,2018,0,0,13,0,1,
100191,A,2020,1,1,14,1,1,6
100192,A,2020,1,0,13,1,3,12
100193,A,2020,1,1,12,1,2,19
100194,A,2020,1,1,14,1,2,4
100195,A,2020,1,0,13,1,3,
100196,B,2018,0,1,13,0,3,
100197,B,2018,1,0,13,1,2,
100198,A,2020,1,1,12,1,3,7
100199,A,2022,1,1,12,1,2,
100200,A,2020,1,1,15,1,2,
100201,A,2020,0,1,12,1,2,6
100202,A,2020,1,0,13,1,2,7
100203,A,2020,1,1,15,1,2,
100204,A,2020,1,1,12,1,1,
100205,A,2020,0,0,,1,,
100206,A,2020,0,0,12,1,2,17
100207,A,2020,0,1,13,1,2,
100208,A,2020,0,0,,1,2,19
100209,A,2022,1,1,11,1,2,
100210,A,2020,0,1,15,1,2,17
100211,A,2020,0,0,14,1,3,9
100212,A,2022,0,1,14,1,2,
100213,A,2020,1,1,12,1,1,
100214,A,2020,1,1,11,1,2,
100215,A,2020,0,1,13,1,2,
100216,A,2020,0,0,11,1,2,6
100217,A,2020,0,1,13,1,2,
100218,A,2020,0,0,14,1,2,
100219,A,2022,1,1,12,1,2,
100220,A,2020,0,0,13,1,,
100221,A,2020,1,0,14,1,2,
100222,A,2020,1,1,12,1,3,6
100223,A,2020,1,0,13,1,1,19
100224,A,2020,0,1,12,1,2,7
100225,A,2020,1,0,11,1,2,
100226,A,2020,0,0,15,1,2,
100227,A,2020,0,1,12,1,3,
100228,A,2020,0,0,13,1,2,
100229,B,2018,1,0,12,0,2,
100230,A,2020,0,1,12,1,2,1
100231,A,2020,1,0,,1,2,6
100232,B,2018,1,1,11,0,3,
100233,A,2020,1,1,13,1,2,8
100234,A,2020,0,0,12,1,1,9
100235,A,2020,0,1,12,1,1,19
100236,A,2022,0,0,13,1,2,
100237,A,2020,0,0,11,1,2,11
100238,A,2020,1,1,14,1,2,4
100239,A,2020,0,0,12,1,2,19
100240,A,2020,0,0,13,1,2,
100241,A,2020,0,1,12,1,3,16
100242,A,2020,0,1,13,1,2,
100243,A,2020,1,1,13,1,2,12
100244,A,2020,0,0,12,1,2,8
100245,A,2022,1,1,12,1,2,
100246,B,2018,0,0,12,0,2,
100247,A,2020,1,1,14,1,2,11
100248,A,2020,1,1,14,1,1,19
100249,A,2020,1,1,13,1,2,19
100250,A,2022,0,0,12,1,3,
100251,A,2020,1,1,11,1,2,4
100252,A,2020,1,0,13,1,1,19
100253,A,2020,0,1,13,1,2,5
100254,A,2020,1,1,13,1,3,16
100255,A,2020,1,0,15,1,2,5
100256,A,2020,0,1,12,1,2,17
100257,A,2020,1,0,12,1,2,11
100258,A,2020,0,0,,1,2,6
100259,A,2020,0,0,14,1,1,
100260,A,2020,0,0,12,1,1,19
100261,A,2020,0,0,11,1,,7
100262,A,2020,1,0,12,1,2,4
100263,A,2020,0,1,11,1,,11
100264,A,2020,1,1,13,1,3,
100265,A,2020,1,1,13,1,2,
100266,B,2018,1,0,11,1,3,
100267,A,2020,1,1,,1,2,
100268,A,2020,0,0,12,1,2,16
100269,B,2018,1,0,11,1,2,
100270,A,2020,0,0,12,1,2,7
100271,A,2020,1,0,12,1,3,4
100272,A,2020,1,0,13,1,1,
100273,A,2020,1,0,12,1,1,5
100274,A,2020,1,1,14,1,3,11
100275,A,2020,0,1,13,1,,18
100276,A,2022,0,0,12,1,3,
100277,A,2022,0,0,16,1,2,
100278,A,2022,1,1,12,1,2,
100279,A,2020,0,1,12,1,2,
100280,A,2020,0,0,12,1,2,17
100281,A,2020,0,0,13,1,,15
100282,A,2020,1,1,14,1,2,
100283,A,2020,0,0,14,1,2,17
100284,A,2020,0,1,16,1,2,5
100285,A,2022,1,0,12,1,2,
100286,A,2022,1,0,12,1,2,
100287,B,2018,1,1,11,0,2,
100288,A,2020,0,0,12,1,2,17
100289,A,2020,0,0,11,1,,19
100290,A,2022,1,0,11,1,,
100291,A,2020,1,1,14,1,3,17
100292,A,2022,0,1,13,1,2,
100293,B,2018,1,0,11,1,2,
100294,A,2020,1,0,12,1,,16
100295,A,2020,0,0,14,1,3,18
100296,A,2020,1,1,11,1,,5
100297,A,2020,0,0,10,1,2,
100298,B,2018,0,0,11,0,2,
100299,A,2020,1,1,13,1,2,19
100300,A,2020,0,0,13,1,2,4
100301,A,2020,0,0,13,1,2,4
100302,B,2018,1,1,13,1,3,
100303,A,2020,1,1,11,1,2,19
100304,A,2022,1,1,12,1,,
100305,A,2022,1,0,12,1,2,
100306,A,2020,1,1,13,1,,
100307,A,2022,1,1,14,1,1,
100308,A,2020,0,1,15,1,3,16
100309,A,2020,1,1,14,1,2,5
100310,A,2020,1,0,13,1,2,
100311,A,2020,1,0,13,1,,16
100312,A,2022,1,0,13,1,,
100313,A,2020,0,0,12,1,2,15
100314,A,2020,0,1,14,1,1,8
100315,B,2018,1,0,10,0,1,
100316,A,2020,1,1,12,1,2,19
100317,A,2020,1,1,12,1,1,19
100318,A,2020,0,1,11,1,2,
100319,A,2020,0,0,14,1,2,17
100320,A,2020,1,0,11,1,1,18
100321,A,2020,1,0,13,1,2,
100322,A,2022,0,1,13,1,1,
100323,A,2020,0,0,15,1,2,19
100324,A,2020,1,1,13,1,2,
100325,A,2020,1,1,12,1,3,8
100326,A,2020,1,0,14,1,1,11
100327,A,2020,0,1,13,1,2,19
100328,A,2022,0,1,13,1,1,
100329,A,2020,0,1,,1,1,5
100330,A,2020,1,1,12,1,,
100331,A,2020,1,1,12,1,2,8
100332,A,2020,0,0,12,1,1,
100333,A,2022,1,0,12,1,2,
100334,A,2020,0,1,13,1,1,
100335,A,2020,0,1,,1,2,5
100336,A,2020,0,1,13,1,,5
100337,A,2020,1,0,15,1,,19
100338,A,2020,1,1,12,1,1,19
100339,A,2020,0,0,13,1,,8
100340,A,2022,0,0,,1,,
100341,A,2022,1,0,11,1,2,
100342,A,2022,0,1,11,1,2,
100343,A,2020,0,0,13,1,2,18
100344,A,2022,1,1,12,1,2,
100345,A,2020,1,0,13,1,2,18
100346,A,2020,0,0,11,1,2,
100347,A,2022,1,0,11,1,3,
100348,A,2020,0,1,11,1,2,4
100349,B,2018,0,1,13,0,2,
100350,A,2020,0,0,13,1,2,
100351,A,2020,0,0,13,1,,6
100352,A,2020,0,1,12,1,3,4
100353,A,2020,1,0,11,1,3,8
100354,B,2018,0,0,13,0,1,
100355,A,2020,0,1,13,1,2,5
100356,A,2022,0,0,11,1,3,
100357,A,2020,1,1,11,1,2,19
100358,A,2020,1,1,15,1,1,
100359,A,2020,0,0,14,1,1,19
100360,A,2022,0,1,12,1,,
100361,B,2018,0,1,11,0,2,
100362,A,2020,0,1,12,1,2,19
100363,B,2018,0,0,15,1,2,
100364,A,2020,0,0,11,1,2,19
100365,A,2020,0,0,11,1,2,4
100366,A,2020,0,0,11,1,,5
100367,A,2020,0,1,15,1,3,7
100368,A,2020,0,1,15,1,2,
100369,A,2020,0,0,14,1,2,5
100370,A,2020,0,1,13,1,,7
100371,A,2020,1,0,12,1,2,
100372,A,2020,1,0,13,1,2,19
100373,A,2020,0,0,13,1,,
100374,A,2020,1,1,11,1,2,18
100375,A,2020,0,1,12,1,3,
100376,A,2020,1,0,12,1,2,4
100377,A,2020,0,1,14,1,2,10
100378,A,2020,1,1,13,1,2,
100379,A,2020,0,0,12,1,,4
100380,A,2022,1,0,13,1,2,
100381,A,2020,0,0,12,1,,18
100382,A,2020,1,1,11,1,2,5
100383,A,2020,1,0,13,1,2,19
100384,A,2020,1,1,12,1,2,19
100385,A,2020,1,1,13,1,1,5
100386,A,2020,1,1,11,1,2,7
100387,A,2020,0,1,12,1,2,
100388,A,2020,0,1,11,1,2,19
100389,A,2020,1,0,12,1,2,7
100390,A,2020,1,0,12,1,2,
100391,A,2020,1,1,11,1,,19
100392,B,2018,0,1,13,0,2,
100393,A,2022,0,1,13,1,2,
100394,A,2020,0,1,13,1,1,19
100395,A,2020,1,0,12,1,2,7
100396,A,2022,1,1,12,1,3,
100397,A,2020,0,1,14,1,2,19
100398,A,2020,0,0,12,1,,15
100399,A,2022,0,0,16,1,2,
100400,A,2020,1,1,12,1,2,
100401,B,2018,1,0,12,1,2,
100402,A,2020,1,0,12,1,3,11
100403,A,2020,0,0,13,1,3,
100404,A,2020,1,0,14,1,1,19
100405,A,2020,1,0,12,1,3,7
100406,B,2018,0,0,14,0,,
100407,A,2022,1,1,12,1,2,
100408,A,2020,0,0,12,1,2,
100409,B,2018,0,0,15,0,,
100410,A,2020,0,1,11,1,1,19
100411,B,2018,0,1,13,0,1,
100412,A,2020,0,0,14,1,,17
100413,A,2020,0,0,13,1,2,19
100414,A,2020,1,1,13,1,2,
100415,A,2020,1,0,15,1,4,16
100416,A,2020,1,1,,1,3,
100417,B,2018,0,0,11,1,3,
100418,A,2020,0,1,12,1,2,11
100419,A,2020,0,0,14,1,2,5
100420,A,2020,1,0,14,1,2,5
100421,A,2020,0,0,11,1,,17
100422,A,2020,1,0,12,1,2,19
100423,A,2020,0,1,13,1,2,
100424,A,2020,0,0,12,1,3,19
100425,A,2020,1,0,12,1,3,10
100426,A,2022,0,0,14,1,1,
100427,A,2022,0,1,11,1,1,
100428,B,2018,1,0,13,0,2,
100429,A,2020,1,1,11,1,2,18
100430,A,2020,0,1,12,1,2,10
100431,A,2020,1,1,13,1,3,
100432,A,2020,1,1,11,1,,8
100433,A,2022,0,0,11,1,2,
100434,A,2020,1,1,12,1,2,18
100435,A,2020,0,0,15,1,,19
100436,A,2020,1,0,12,1,1,19
100437,A,2020,1,1,13,1,2,
100438,A,2020,1,0,12,1,2,19
100439,A,2020,0,0,11,1,2,19
100440,A,2022,1,1,15,1,1,
100441,A,2020,1,1,13,1,1,19
100442,A,2020,1,0,13,1,2,19
100443,A,2020,1,1,11,1,2,
100444,A,2020,1,1,12,1,1,19
100445,B,2018,0,1,12,1,2,
100446,A,2020,1,0,12,1,2,15
100447,A,2020,0,0,14,1,1,19
100448,A,2020,1,0,12,1,2,12
100449,A,2020,1,0,13,1,,12
100450,A,2020,1,0,11,1,2,19
100451,A,2020,1,0,12,1,2,
100452,A,2020,0,0,14,1,2,11
100453,A,2022,1,1,11,1,3,
100454,A,2022,0,1,13,1,2,
100455,A,2020,1,0,14,1,1,19
100456,A,2022,1,0,12,1,2,
100457,A,2022,1,0,12,1,,
100458,A,2020,1,0,11,1,2,
100459,A,2020,1,1,15,1,2,4
100460,A,2020,0,0,12,1,2,15
100461,A,2020,1,1,13,1,3,
100462,A,2020,1,1,,1,1,5
100463,A,2020,0,0,12,1,2,11
100464,B,2018,1,0,11,1,3,
100465,A,2022,1,0,12,1,3,
100466,A,2020,0,1,15,1,2,19
100467,B,2018,0,0,14,0,2,
100468,A,2020,0,1,12,1,2,19
100469,A,2020,1,1,12,1,3,9
100470,A,2020,0,0,12,1,2,18
100471,A,2022,0,1,14,1,2,
100472,A,2020,1,0,11,1,2,4
100473,A,2022,1,0,14,1,2,
100474,A,2022,1,1,11,1,4,
100475,A,2020,0,1,13,1,2,18
100476,A,2022,0,1,12,1,2,
100477,A,2020,0,1,11,1,2,5
100478,A,2020,0,1,13,1,1,19
100479,A,2020,0,0,11,1,3,10
100480,A,2020,0,1,13,1,2,19
100481,A,2020,1,1,12,1,1,8
100482,A,2022,1,0,15,1,,
100483,A,2020,1,0,14,1,,4
100484,A,2022,0,1,12,1,2,
100485,A,2020,0,0,13,1,2,
100486,A,2020,1,1,15,1,2,
100487,A,2020,1,1,14,1,2,
100488,A,2020,0,0,15,1,3,11
100489,A,2020,1,0,11,1,,
100490,A,2020,1,0,14,1,2,7
100491,A,2022,1,0,12,1,2,
100492,A,2020,1,0,11,1,2,17
100493,A,2020,1,1,13,1,2,18
100494,B,2018,0,0,12,1,,
100495,B,2018,0,1,13,0,,
100496,B,2018,1,1,13,1,,
100497,A,2020,1,0,11,1,2,
100498,A,2020,1,0,14,1,2,17
100499,A,2020,0,1,12,1,1,19
100500,A,2022,1,0,14,1,2,
100501,A,2020,1,0,12,1,2,19
100502,A,2020,1,0,11,1,2,
100503,A,2020,1,1,12,1,2,19
100504,A,2020,0,1,14,1,,
100505,A,2020,1,1,15,1,2,5
100506,A,2022,0,1,11,1,2,
100507,A,2020,1,0,14,1,1,17
100508,A,2020,1,0,10,1,2,10
100509,A,2020,1,1,14,1,1,19
100510,A,2020,0,1,16,1,1,
100511,B,2018,0,0,13,0,1,
100512,A,2020,1,0,13,1,2,17
100513,A,2020,0,1,13,1,,17
100514,A,2020,1,0,12,1,,19
100515,A,2020,1,1,12,1,2,
100516,A,2020,0,1,13,1,2,5
100517,A,2020,0,1,12,1,2,17
100518,B,2018,1,1,11,1,2,
100519,A,2020,1,0,12,1,2,6
100520,A,2020,1,1,12,1,2,4
100521,A,2022,1,1,12,1,3,
100522,A,2022,0,1,13,1,,
100523,A,2020,0,0,12,1,,11
100524,A,2022,1,1,13,1,2,
100525,A,2020,0,1,11,1,2,8
100526,A,2020,0,1,12,1,2,11
100527,A,2020,0,0,12,1,2,5
100528,A,2020,0,0,13,1,2,
100529,A,2020,0,1,12,1,1,19
100530,A,2020,0,1,12,1,1,10
100531,A,2020,1,1,12,1,3,16
100532,B,2018,1,1,11,1,2,
100533,A,2020,0,0,12,1,2,5
100534,A,2022,0,1,11,1,,
100535,A,2020,1,1,13,1,2,
100536,A,2020,1,1,13,1,,17
100537,A,2020,1,1,11,1,1,19
100538,A,2022,0,0,12,1,2,
100539,A,2020,0,1,12,1,3,15
100540,A,2022,0,1,12,1,2,
100541,A,2020,0,0,13,1,,
100542,A,2022,0,0,11,1,1,
100543,A,2020,0,1,14,1,2,5
100544,A,2020,0,1,13,1,1,5
100545,A,2020,1,0,10,1,,4
100546,A,2020,0,1,15,1,1,
100547,A,2020,0,1,12,1,2,17
100548,A,2020,1,1,13,1,,
100549,A,2022,0,1,11,1,2,
100550,A,2020,1,0,11,1,,12
100551,A,2020,1,0,12,1,2,19
100552,A,2020,1,0,11,1,2,19
100553,A,2020,0,0,12,1,2,17
100554,A,2020,0,1,11,1,2,6
100555,A,2022,1,1,11,1,,
100556,A,2020,0,0,12,1,3,11
100557,A,2022,1,0,15,1,2,
100558,A,2020,0,0,14,1,2,19
100559,A,2020,1,1,12,1,3,
100560,A,2020,1,1,13,1,,6
100561,A,2022,1,1,11,1,2,
100562,A,2022,1,1,12,1,2,
100563,A,2022,0,0,11,1,,
100564,B,2018,1,1,12,1,2,
100565,A,2022,0,1,15,1,3,
100566,A,2020,0,1,12,1,2,19
100567,B,2018,1,0,13,1,,
100568,A,2022,0,1,,1,,
100569,A,2022,1,0,12,1,3,
100570,A,2020,1,0,16,1,,6
100571,A,2020,0,1,12,1,2,
100572,A,2020,1,1,14,1,2,17
100573,A,2020,0,1,13,1,,19
100574,A,2022,1,0,13,1,3,
100575,A,2020,1,0,12,1,,5
100576,A,2022,0,0,12,1,2,
100577,B,2018,0,0,14,1,,
100578,A,2020,1,1,13,1,2,19
100579,A,2020,1,0,13,1,2,4
100580,A,2020,0,0,11,1,2,
100581,A,2020,0,1,14,1,,19
100582,A,2022,0,0,11,1,2,
100583,A,2020,1,1,12,1,,8
100584,A,2022,1,1,13,1,,
100585,A,2020,1,1,13,1,2,
100586,A,2020,1,1,12,1,1,19
100587,A,2020,1,1,11,1,2,
100588,B,2018,1,1,12,0,,
100589,A,2020,0,1,13,1,2,
100590,A,2020,1,0,11,1,2,
100591,A,2020,0,1,11,1,3,
100592,A,2020,1,0,13,1,2,19
100593,A,2020,1,0,14,1,,5
100594,A,2020,0,0,11,1,3,
100595,A,2020,1,1,14,1,2,
100596,B,2018,1,0,14,0,,
100597,A,2020,1,1,10,1,1,7
100598,A,2020,0,0,13,1,2,
100599,A,2020,0,1,14,1,3,17
100600,A,2020,1,0,,1,2,5
100601,A,2022,1,1,11,1,2,
100602,A,2020,0,1,12,1,1,17
100603,A,2022,1,0,11,1,,
100604,A,2022,0,1,11,1,3,
100605,A,2020,0,0,11,1,3,18
100606,B,2018,1,1,11,0,,
100607,A,2020,0,1,13,1,2,7
100608,A,2020,0,1,12,1,2,7
100609,A,2020,0,1,13,1,,
100610,A,2020,1,1,14,1,3,
100611,A,2022,1,0,12,1,,
100612,A,2020,1,0,13,1,2,
100613,A,2022,1,0,12,1,,
100614,A,2022,0,1,14,1,2,
100615,A,2022,0,0,12,1,,
100616,A,2020,1,1,14,1,2,
100617,A,2020,0,0,12,1,1,19
100618,A,2020,0,1,12,1,2,19
100619,A,2020,0,0,12,1,2,10
100620,A,2020,0,1,13,1,,17
100621,A,2020,1,1,13,1,,12
100622,A,2020,1,1,14,1,1,5
100623,A,2020,1,1,12,1,2,6
100624,A,2020,1,0,12,1,2,
100625,A,2022,0,1,11,1,2,
100626,A,2022,1,1,14,1,2,
100627,A,2020,0,0,12,1,3,
100628,A,2022,1,1,14,1,3,
100629,A,2020,0,1,14,1,2,
100630,A,2020,0,1,,1,2,6
100631,A,2020,0,1,11,1,2,
100632,A,2020,1,0,13,1,2,19
100633,A,2020,0,0,12,1,2,
100634,A,2020,0,0,12,1,2,19
100635,A,2020,1,1,12,1,2,8
100636,A,2020,0,1,12,1,2,4
100637,A,2020,1,1,13,1,1,19
100638,A,2020,0,1,14,1,3,16
100639,B,2018,1,1,,1,,
100640,A,2020,0,1,11,1,,
100641,A,2020,1,1,,1,2,7
100642,A,2020,1,1,14,1,2,19
100643,A,2020,0,0,12,1,3,
100644,A,2020,0,0,,1,1,
100645,A,2020,0,1,13,1,2,19
100646,A,2020,1,1,12,1,3,11
100647,A,2020,0,0,13,1,2,
100648,A,2020,0,0,11,1,1,19
100649,B,2018,1,0,11,1,2,
100650,A,2020,0,1,14,1,2,
100651,A,2022,0,1,12,1,1,
100652,A,2020,1,0,12,1,,4
100653,A,2020,0,1,12,1,,5
100654,A,2022,1,1,11,1,3,
100655,B,2018,1,1,13,0,1,
100656,A,2020,1,0,13,1,,19
100657,A,2022,1,0,12,1,1,
100658,A,2020,1,1,14,1,1,16
100659,A,2020,1,0,13,1,,19
100660,A,2020,0,0,12,1,2,19
100661,A,2020,1,1,12,1,2,7
100662,A,2020,1,1,12,1,2,17
100663,A,2020,1,1,12,1,2,7
100664,A,2022,1,0,13,1,,
100665,A,2020,1,1,12,1,2,6
100666,B,2018,0,0,14,0,1,
100667,A,2020,1,1,11,1,,19
100668,A,2020,0,1,15,1,2,17
100669,B,2018,1,0,11,1,2,
100670,A,2020,1,0,11,1,3,17
100671,A,2020,1,1,13,1,2,5
100672,A,2020,1,0,14,1,2,6
100673,A,2022,1,1,10,1,,
100674,A,2020,0,1,12,1,1,5
100675,B,2018,0,0,11,0,2,
100676,A,2020,0,1,14,1,2,5
100677,A,2022,1,1,13,1,,
100678,A,2020,0,1,14,1,2,17
100679,A,2020,1,1,11,1,2,5
100680,A,2020,0,0,11,1,3,12
100681,A,2020,1,1,12,1,1,19
100682,A,2022,1,0,14,1,2,
100683,A,2020,1,1,12,1,1,19
100684,B,2018,0,0,12,0,2,
100685,A,2020,1,1,12,1,2,18
100686,A,2020,1,0,12,1,3,
100687,A,2022,1,0,11,1,1,
100688,A,2020,0,1,12,1,,5
100689,A,2022,1,0,12,1,2,
100690,B,2018,0,0,12,1,,
100691,A,2020,1,1,14,1,2,16
100692,A,2020,1,1,15,1,2,19
100693,A,2020,0,0,13,1,2,17
100694,A,2020,0,1,12,1,2,7
100695,A,2020,1,1,15,1,2,5
100696,A,2020,1,1,12,1,2,11
100697,A,2020,1,1,12,1,,19
100698,A,2020,0,0,,1,2,5
100699,A,2020,0,0,12,1,,5
100700,A,2020,1,0,13,1,2,17
100701,A,2020,0,0,14,1,3,6
100702,A,2022,1,1,12,1,,
100703,A,2020,1,1,13,1,2,19
100704,A,2020,1,0,13,1,2,
100705,A,2020,1,0,12,1,2,11
100706,A,2020,1,1,14,1,2,11
100707,A,2020,1,0,,1,2,19
100708,A,2020,1,0,13,1,2,18
100709,B,2018,0,1,14,0,,
100710,A,2020,0,0,12,1,3,12
100711,A,2020,1,0,14,1,2,5
100712,A,2020,1,0,13,1,1,
100713,A,2022,0,1,,1,3,
100714,A,2020,0,1,14,1,3,
100715,A,2020,1,0,11,1,2,6
100716,A,2020,0,1,12,1,3,
100717,B,2018,1,0,12,1,2,
100718,A,2020,0,1,11,1,3,10
100719,A,2020,0,1,12,1,2,17
100720,B,2018,0,1,11,1,1,
100721,A,2020,0,1,15,1,3,19
100722,A,2020,1,0,12,1,3,17
100723,A,2020,1,1,14,1,,19
100724,A,2020,0,1,12,1,2,19
100725,A,2020,0,1,12,1,2,
100726,A,2020,1,1,10,1,2,19
100727,A,2020,0,1,10,1,2,19
100728,A,2020,0,0,12,1,,17
100729,A,2020,0,0,11,1,,12
100730,A,2020,0,1,,1,3,18
100731,A,2020,1,0,12,1,,18
100732,B,2018,1,0,16,0,1,
100733,A,2020,1,0,14,1,,
100734,A,2022,1,0,15,1,2,
100735,A,2020,0,0,,1,2,19
100736,A,2020,1,0,15,1,,19
100737,A,2020,1,0,13,1,2,12
100738,A,2022,0,0,11,1,1,
100739,A,2020,0,1,,1,1,19
100740,A,2020,1,0,12,1,2,19
100741,A,2020,0,0,14,1,2,19
100742,A,2020,0,0,14,1,,
100743,A,2020,1,0,11,1,2,4
100744,A,2020,1,1,11,1,2,12
100745,A,2020,0,1,12,1,2,19
100746,A,2020,1,0,11,1,2,15
100747,A,2020,1,0,14,1,2,5
100748,A,2020,0,0,16,1,2,5
100749,A,2020,1,1,11,1,2,5
100750,A,2020,1,0,12,1,2,5
100751,A,2020,0,1,11,1,2,6
100752,A,2020,1,0,11,1,,18
100753,A,2020,1,1,13,1,,11
100754,A,2020,1,0,11,1,2,
100755,A,2020,1,1,13,1,3,
100756,A,2020,1,1,10,1,2,19
100757,A,2020,1,1,12,1,2,
100758,B,2018,0,1,12,0,2,
100759,A,2020,0,1,12,1,2,
100760,A,2020,0,0,,1,3,
100761,B,2018,1,1,12,1,2,
100762,A,2020,1,0,,1,2,15
100763,B,2018,0,1,13,1,,
100764,A,2020,1,0,11,1,3,
100765,A,2022,0,1,11,1,2,
100766,A,2020,0,1,12,1,2,5
100767,A,2020,0,1,12,1,1,5
100768,A,2020,0,0,12,1,3,17
100769,A,2020,0,1,14,1,2,19
100770,A,2020,1,1,14,1,2,19
100771,A,2020,1,0,15,1,,19
100772,A,2022,0,1,11,1,2,
100773,B,2018,0,1,12,0,2,
100774,A,2020,1,0,12,1,1,19
100775,A,2020,0,0,12,1,2,11
100776,A,2022,1,1,11,1,1,
100777,A,2020,1,0,13,1,2,
100778,A,2020,0,1,11,1,2,
100779,A,2022,0,0,13,1,,
100780,A,2020,0,1,12,1,,19
100781,A,2020,1,0,12,1,2,8
100782,A,2020,1,0,12,1,2,7
100783,A,2022,1,1,11,1,2,
100784,A,2022,1,0,12,1,2,
100785,A,2020,0,0,13,1,1,17
100786,A,2020,1,0,12,1,3,16
100787,A,2020,1,1,13,1,2,12
100788,A,2020,0,0,11,1,2,19
100789,B,2018,0,1,14,1,1,
100790,A,2020,0,1,12,1,2,19
100791,A,2020,0,0,11,1,1,
100792,A,2020,1,1,15,1,1,
100793,A,2020,1,0,12,1,3,
100794,A,2020,1,1,14,1,2,15
100795,A,2020,1,0,11,1,,
100796,A,2022,0,1,13,1,3,
100797,A,2020,0,0,12,1,2,19
100798,A,2020,0,1,12,1,,17
100799,B,2018,1,0,12,0,3,
100800,A,2020,0,0,12,1,1,19
100801,B,2018,0,0,15,1,,
100802,A,2022,1,0,12,1,3,
100803,B,2018,0,0,12,0,2,
100804,A,2020,1,0,12,1,3,7
100805,A,2020,1,0,13,1,2,15
100806,A,2020,0,1,12,1,1,5
100807,A,2020,0,1,15,1,,17
100808,A,2020,0,0,15,1,2,19
100809,A,2020,1,0,11,1,2,18
100810,A,2020,0,0,15,1,,19
100811,A,2020,0,0,10,1,2,19
100812,A,2020,1,1,12,1,,8
100813,A,2022,1,0,11,1,3,
100814,A,2020,0,0,13,1,2,
100815,A,2020,1,0,12,1,2,5
100816,A,2022,1,1,12,1,2,
100817,A,2020,0,0,12,1,1,17
100818,A,2020,1,0,12,1,3,11
100819,A,2020,1,0,12,1,1,16
100820,A,2020,1,1,12,1,1,5
100821,A,2022,0,1,12,1,3,
100822,A,2020,0,1,15,1,2,
100823,B,2018,1,0,11,0,2,
100824,A,2020,0,1,12,1,3,
100825,B,2018,1,1,13,1,2,
100826,A,2020,0,1,13,1,,5
100827,B,2018,1,0,12,1,2,
100828,A,2020,0,0,14,1,2,5
100829,A,2022,0,0,11,1,2,
100830,A,2022,1,0,11,1,,
100831,A,2020,1,1,11,1,,10
100832,A,2020,0,0,11,1,1,10
100833,A,2022,1,1,12,1,2,
100834,A,2020,0,0,12,1,2,
100835,A,2020,1,1,13,1,2,
100836,A,2022,1,1,15,1,2,
100837,A,2022,0,1,13,1,1,
100838,A,2022,0,1,15,1,2,
100839,A,2020,0,1,13,1,3,9
100840,A,2020,1,0,,1,2,
100841,B,2018,0,1,11,1,2,
100842,A,2020,1,0,14,1,2,17
100843,A,2020,0,0,13,1,2,11
100844,A,2020,1,1,11,1,2,5
100845,A,2020,1,1,11,1,2,7
100846,A,2022,1,0,13,1,2,
100847,B,2018,1,1,13,0,,
100848,A,2020,0,1,12,1,2,17
100849,A,2022,0,0,12,1,3,
100850,B,2018,1,0,11,1,2,
100851,A,2020,1,1,13,1,1,17
100852,A,2020,1,0,13,1,1,17
100853,A,2020,1,1,14,1,,5
100854,A,2020,1,0,11,1,1,19
100855,A,2020,0,1,14,1,2,5
100856,A,2020,0,0,12,1,2,19
100857,A,2020,0,0,12,1,1,
100858,A,2020,1,1,14,1,2,17
100859,A,2020,0,1,11,1,2,7
100860,B,2018,0,0,14,1,,
100861,A,2020,0,0,11,1,2,
100862,A,2020,0,1,14,1,2,7
100863,A,2022,0,1,13,1,1,
100864,A,2020,1,1,12,1,2,17
100865,A,2020,1,0,10,1,2,4
100866,A,2020,0,1,12,1,2,10
100867,A,2022,0,0,13,1,2,
100868,A,2020,1,0,16,1,1,
100869,A,2020,1,1,11,1,2,19
100870,A,2022,1,0,12,1,1,
100871,A,2020,0,1,12,1,2,7
100872,B,2018,0,0,12,1,1,
100873,A,2020,1,1,12,1,2,11
100874,A,2020,1,0,12,1,1,17
100875,A,2020,1,0,,1,,5
100876,A,2020,0,1,13,1,,19
100877,A,2020,0,0,12,1,,17
100878,A,2020,1,1,15,1,3,17
100879,A,2020,1,0,14,1,,11
100880,A,2020,0,0,15,1,2,
100881,B,2018,1,0,11,1,2,
100882,A,2020,0,1,14,1,1,19
100883,A,2020,1,1,13,1,,19
100884,A,2020,1,0,13,1,1,19
100885,A,2020,1,0,13,1,2,19
100886,A,2020,1,1,13,1,2,19
100887,A,2020,1,0,12,1,1,
100888,A,2020,0,0,14,1,1,5
100889,A,2022,1,1,12,1,2,
100890,A,2020,0,0,15,1,3,17
100891,A,2022,0,1,12,1,2,
100892,A,2022,1,0,11,1,,
100893,A,2020,0,1,11,1,2,
100894,A,2020,1,0,12,1,,11
100895,A,2020,1,1,12,1,2,4
100896,A,2020,0,0,13,1,2,19
100897,A,2020,1,0,12,1,2,4
100898,A,2020,1,1,12,1,2,19
100899,B,2018,1,0,11,1,2,
100900,A,2022,0,0,14,1,2,
100901,A,2020,1,0,12,1,2,19
100902,A,2020,0,0,11,1,2,6
100903,A,2020,0,0,12,1,1,5
100904,B,2018,1,0,11,0,2,
100905,A,2020,0,0,13,1,2,4
100906,A,2020,1,0,14,1,2,19
100907,A,2020,0,0,11,1,2,19
100908,A,2022,0,1,13,1,2,
100909,A,2022,0,0,11,1,2,
100910,A,2022,1,1,17,1,3,
100911,A,2022,0,1,14,1,,
100912,A,2022,1,1,11,1,3,
100913,A,2020,1,1,11,1,2,8
100914,B,2018,1,0,11,0,2,
100915,A,2022,1,1,13,1,2,
100916,A,2020,1,1,11,1,3,17
100917,A,2020,1,1,14,1,3,17
100918,A,2020,0,0,12,1,2,17
100919,A,2020,0,0,,1,3,12
100920,A,2020,1,1,15,1,1,12
100921,A,2020,1,0,12,1,2,11
100922,A,2020,0,1,15,1,2,19
100923,A,2022,1,0,11,1,2,
100924,A,2020,1,1,11,1,2,19
100925,A,2020,1,0,12,1,3,8
100926,A,2020,1,0,13,1,2,11
100927,A,2022,1,1,11,1,2,
100928,A,2020,0,0,13,1,4,19
100929,A,2020,0,1,13,1,,5
100930,A,2020,0,0,12,1,2,12
100931,A,2020,1,0,13,1,,17
100932,A,2020,0,1,13,1,2,17
100933,A,2020,1,1,11,1,3,12
100934,B,2018,1,0,11,0,2,
100935,A,2020,1,1,11,1,2,19
100936,A,2020,1,0,13,1,,19
100937,A,2020,0,0,14,1,2,
100938,A,2020,0,1,12,1,3,11
100939,A,2020,0,1,11,1,2,
100940,A,2020,1,0,12,1,2,11
100941,A,2022,1,0,11,1,2,
100942,A,2020,0,0,12,1,2,7
100943,B,2018,1,1,12,1,,
100944,B,2018,1,0,15,0,1,
100945,A,2022,0,1,16,1,1,
100946,A,2020,1,0,14,1,2,10
100947,A,2020,1,0,12,1,2,
100948,A,2020,0,1,,1,2,17
100949,A,2020,1,0,12,1,2,5
100950,B,2018,1,1,12,1,2,
100951,A,2022,0,0,11,1,,
100952,A,2020,1,1,12,1,1,6
100953,A,2020,0,0,13,1,2,12
100954,A,2022,1,0,11,1,2,
100955,A,2020,0,0,13,1,2,
100956,A,2022,1,0,11,1,,
100957,A,2020,1,0,12,1,2,
100958,A,2020,0,1,12,1,2,17
100959,A,2020,0,1,12,1,2,
100960,A,2020,1,0,11,1,2,19
100961,A,2020,0,1,13,1,2,11
100962,A,2022,1,0,10,1,3,
100963,A,2020,0,1,13,1,2,11
100964,A,2020,1,1,11,1,1,19
100965,B,2018,1,1,12,0,,
100966,A,2020,0,1,13,1,2,5
100967,B,2018,1,1,13,1,2,
100968,A,2020,1,1,14,1,3,8
100969,B,2018,1,0,14,1,,
100970,A,2020,0,0,13,1,,11
100971,A,2020,1,1,14,1,3,8
100972,A,2020,1,0,13,1,2,8
100973,A,2020,0,1,12,1,2,8
100974,A,2020,1,0,13,1,2,5
100975,A,2020,1,1,,1,1,5
100976,B,2018,0,0,12,0,,
100977,A,2020,0,1,12,1,1,4
100978,A,2020,0,1,12,1,,
100979,A,2020,0,1,11,1,2,5
100980,A,2022,0,1,15,1,2,
100981,A,2020,1,0,12,1,3,6
100982,B,2018,0,1,,0,2,
100983,B,2018,0,0,11,0,2,
100984,A,2020,1,1,16,1,1,17
100985,A,2020,1,1,12,1,2,5
100986,A,2022,1,1,14,1,,
100987,A,2020,1,1,13,1,2,19
100988,A,2020,1,0,11,1,2,18
100989,A,2020,0,1,,1,2,19
100990,A,2020,0,1,12,1,2,18
100991,A,2020,0,0,14,1,2,
100992,A,2022,0,0,14,1,2,
100993,A,2022,1,1,12,1,3,
100994,A,2020,0,1,14,1,1,17
100995,A,2022,1,1,14,1,,
100996,A,2022,0,1,15,1,,
100997,A,2020,0,1,15,1,,
100998,B,2018,0,0,14,0,2,
100999,A,2020,1,1,11,1,2,19
101000,A,2020,0,1,15,1,2,5
101001,A,2020,1,1,11,1,2,17
101002,A,2022,0,1,13,1,2,
101003,A,2022,0,1,14,1,2,
101004,A,2020,0,1,11,1,3,11
101005,A,2020,0,0,11,1,3,11
101006,A,2020,0,0,15,1,2,
101007,A,2022,1,0,11,1,2,
101008,B,2018,0,1,12,1,2,
101009,A,2020,0,0,14,1,2,
101010,B,2018,1,1,11,0,2,
101011,A,2022,1,1,11,1,2,
101012,A,2020,1,0,12,1,2,19
101013,A,2020,0,0,12,1,2,
101014,A,2020,1,1,15,1,2,15
101015,A,2020,0,1,12,1,2,19
101016,A,2020,0,0,14,1,,
101017,A,2020,0,0,12,1,2,19
101018,A,2020,0,1,15,1,,11
101019,A,2020,1,0,15,1,1,19
101020,A,2020,0,0,,1,1,6
101021,A,2020,0,1,12,1,2,
101022,A,2022,0,0,13,1,,
101023,A,2020,1,0,12,1,2,
101024,A,2020,0,1,13,1,2,
101025,A,2020,0,1,12,1,2,
101026,A,2022,1,0,14,1,2,
101027,A,2020,1,0,11,1,,
101028,A,2020,0,1,13,1,3,8
101029,A,2020,1,0,12,1,2,17
101030,B,2018,1,0,13,1,,
101031,A,2022,0,0,14,1,2,
101032,A,2020,0,0,12,1,2,6
101033,A,2020,1,1,11,1,2,6
101034,A,2020,0,0,12,1,2,11
101035,A,2020,0,1,,1,,17
101036,A,2020,1,0,12,1,2,17
101037,A,2020,1,1,12,1,2,
101038,A,2020,0,0,10,1,2,17
101039,A,2020,0,1,13,1,3,16
101040,A,2020,1,1,11,1,3,10
101041,A,2020,1,0,12,1,,7
101042,A,2020,1,1,13,1,,
101043,A,2020,1,1,14,1,2,17
101044,A,2020,0,1,12,1,2,4
101045,A,2020,1,1,11,1,2,4
101046,B,2018,1,1,12,0,,
101047,A,2020,0,1,12,1,2,
101048,A,2022,1,0,11,1,2,
101049,A,2020,0,0,15,1,,7
101050,A,2020,0,0,12,1,2,11
101051,A,2020,1,1,11,1,,11
101052,A,2022,0,1,12,1,1,
101053,A,2020,0,0,14,1,,
101054,A,2020,1,0,12,1,2,
101055,A,2020,0,1,15,1,2,5
101056,A,2020,1,1,14,1,2,11
101057,A,2020,1,0,15,1,2,8
101058,A,2020,0,1,14,1,2,19
101059,A,2020,1,1,11,1,2,5
101060,A,2020,1,1,14,1,2,5
101061,A,2022,1,0,11,1,2,
101062,A,2020,0,1,13,1,2,
101063,A,2020,1,1,11,1,1,5
101064,A,2020,1,1,13,1,2,19
101065,A,2022,1,1,11,1,2,
101066,A,2020,0,0,11,1,2,
101067,A,2020,1,1,12,1,2,
101068,A,2020,0,1,12,1,,5
101069,A,2020,0,1,11,1,3,10
101070,A,2020,0,1,14,1,2,6
101071,A,2020,1,0,11,1,2,18
101072,A,2020,1,1,12,1,,19
101073,A,2020,1,1,,1,,7
101074,A,2022,1,0,12,1,2,
101075,A,2020,0,1,11,1,2,11
101076,A,2020,0,1,10,1,3,4
101077,A,2020,0,1,15,1,,
101078,A,2020,0,0,,1,,12
101079,A,2020,0,0,11,1,3,
101080,B,2018,0,0,10,0,1,
101081,A,2020,0,0,12,1,2,18
101082,A,2020,0,1,14,1,2,10
101083,A,2020,0,0,12,1,2,
101084,A,2020,0,1,13,1,,7
101085,A,2020,0,1,12,1,2,19
101086,A,2020,0,1,11,1,3,12
101087,A,2020,0,0,,1,2,6
101088,A,2020,1,1,14,1,,19
101089,B,2018,1,1,13,0,1,
101090,A,2020,1,0,13,1,2,19
101091,A,2020,0,0,12,1,2,
101092,A,2020,1,1,,1,3,18
101093,A,2020,1,0,13,1,2,19
101094,A,2020,1,0,12,1,2,11
101095,A,2022,1,0,12,1,1,
101096,A,2022,0,0,14,1,2,
101097,A,2020,1,0,13,1,2,17
101098,A,2022,1,0,12,1,2,
101099,A,2022,0,1,11,1,2,
101100,A,2020,0,1,14,1,2,17
101101,A,2020,1,0,12,1,2,
101102,A,2020,1,0,11,1,1,19
101103,A,2020,0,0,13,1,2,
101104,A,2022,0,0,12,1,2,
101105,A,2020,0,0,11,1,2,14
101106,A,2020,0,1,11,1,2,10
101107,A,2020,0,0,11,1,2,5
101108,A,2020,0,0,12,1,2,19
101109,A,2020,1,1,16,1,3,10
101110,A,2020,1,1,14,1,2,
101111,A,2022,0,1,11,1,2,
101112,A,2020,1,0,11,1,1,19
101113,A,2020,1,0,13,1,,8
101114,A,2020,0,1,12,1,,
101115,A,2020,0,0,13,1,,5
101116,A,2020,1,1,11,1,3,10
101117,A,2020,0,1,11,1,2,
101118,B,2018,1,1,11,0,2,
101119,A,2020,0,0,15,1,2,
101120,A,2020,0,1,12,1,3,12
101121,B,2018,0,0,12,0,2,
101122,A,2020,1,1,13,1,2,11
101123,A,2020,0,0,12,1,,
101124,A,2020,0,1,,1,1,19
101125,A,2020,0,0,13,1,,19
101126,A,2020,1,1,13,1,2,19
101127,A,2020,0,0,14,1,2,
101128,A,2020,1,0,12,1,3,12
101129,A,2020,1,0,12,1,2,7
101130,A,2020,0,1,11,1,2,11
101131,A,2020,0,0,14,1,2,
101132,A,2020,1,0,14,1,1,5
101133,A,2020,0,0,12,1,2,
101134,B,2018,0,0,10,0,2,
101135,B,2018,1,0,11,0,3,
101136,A,2022,0,1,12,1,2,
101137,A,2020,1,0,12,1,2,
101138,A,2020,1,0,13,1,,
101139,B,2018,0,0,16,0,2,
101140,B,2018,0,1,14,0,2,
101141,A,2022,1,0,12,1,,
101142,A,2022,1,0,11,1,,
101143,A,2020,1,1,12,1,2,4
101144,B,2018,0,1,14,1,1,
101145,B,2018,1,1,15,0,1,
101146,A,2022,1,1,14,1,2,
101147,A,2022,0,0,16,1,2,
101148,A,2020,1,0,16,1,3,19
101149,A,2020,0,1,12,1,2,5
101150,A,2020,0,1,14,1,2,19
101151,A,2020,0,0,15,1,,9
101152,B,2018,1,1,12,0,,
101153,A,2020,1,1,12,1,2,18
101154,A,2020,1,0,14,1,2,17
101155,A,2020,0,0,13,1,2,19
101156,A,2020,1,0,13,1,2,
101157,B,2018,1,0,12,1,,
101158,A,2020,1,0,14,1,1,5
101159,A,2022,0,1,15,1,2,
101160,A,2020,1,1,13,1,2,
101161,A,2020,1,1,11,1,2,7
101162,A,2020,0,0,12,1,3,10
101163,A,2020,0,0,12,1,2,4
101164,A,2020,0,1,15,1,2,10
101165,A,2020,0,1,12,1,2,18
101166,A,2020,1,1,,1,,
101167,A,2020,0,1,10,1,,5
101168,A,2020,0,1,12,1,2,19
101169,A,2020,0,0,15,1,2,4
101170,A,2022,1,1,14,1,2,
101171,A,2020,1,0,12,1,2,17
101172,A,2020,0,1,14,1,1,19
101173,B,2018,1,0,9,1,1,
101174,A,2020,1,0,13,1,2,
101175,A,2022,1,0,13,1,1,
101176,A,2020,0,0,12,1,2,18
101177,A,2020,0,0,15,1,,
101178,A,2020,0,0,12,1,2,
101179,A,2020,0,1,12,1,2,19
101180,A,2020,1,1,13,1,1,11
101181,A,2020,0,1,10,1,2,6
101182,A,2020,1,1,11,1,3,
101183,B,2018,0,0,15,1,,
101184,A,2020,1,0,15,1,,5
101185,A,2020,1,0,11,1,2,18
101186,A,2020,1,0,11,1,3,10
101187,A,2020,0,1,13,1,2,17
101188,A,2020,0,0,14,1,2,
101189,A,2022,0,1,12,1,2,
101190,A,2020,0,1,11,1,1,
101191,B,2018,0,0,15,1,2,
101192,A,2020,0,1,16,1,2,17
101193,A,2020,0,0,12,1,2,
101194,B,2018,1,1,15,1,,
101195,A,2020,0,0,11,1,,11
101196,A,2022,0,1,14,1,,
101197,A,2020,0,0,11,1,2,19
101198,A,2022,0,1,11,1,3,
101199,A,2020,1,0,13,1,2,19
101200,A,2020,1,1,13,1,2,
101201,A,2020,0,1,12,1,,11
101202,A,2020,0,1,16,1,2,19
101203,A,2020,0,1,12,1,2,19
101204,A,2020,1,0,13,1,1,19
101205,A,2020,1,0,11,1,2,
101206,A,2020,0,1,14,1,2,5
101207,A,2020,1,0,13,1,3,18
101208,A,2020,0,0,14,1,1,11
101209,A,2020,0,1,11,1,2,
101210,A,2020,0,0,12,1,,6
101211,B,2018,0,0,14,0,2,
101212,A,2020,1,0,14,1,1,19
101213,A,2020,1,0,,1,4,
101214,B,2018,1,1,14,1,2,
101215,A,2020,1,0,13,1,2,19
101216,A,2020,1,0,11,1,3,4
101217,A,2020,0,0,12,1,3,8
101218,A,2020,0,0,13,1,2,6
101219,A,2020,1,0,12,1,,18
101220,A,2020,1,1,13,1,1,19
101221,A,2020,0,0,12,1,3,12
101222,A,2020,1,0,12,1,2,15
101223,A,2022,0,1,13,1,1,
101224,A,2022,0,0,11,1,2,
101225,A,2022,0,0,11,1,,
101226,A,2020,1,1,13,1,2,7
101227,A,2020,1,0,12,1,2,19
101228,A,2020,0,0,12,1,,19
101229,A,2020,1,1,13,1,2,19
101230,A,2020,1,0,14,1,1,10
101231,A,2020,0,0,11,1,2,6
101232,A,2020,0,0,11,1,2,19
101233,A,2020,1,0,11,1,2,
101234,A,2020,1,0,14,1,2,4
101235,A,2022,0,0,13,1,2,
101236,A,2020,1,1,11,1,2,19
101237,A,2020,0,1,,1,,
101238,A,2020,0,0,12,1,1,17
101239,A,2020,0,1,15,1,2,19
101240,A,2020,0,1,13,1,2,19
101241,A,2020,0,0,12,1,2,19
101242,A,2020,0,0,13,1,2,5
101243,A,2020,1,1,12,1,1,
101244,A,2020,1,1,13,1,2,6
101245,A,2020,1,0,14,1,1,19
101246,A,2020,1,0,13,1,3,16
101247,A,2022,0,1,12,1,2,
101248,A,2020,1,1,12,1,2,
101249,A,2020,0,1,12,1,2,4
101250,A,2022,0,0,12,1,1,
101251,A,2020,1,0,12,1,2,5
101252,A,2022,0,0,15,1,2,
101253,B,2018,0,0,11,0,,
101254,B,2018,0,0,12,0,2,
101255,B,2018,0,0,12,0,1,
101256,A,2020,0,1,12,1,3,6
101257,A,2020,1,0,12,1,4,19
101258,A,2020,0,1,11,1,1,6
101259,A,2020,1,0,14,1,,
101260,A,2022,1,1,13,1,2,
101261,B,2018,1,1,13,1,,
101262,A,2020,0,1,13,1,,10
101263,A,2022,1,1,11,1,2,
101264,A,2022,1,1,12,1,2,
101265,A,2020,0,0,14,1,,17
101266,A,2020,1,1,13,1,2,8
101267,A,2020,0,1,11,1,,5
101268,A,2020,1,1,14,1,2,6
101269,A,2020,1,0,13,1,,19
101270,B,2018,0,0,10,1,2,
101271,A,2020,1,0,12,1,2,15
101272,A,2020,0,0,12,1,1,
101273,A,2020,1,1,14,1,2,19
101274,A,2020,1,0,11,1,2,
101275,A,2020,1,0,11,1,2,11
101276,A,2020,0,1,12,1,1,
101277,A,2020,0,0,12,1,2,19
101278,A,2020,0,0,12,1,3,8
101279,A,2022,0,0,12,1,2,
101280,A,2022,0,1,16,1,3,
101281,B,2018,1,0,12,0,2,
101282,A,2022,0,1,11,1,2,
101283,A,2020,0,0,12,1,2,7
101284,A,2022,1,1,12,1,2,
101285,A,2020,0,1,12,1,5,
101286,B,2018,1,0,13,0,2,
101287,A,2020,0,0,14,1,2,
101288,A,2020,1,0,12,1,3,6
101289,A,2020,0,0,12,1,2,
101290,A,2020,1,0,13,1,3,5
101291,A,2020,1,1,12,1,3,8
101292,A,2022,1,0,11,1,,
101293,B,2018,1,1,10,0,,
101294,A,2020,1,0,12,1,2,18
101295,A,2022,0,0,14,1,1,
101296,A,2020,0,0,,1,1,19
101297,A,2020,0,1,15,1,2,19
101298,A,2020,1,1,13,1,3,11
101299,A,2020,0,1,11,1,2,
101300,A,2020,0,1,14,1,2,19
101301,A,2020,0,0,14,1,2,19
101302,A,2020,0,0,14,1,2,7
101303,A,2020,1,0,14,1,3,19
101304,A,2022,1,1,11,1,2,
101305,A,2022,0,0,11,1,2,
101306,A,2020,0,1,13,1,3,
101307,A,2020,0,0,12,1,2,19
101308,A,2022,0,1,13,1,2,
101309,A,2022,1,0,13,1,,
101310,A,2022,0,0,12,1,2,
101311,A,2020,0,1,13,1,2,6
101312,B,2018,0,1,11,0,3,
101313,A,2022,0,1,12,1,3,
101314,A,2020,1,1,11,1,1,19
101315,A,2020,1,1,13,1,2,6
101316,A,2022,0,1,12,1,2,
101317,A,2020,0,0,,1,1,
101318,A,2020,1,0,12,1,1,19
101319,A,2020,1,0,13,1,2,19
101320,A,2020,0,1,11,1,3,16
101321,A,2020,0,0,14,1,1,19
101322,A,2020,0,0,11,1,1,19
101323,A,2020,0,1,14,1,,5
101324,A,2020,1,0,12,1,2,5
101325,B,2018,1,1,12,1,2,
101326,B,2018,1,1,15,0,2,
101327,A,2020,0,0,,1,2,5
101328,B,2018,1,1,10,1,2,
101329,A,2020,0,1,14,1,,19
101330,A,2020,0,1,15,1,,
101331,A,2020,0,1,11,1,2,17
101332,A,2022,0,0,10,1,,
101333,A,2022,1,1,12,1,2,
101334,A,2020,0,0,12,1,,7
101335,B,2018,1,1,14,0,2,
101336,A,2020,0,1,13,1,1,19
101337,A,2020,0,0,12,1,2,19
101338,A,2022,1,1,11,1,3,
101339,A,2020,1,1,11,1,2,7
101340,A,2020,0,1,12,1,2,
101341,A,2020,0,1,12,1,2,19
101342,A,2020,1,0,12,1,3,14
101343,B,2018,0,0,12,1,,
101344,A,2020,0,0,11,1,2,4
101345,A,2020,0,0,13,1,2,18
101346,A,2020,1,1,,1,,19
101347,A,2020,0,1,15,1,2,5
101348,A,2020,1,0,13,1,2,15
101349,A,2020,1,1,16,1,1,5
101350,B,2018,0,0,12,1,,
101351,A,2022,0,0,12,1,3,
101352,A,2020,0,0,13,1,,17
101353,A,2020,0,1,12,1,1,
101354,A,2020,1,0,,1,2,19
101355,A,2022,0,1,16,1,2,
101356,A,2020,0,1,14,1,2,19
101357,A,2022,0,0,,1,1,
101358,A,2020,0,1,11,1,2,6
101359,A,2020,0,0,11,1,3,7
101360,A,2022,1,1,12,1,,
101361,B,2018,1,0,10,1,2,
101362,A,2020,1,1,12,1,2,
101363,A,2020,0,0,13,1,1,
101364,A,2020,0,1,13,1,,
101365,A,2020,0,1,12,1,2,15
101366,A,2022,0,0,11,1,2,
101367,A,2020,1,1,14,1,2,15
101368,A,2020,1,0,11,1,2,7
101369,A,2020,1,1,14,1,3,10
101370,A,2022,1,1,13,1,1,
101371,B,2018,0,0,13,0,2,
101372,A,2022,1,1,11,1,1,
101373,A,2020,1,1,14,1,,19
101374,A,2020,0,0,14,1,1,19
101375,A,2020,1,1,13,1,3,10
101376,A,2022,0,0,12,1,,
101377,A,2022,0,0,12,1,2,
101378,A,2020,0,1,13,1,,5
101379,B,2018,1,1,10,1,3,
101380,A,2020,0,0,11,1,,
101381,A,2020,0,0,12,1,2,11
101382,A,2020,0,1,15,1,2,19
101383,A,2022,1,0,12,1,2,
101384,A,2020,0,0,13,1,,4
101385,A,2020,0,0,13,1,,
101386,A,2020,0,1,13,1,2,
101387,B,2018,0,0,13,0,2,
101388,A,2020,0,0,14,1,2,5
101389,A,2020,1,0,15,1,2,6
101390,A,2020,1,1,14,1,3,5
101391,A,2020,0,1,13,1,,4
101392,A,2020,0,1,13,1,2,
101393,B,2018,0,1,,0,2,
101394,A,2020,1,1,12,1,,10
101395,A,2020,1,1,12,1,2,10
101396,A,2020,1,0,12,1,2,
101397,B,2018,1,0,14,1,2,
101398,A,2020,0,1,12,1,3,18
101399,A,2020,0,1,12,1,2,5
101400,A,2020,1,0,12,1,2,
101401,A,2020,0,0,13,1,1,19
101402,B,2018,1,1,11,1,3,
101403,A,2020,0,0,12,1,,11
101404,A,2020,1,0,13,1,2,11
101405,A,2020,1,0,13,1,,12
101406,A,2020,1,0,,1,2,7
101407,A,2020,0,1,14,1,2,19
101408,A,2020,1,1,11,1,2,
101409,A,2020,1,1,15,1,3,17
101410,A,2022,1,1,13,1,,
101411,A,2022,0,1,12,1,3,
101412,A,2020,1,0,,1,,19
101413,B,2018,0,0,12,0,3,
101414,A,2020,1,0,12,1,2,12
101415,A,2020,0,0,16,1,2,17
101416,A,2020,0,0,14,1,2,17
101417,A,2020,1,0,12,1,2,5
101418,A,2020,1,1,13,1,1,5
101419,A,2020,1,1,12,1,2,19
101420,A,2022,1,1,13,1,2,
101421,A,2022,1,1,14,1,3,
101422,A,2020,0,0,11,1,1,11
101423,A,2020,0,1,13,1,2,11
101424,A,2020,0,1,12,1,2,5
101425,A,2022,1,1,14,1,3,
101426,B,2018,1,1,13,0,2,
101427,A,2020,1,0,15,1,2,5
101428,A,2022,0,0,11,1,2,
101429,A,2022,0,1,14,1,2,
101430,A,2020,1,0,14,1,,5
101431,A,2020,1,1,12,1,3,17
101432,A,2020,0,0,12,1,3,8
101433,A,2022,0,0,14,1,3,
101434,A,2020,0,0,12,1,1,
101435,A,2020,1,0,14,1,2,18
101436,A,2020,1,0,12,1,3,16
101437,A,2020,1,0,12,1,3,9
101438,B,2018,0,1,12,0,,
101439,A,2020,1,1,14,1,2,5
101440,A,2020,0,0,11,1,2,17
101441,A,2020,0,1,12,1,,7
101442,A,2020,1,1,12,1,2,
101443,B,2018,0,0,14,1,2,
101444,A,2020,1,1,12,1,2,
101445,A,2022,1,0,12,1,1,
101446,A,2020,1,0,12,1,,7
101447,A,2020,1,0,13,1,2,18
101448,A,2020,0,1,13,1,2,5
101449,A,2020,1,1,12,1,3,12
101450,A,2020,0,1,12,1,,11
101451,A,2020,1,1,12,1,2,19
101452,A,2020,1,1,14,1,1,11
101453,A,2020,1,0,12,1,,19
101454,A,2020,0,0,11,1,3,15
101455,A,2020,0,1,15,1,,5
101456,A,2020,0,0,11,1,3,15
101457,A,2020,0,0,13,1,2,7
101458,A,2022,0,0,11,1,2,
101459,A,2020,1,1,15,1,,
101460,A,2022,0,0,12,1,1,
101461,A,2020,1,1,15,1,2,12
101462,A,2022,1,0,12,1,2,
101463,A,2020,1,0,11,1,3,10
101464,A,2020,1,1,12,1,2,19
101465,B,2018,1,0,13,1,,
101466,A,2020,0,0,11,1,,19
101467,A,2020,0,1,12,1,,5
101468,A,2020,1,0,12,1,2,4
101469,A,2020,1,1,15,1,1,19
101470,A,2022,0,0,15,1,1,
101471,A,2020,0,1,14,1,1,19
101472,A,2020,0,0,10,1,2,15
101473,A,2020,1,1,14,1,2,17
101474,A,2020,1,0,13,1,3,10
101475,A,2020,0,1,,1,1,19
101476,A,2022,1,1,14,1,,
101477,A,2020,1,0,14,1,2,17
101478,A,2020,1,0,11,1,,
101479,A,2020,0,0,14,1,2,4
101480,A,2020,0,1,13,1,,17
101481,A,2020,0,1,12,1,2,5
101482,A,2020,0,1,14,1,2,17
101483,A,2022,1,0,12,1,2,
101484,A,2020,1,0,12,1,2,6
101485,A,2020,1,1,14,1,,5
101486,A,2020,0,0,15,1,2,
101487,A,2020,0,1,15,1,3,
101488,B,2018,0,1,15,0,3,
101489,A,2022,0,0,11,1,,
101490,B,2018,1,0,13,1,,
101491,A,2022,0,0,12,1,2,
101492,A,2020,1,0,11,1,,19
101493,A,2020,0,0,11,1,2,6
101494,A,2020,0,0,13,1,2,5
101495,A,2020,1,1,11,1,2,6
101496,A,2020,0,0,12,1,2,5
101497,A,2020,0,1,12,1,2,
101498,A,2020,0,0,12,1,1,6
101499,A,2020,0,0,12,1,3,4
101500,A,2020,1,1,15,1,2,17
101501,A,2020,0,0,11,1,2,8
101502,A,2020,0,0,,1,2,
101503,A,2022,1,0,15,1,2,
101504,A,2022,1,0,11,1,2,
101505,A,2022,0,1,11,1,2,
101506,A,2020,1,1,12,1,2,
101507,B,2018,0,1,10,0,2,
101508,A,2022,1,0,14,1,3,
101509,A,2020,0,1,11,1,2,15
101510,B,2018,0,1,15,0,1,
101511,A,2020,0,1,13,1,2,17
101512,A,2020,0,1,12,1,2,7
101513,A,2020,1,1,11,1,2,18
101514,A,2020,1,1,11,1,2,6
101515,A,2020,0,1,11,1,2,6
101516,A,2020,1,0,12,1,2,19
101517,A,2022,1,0,13,1,2,
101518,A,2020,0,1,12,1,2,10
101519,A,2020,0,1,14,1,2,5
101520,A,2022,1,0,12,1,2,
101521,A,2020,0,0,11,1,2,7
101522,A,2020,1,0,13,1,,19
101523,A,2020,0,1,14,1,2,19
101524,A,2020,0,1,13,1,2,
101525,A,2020,1,0,12,1,2,19
101526,A,2020,1,0,13,1,,19
101527,A,2022,1,0,13,1,1,
101528,B,2018,1,0,15,0,1,
101529,A,2022,0,1,,1,2,
101530,A,2020,1,1,12,1,1,17
101531,A,2022,1,1,11,1,,
101532,A,2022,0,0,13,1,2,
101533,A,2020,1,0,12,1,2,19
101534,B,2018,1,1,11,0,1,
101535,A,2022,0,0,13,1,2,
101536,A,2020,0,1,11,1,2,8
101537,A,2020,1,1,13,1,3,17
101538,A,2020,1,1,12,1,2,19
101539,B,2018,0,1,13,1,2,
101540,A,2020,0,0,14,1,2,19
101541,A,2020,1,1,12,1,,6
101542,A,2020,1,1,12,1,2,1
101543,A,2020,1,1,12,1,2,11
101544,A,2020,1,1,11,1,1,8
101545,A,2020,1,0,12,1,2,17
101546,A,2020,1,0,13,1,2,
101547,A,2020,1,0,13,1,2,18
101548,A,2020,1,0,13,1,2,
101549,A,2022,0,0,14,1,,
101550,A,2020,0,1,,1,1,19
101551,B,2018,1,0,11,1,,
101552,A,2020,0,0,11,1,1,5
101553,A,2022,1,0,13,1,3,
101554,A,2020,1,1,12,1,2,6
101555,B,2018,0,0,12,0,3,
101556,A,2020,0,0,14,1,1,18
101557,A,2022,0,0,11,1,3,
101558,A,2020,1,1,12,1,3,17
101559,B,2018,1,1,14,0,2,
101560,A,2020,1,0,13,1,2,11
101561,A,2020,0,1,,1,2,
101562,A,2020,0,1,12,1,,19
101563,A,2020,1,0,13,1,3,19
101564,A,2020,1,1,13,1,2,
101565,B,2018,1,0,11,0,,
101566,A,2020,1,1,15,1,,19
101567,A,2022,1,1,11,1,2,
101568,A,2020,0,1,11,1,,
101569,A,2020,1,1,12,1,3,18
101570,A,2020,0,1,15,1,,
101571,A,2020,1,0,14,1,,
101572,A,2020,1,0,12,1,2,
101573,A,2020,0,0,14,1,2,19
101574,B,2018,1,0,13,0,1,
101575,A,2022,0,1,11,1,2,
101576,A,2022,0,1,11,1,3,
101577,A,2020,0,1,11,1,3,15
101578,A,2020,0,1,14,1,3,19
101579,A,2020,0,0,12,1,2,10
101580,A,2022,0,0,11,1,3,
101581,A,2020,1,0,13,1,2,19
101582,A,2022,0,1,12,1,,
101583,A,2020,0,0,13,1,,11
101584,A,2020,1,1,13,1,1,19
101585,A,2020,0,0,,1,1,19
101586,A,2020,1,0,11,1,1,
101587,A,2020,0,1,14,1,2,
101588,A,2020,0,1,12,1,1,19
101589,A,2020,1,1,,1,3,
101590,A,2020,1,0,12,1,2,4
101591,A,2020,0,1,14,1,3,10
101592,A,2020,0,0,13,1,1,
101593,A,2020,1,0,12,1,3,18
101594,A,2020,0,1,14,1,3,6
101595,A,2020,1,1,13,1,2,7
101596,A,2020,1,0,11,1,1,17
101597,A,2020,0,0,14,1,3,
101598,A,2020,1,0,12,1,2,
101599,A,2020,1,1,13,1,2,10
101600,A,2020,0,0,13,1,3,19
101601,A,2020,0,0,11,1,2,4
101602,A,2020,0,0,14,1,2,17
101603,A,2020,1,1,12,1,1,19
101604,A,2020,1,0,10,1,1,
101605,A,2020,1,1,14,1,3,
101606,A,2020,0,0,12,1,2,18
101607,A,2020,1,0,11,1,2,5
101608,A,2020,1,1,14,1,,
101609,A,2020,0,1,12,1,2,4
101610,A,2020,1,0,11,1,1,
101611,A,2020,1,0,11,1,2,4
101612,A,2020,1,0,12,1,2,4
101613,A,2020,1,0,10,1,2,4
101614,A,2020,0,1,14,1,2,7
101615,A,2020,1,0,12,1,2,7
101616,A,2020,1,0,12,1,1,
101617,A,2020,1,0,12,1,,
