applicant_id,cohort,selected,age_at_application,age_at_survey,age_gap,application_year_plus_age_gap
100000,A_2022,0,12.0,12.0,0.0,2022.0
100001,A_2020,1,12.0,15.0,3.0,2023.0
100002,A_2020,1,13.0,16.0,3.0,2023.0
100003,A_2020,1,13.0,15.0,2.0,2022.0
100004,A_2020,0,12.0,14.0,2.0,2022.0
100005,A_2022,1,11.0,12.0,1.0,2023.0
100006,A_2022,1,10.0,11.0,1.0,2023.0
100007,A_2020,0,11.0,14.0,3.0,2023.0
100008,A_2020,0,11.0,14.0,3.0,2023.0
100009,A_2020,1,12.0,15.0,3.0,2023.0
100010,A_2020,0,15.0,17.0,2.0,2022.0
100011,A_2022,1,12.0,13.0,1.0,2023.0
100012,A_2020,0,11.0,14.0,3.0,2023.0
100013,A_2020,1,11.0,14.0,3.0,2023.0
100014,A_2020,1,14.0,16.0,2.0,2022.0
100015,A_2020,1,14.0,17.0,3.0,2023.0
100016,B_2018,1,12.0,16.0,4.0,2022.0
100017,A_2022,1,13.0,14.0,1.0,2023.0
100018,A_2020,1,12.0,14.0,2.0,2022.0
100019,A_2020,0,10.0,13.0,3.0,2023.0
100020,A_2022,1,12.0,13.0,1.0,2023.0
100022,A_2022,0,13.0,13.0,0.0,2022.0
100023,A_2020,0,13.0,15.0,2.0,2022.0
100024,A_2020,1,12.0,14.0,2.0,2022.0
100025,A_2022,0,11.0,12.0,1.0,2023.0
100026,B_2018,1,11.0,15.0,4.0,2022.0
100027,A_2020,0,12.0,14.0,2.0,2022.0
100028,A_2020,0,14.0,16.0,2.0,2022.0
100029,A_2022,0,12.0,13.0,1.0,2023.0
100030,A_2020,0,12.0,15.0,3.0,2023.0
100031,A_2020,1,12.0,15.0,3.0,2023.0
100032,B_2018,0,12.0,17.0,5.0,2023.0
100033,A_2022,1,13.0,14.0,1.0,2023.0
100034,A_2020,1,11.0,13.0,2.0,2022.0
100036,A_2020,1,11.0,15.0,4.0,2024.0
100037,A_2022,1,12.0,12.0,0.0,2022.0
100038,A_2022,1,12.0,13.0,1.0,2023.0
100039,A_2020,1,12.0,15.0,3.0,2023.0
100040,A_2020,0,15.0,17.0,2.0,2022.0
100041,A_2020,0,15.0,17.0,2.0,2022.0
100042,A_2020,1,15.0,18.0,3.0,2023.0
100043,B_2018,1,13.0,18.0,5.0,2023.0
100044,A_2022,0,15.0,13.0,-2.0,2020.0
100045,B_2018,1,10.0,15.0,5.0,2023.0
100046,A_2020,1,12.0,15.0,3.0,2023.0
100047,B_2018,1,11.0,17.0,6.0,2024.0
100048,A_2020,0,13.0,15.0,2.0,2022.0
100049,A_2020,0,10.0,13.0,3.0,2023.0
100050,A_2020,1,12.0,14.0,2.0,2022.0
100051,A_2020,1,13.0,15.0,2.0,2022.0
100052,A_2020,1,15.0,17.0,2.0,2022.0
100053,B_2018,0,14.0,19.0,5.0,2023.0
100055,A_2020,1,13.0,16.0,3.0,2023.0
100056,A_2020,1,13.0,15.0,2.0,2022.0
100057,A_2020,1,12.0,15.0,3.0,2023.0
100058,A_2020,1,12.0,15.0,3.0,2023.0
100059,A_2020,0,12.0,14.0,2.0,2022.0
100060,A_2020,1,15.0,17.0,2.0,2022.0
100061,A_2022,1,12.0,13.0,1.0,2023.0
100062,A_2020,1,12.0,15.0,3.0,2023.0
100063,B_2018,1,12.0,16.0,4.0,2022.0
100064,A_2020,0,12.0,14.0,2.0,2022.0
100065,A_2020,0,12.0,15.0,3.0,2023.0
100066,A_2020,1,13.0,16.0,3.0,2023.0
100067,A_2020,1,11.0,13.0,2.0,2022.0
100068,A_2020,1,15.0,17.0,2.0,2022.0
100069,A_2020,1,10.0,13.0,3.0,2023.0
100070,A_2022,1,12.0,12.0,0.0,2022.0
100071,A_2022,0,12.0,12.0,0.0,2022.0
100073,A_2020,0,14.0,17.0,3.0,2023.0
100074,A_2020,1,14.0,17.0,3.0,2023.0
100075,A_2020,1,12.0,15.0,3.0,2023.0
100076,A_2020,1,14.0,17.0,3.0,2023.0
100077,A_2020,0,12.0,14.0,2.0,2022.0
100078,A_2020,1,16.0,18.0,2.0,2022.0
100079,A_2020,1,12.0,14.0,2.0,2022.0
100080,B_2018,0,15.0,19.0,4.0,2022.0
100081,A_2022,1,12.0,12.0,0.0,2022.0
100082,A_2020,1,12.0,14.0,2.0,2022.0
100083,A_2020,1,11.0,14.0,3.0,2023.0
100085,A_2020,0,14.0,16.0,2.0,2022.0
100086,A_2020,1,13.0,16.0,3.0,2023.0
100087,A_2022,1,13.0,13.0,0.0,2022.0
100088,B_2018,1,14.0,18.0,4.0,2022.0
100089,B_2018,0,14.0,18.0,4.0,2022.0
100090,A_2022,0,10.0,11.0,1.0,2023.0
100091,A_2020,1,14.0,16.0,2.0,2022.0
100092,A_2020,1,13.0,16.0,3.0,2023.0
100093,A_2020,0,11.0,14.0,3.0,2023.0
100094,A_2020,0,15.0,17.0,2.0,2022.0
100095,A_2020,1,12.0,14.0,2.0,2022.0
100096,A_2020,0,12.0,15.0,3.0,2023.0
100097,A_2020,1,15.0,17.0,2.0,2022.0
100098,A_2020,1,12.0,14.0,2.0,2022.0
100099,A_2020,1,14.0,16.0,2.0,2022.0
100100,A_2020,1,12.0,14.0,2.0,2022.0
100101,A_2020,0,13.0,15.0,2.0,2022.0
100102,B_2018,0,15.0,20.0,5.0,2023.0
100103,A_2020,0,12.0,15.0,3.0,2023.0
100104,A_2020,1,10.0,13.0,3.0,2023.0
100105,B_2018,1,12.0,16.0,4.0,2022.0
100106,A_2020,1,13.0,15.0,2.0,2022.0
100107,A_2022,1,13.0,13.0,0.0,2022.0
100108,A_2020,0,13.0,16.0,3.0,2023.0
100109,A_2020,0,13.0,15.0,2.0,2022.0
100110,A_2020,0,13.0,16.0,3.0,2023.0
100111,A_2020,0,12.0,17.0,5.0,2025.0
100112,A_2020,0,12.0,14.0,2.0,2022.0
100113,A_2020,0,12.0,14.0,2.0,2022.0
100114,B_2018,0,12.0,17.0,5.0,2023.0
100115,A_2020,1,12.0,14.0,2.0,2022.0
100116,A_2020,1,15.0,17.0,2.0,2022.0
100117,A_2020,0,13.0,15.0,2.0,2022.0
100118,B_2018,1,11.0,16.0,5.0,2023.0
100119,A_2020,1,14.0,17.0,3.0,2023.0
100120,A_2020,0,14.0,17.0,3.0,2023.0
100121,A_2020,1,12.0,14.0,2.0,2022.0
100122,A_2020,1,14.0,17.0,3.0,2023.0
100124,A_2020,1,18.0,19.0,1.0,2021.0
100125,A_2020,1,14.0,17.0,3.0,2023.0
100126,B_2018,1,12.0,16.0,4.0,2022.0
100127,A_2020,1,12.0,14.0,2.0,2022.0
100128,A_2022,1,14.0,15.0,1.0,2023.0
100129,A_2020,1,12.0,14.0,2.0,2022.0
100130,A_2022,0,11.0,13.0,2.0,2024.0
100131,A_2020,0,12.0,14.0,2.0,2022.0
100132,A_2022,1,12.0,12.0,0.0,2022.0
100133,A_2022,1,13.0,12.0,-1.0,2021.0
100134,A_2020,0,11.0,14.0,3.0,2023.0
100135,B_2018,1,14.0,19.0,5.0,2023.0
100136,A_2020,1,12.0,14.0,2.0,2022.0
100137,A_2020,1,11.0,14.0,3.0,2023.0
100138,A_2020,0,13.0,15.0,2.0,2022.0
100139,A_2020,1,13.0,16.0,3.0,2023.0
100140,A_2020,0,16.0,19.0,3.0,2023.0
100141,A_2020,0,13.0,17.0,4.0,2024.0
100142,A_2020,1,13.0,16.0,3.0,2023.0
100143,A_2022,1,12.0,13.0,1.0,2023.0
100144,A_2020,0,13.0,15.0,2.0,2022.0
100145,A_2020,1,13.0,15.0,2.0,2022.0
100146,A_2022,0,12.0,13.0,1.0,2023.0
100147,A_2020,0,13.0,15.0,2.0,2022.0
100148,A_2020,0,13.0,15.0,2.0,2022.0
100149,B_2018,1,14.0,18.0,4.0,2022.0
100150,A_2020,1,14.0,18.0,4.0,2024.0
100151,A_2020,1,11.0,14.0,3.0,2023.0
100152,A_2022,1,13.0,14.0,1.0,2023.0
100153,A_2020,0,14.0,17.0,3.0,2023.0
100154,A_2022,1,14.0,15.0,1.0,2023.0
100155,A_2022,1,16.0,16.0,0.0,2022.0
100156,A_2020,1,11.0,14.0,3.0,2023.0
100157,A_2020,1,11.0,14.0,3.0,2023.0
100158,A_2020,0,14.0,16.0,2.0,2022.0
100159,A_2022,1,13.0,13.0,0.0,2022.0
100160,A_2020,0,16.0,18.0,2.0,2022.0
100161,A_2022,0,14.0,15.0,1.0,2023.0
100162,A_2020,1,12.0,14.0,2.0,2022.0
100163,A_2020,0,12.0,15.0,3.0,2023.0
100164,B_2018,1,10.0,14.0,4.0,2022.0
100165,A_2020,0,14.0,17.0,3.0,2023.0
100166,A_2020,0,11.0,14.0,3.0,2023.0
100167,A_2020,1,14.0,16.0,2.0,2022.0
100168,A_2022,0,11.0,12.0,1.0,2023.0
100169,A_2020,1,12.0,14.0,2.0,2022.0
100170,A_2020,0,12.0,14.0,2.0,2022.0
100171,A_2020,1,14.0,16.0,2.0,2022.0
100172,A_2020,0,16.0,19.0,3.0,2023.0
100174,A_2022,1,12.0,13.0,1.0,2023.0
100175,A_2020,0,13.0,16.0,3.0,2023.0
100176,A_2020,0,11.0,14.0,3.0,2023.0
100177,B_2018,0,13.0,18.0,5.0,2023.0
100178,A_2020,0,14.0,16.0,2.0,2022.0
100179,A_2020,0,11.0,14.0,3.0,2023.0
100180,A_2020,0,12.0,14.0,2.0,2022.0
100181,B_2018,1,13.0,17.0,4.0,2022.0
100182,A_2022,1,16.0,16.0,0.0,2022.0
100183,A_2020,0,12.0,14.0,2.0,2022.0
100184,A_2020,0,12.0,15.0,3.0,2023.0
100185,A_2022,0,16.0,17.0,1.0,2023.0
100186,A_2020,1,11.0,13.0,2.0,2022.0
100187,B_2018,0,11.0,15.0,4.0,2022.0
100188,A_2022,0,13.0,14.0,1.0,2023.0
100189,A_2020,1,11.0,13.0,2.0,2022.0
100190,B_2018,0,13.0,18.0,5.0,2023.0
100191,A_2020,1,14.0,16.0,2.0,2022.0
100192,A_2020,1,13.0,16.0,3.0,2023.0
100193,A_2020,1,12.0,14.0,2.0,2022.0
100194,A_2020,1,14.0,15.0,1.0,2021.0
100195,A_2020,1,13.0,15.0,2.0,2022.0
100196,B_2018,0,13.0,17.0,4.0,2022.0
100197,B_2018,1,13.0,17.0,4.0,2022.0
100198,A_2020,1,12.0,14.0,2.0,2022.0
100199,A_2022,1,12.0,14.0,2.0,2024.0
100200,A_2020,1,15.0,17.0,2.0,2022.0
100201,A_2020,0,12.0,14.0,2.0,2022.0
100202,A_2020,1,13.0,15.0,2.0,2022.0
100203,A_2020,1,15.0,18.0,3.0,2023.0
100204,A_2020,1,12.0,14.0,2.0,2022.0
100206,A_2020,0,12.0,14.0,2.0,2022.0
100207,A_2020,0,13.0,16.0,3.0,2023.0
100209,A_2022,1,11.0,12.0,1.0,2023.0
100210,A_2020,0,15.0,18.0,3.0,2023.0
100211,A_2020,0,14.0,16.0,2.0,2022.0
100212,A_2022,0,14.0,16.0,2.0,2024.0
100213,A_2020,1,12.0,14.0,2.0,2022.0
100214,A_2020,1,11.0,14.0,3.0,2023.0
100215,A_2020,0,13.0,15.0,2.0,2022.0
100216,A_2020,0,11.0,14.0,3.0,2023.0
100217,A_2020,0,13.0,16.0,3.0,2023.0
100218,A_2020,0,14.0,16.0,2.0,2022.0
100219,A_2022,1,12.0,12.0,0.0,2022.0
100220,A_2020,0,13.0,15.0,2.0,2022.0
100221,A_2020,1,14.0,16.0,2.0,2022.0
100222,A_2020,1,12.0,15.0,3.0,2023.0
100223,A_2020,1,13.0,15.0,2.0,2022.0
100224,A_2020,0,12.0,15.0,3.0,2023.0
100225,A_2020,1,11.0,13.0,2.0,2022.0
100226,A_2020,0,15.0,18.0,3.0,2023.0
100227,A_2020,0,12.0,13.0,1.0,2021.0
100228,A_2020,0,13.0,17.0,4.0,2024.0
100229,B_2018,1,12.0,16.0,4.0,2022.0
100230,A_2020,0,12.0,14.0,2.0,2022.0
100232,B_2018,1,11.0,16.0,5.0,2023.0
100233,A_2020,1,13.0,16.0,3.0,2023.0
100234,A_2020,0,12.0,14.0,2.0,2022.0
100235,A_2020,0,12.0,14.0,2.0,2022.0
100236,A_2022,0,13.0,13.0,0.0,2022.0
100237,A_2020,0,11.0,14.0,3.0,2023.0
100238,A_2020,1,14.0,17.0,3.0,2023.0
100239,A_2020,0,12.0,15.0,3.0,2023.0
100240,A_2020,0,13.0,15.0,2.0,2022.0
100241,A_2020,0,12.0,14.0,2.0,2022.0
100242,A_2020,0,13.0,16.0,3.0,2023.0
100243,A_2020,1,13.0,16.0,3.0,2023.0
100244,A_2020,0,12.0,14.0,2.0,2022.0
100245,A_2022,1,12.0,12.0,0.0,2022.0
100246,B_2018,0,12.0,17.0,5.0,2023.0
100247,A_2020,1,14.0,16.0,2.0,2022.0
100248,A_2020,1,14.0,16.0,2.0,2022.0
100249,A_2020,1,13.0,15.0,2.0,2022.0
100250,A_2022,0,12.0,12.0,0.0,2022.0
100251,A_2020,1,11.0,13.0,2.0,2022.0
100252,A_2020,1,13.0,15.0,2.0,2022.0
100253,A_2020,0,13.0,15.0,2.0,2022.0
100254,A_2020,1,13.0,16.0,3.0,2023.0
100255,A_2020,1,15.0,18.0,3.0,2023.0
100256,A_2020,0,12.0,15.0,3.0,2023.0
100257,A_2020,1,12.0,14.0,2.0,2022.0
100259,A_2020,0,14.0,14.0,0.0,2020.0
100260,A_2020,0,12.0,14.0,2.0,2022.0
100261,A_2020,0,11.0,14.0,3.0,2023.0
100262,A_2020,1,12.0,14.0,2.0,2022.0
100263,A_2020,0,11.0,14.0,3.0,2023.0
100264,A_2020,1,13.0,15.0,2.0,2022.0
100265,A_2020,1,13.0,16.0,3.0,2023.0
100266,B_2018,1,11.0,15.0,4.0,2022.0
100268,A_2020,0,12.0,14.0,2.0,2022.0
100269,B_2018,1,11.0,15.0,4.0,2022.0
100270,A_2020,0,12.0,14.0,2.0,2022.0
100271,A_2020,1,12.0,14.0,2.0,2022.0
100272,A_2020,1,13.0,16.0,3.0,2023.0
100273,A_2020,1,12.0,15.0,3.0,2023.0
100274,A_2020,1,14.0,16.0,2.0,2022.0
100275,A_2020,0,13.0,15.0,2.0,2022.0
100276,A_2022,0,12.0,12.0,0.0,2022.0
100277,A_2022,0,16.0,16.0,0.0,2022.0
100278,A_2022,1,12.0,12.0,0.0,2022.0
100279,A_2020,0,12.0,14.0,2.0,2022.0
100280,A_2020,0,12.0,14.0,2.0,2022.0
100281,A_2020,0,13.0,15.0,2.0,2022.0
100282,A_2020,1,14.0,17.0,3.0,2023.0
100283,A_2020,0,14.0,16.0,2.0,2022.0
100284,A_2020,0,16.0,18.0,2.0,2022.0
100285,A_2022,1,12.0,12.0,0.0,2022.0
100286,A_2022,1,12.0,13.0,1.0,2023.0
100287,B_2018,1,11.0,16.0,5.0,2023.0
100288,A_2020,0,12.0,14.0,2.0,2022.0
100289,A_2020,0,11.0,14.0,3.0,2023.0
100290,A_2022,1,11.0,12.0,1.0,2023.0
100291,A_2020,1,14.0,16.0,2.0,2022.0
100292,A_2022,0,13.0,15.0,2.0,2024.0
100293,B_2018,1,11.0,16.0,5.0,2023.0
100294,A_2020,1,12.0,14.0,2.0,2022.0
100295,A_2020,0,14.0,16.0,2.0,2022.0
100296,A_2020,1,11.0,13.0,2.0,2022.0
100297,A_2020,0,10.0,12.0,2.0,2022.0
100298,B_2018,0,11.0,15.0,4.0,2022.0
100299,A_2020,1,13.0,16.0,3.0,2023.0
100300,A_2020,0,13.0,15.0,2.0,2022.0
100301,A_2020,0,13.0,16.0,3.0,2023.0
100302,B_2018,1,13.0,17.0,4.0,2022.0
100303,A_2020,1,11.0,14.0,3.0,2023.0
100304,A_2022,1,12.0,13.0,1.0,2023.0
100305,A_2022,1,12.0,12.0,0.0,2022.0
100306,A_2020,1,13.0,16.0,3.0,2023.0
100307,A_2022,1,14.0,15.0,1.0,2023.0
100308,A_2020,0,15.0,17.0,2.0,2022.0
100309,A_2020,1,14.0,16.0,2.0,2022.0
100310,A_2020,1,13.0,15.0,2.0,2022.0
100311,A_2020,1,13.0,16.0,3.0,2023.0
100312,A_2022,1,13.0,14.0,1.0,2023.0
100313,A_2020,0,12.0,15.0,3.0,2023.0
100314,A_2020,0,14.0,16.0,2.0,2022.0
100315,B_2018,1,10.0,15.0,5.0,2023.0
100316,A_2020,1,12.0,14.0,2.0,2022.0
100317,A_2020,1,12.0,15.0,3.0,2023.0
100318,A_2020,0,11.0,14.0,3.0,2023.0
100319,A_2020,0,14.0,16.0,2.0,2022.0
100320,A_2020,1,11.0,13.0,2.0,2022.0
100321,A_2020,1,13.0,15.0,2.0,2022.0
100322,A_2022,0,13.0,14.0,1.0,2023.0
100323,A_2020,0,15.0,17.0,2.0,2022.0
100324,A_2020,1,13.0,15.0,2.0,2022.0
100325,A_2020,1,12.0,15.0,3.0,2023.0
100326,A_2020,1,14.0,17.0,3.0,2023.0
100327,A_2020,0,13.0,16.0,3.0,2023.0
100328,A_2022,0,13.0,14.0,1.0,2023.0
100330,A_2020,1,12.0,15.0,3.0,2023.0
100331,A_2020,1,12.0,14.0,2.0,2022.0
100332,A_2020,0,12.0,14.0,2.0,2022.0
100333,A_2022,1,12.0,13.0,1.0,2023.0
100334,A_2020,0,13.0,15.0,2.0,2022.0
100336,A_2020,0,13.0,17.0,4.0,2024.0
100337,A_2020,1,15.0,17.0,2.0,2022.0
100338,A_2020,1,12.0,14.0,2.0,2022.0
100339,A_2020,0,13.0,16.0,3.0,2023.0
100341,A_2022,1,11.0,13.0,2.0,2024.0
100342,A_2022,0,11.0,12.0,1.0,2023.0
100343,A_2020,0,13.0,16.0,3.0,2023.0
100344,A_2022,1,12.0,13.0,1.0,2023.0
100345,A_2020,1,13.0,15.0,2.0,2022.0
100346,A_2020,0,11.0,13.0,2.0,2022.0
100347,A_2022,1,11.0,12.0,1.0,2023.0
100348,A_2020,0,11.0,14.0,3.0,2023.0
100349,B_2018,0,13.0,18.0,5.0,2023.0
100350,A_2020,0,13.0,15.0,2.0,2022.0
100351,A_2020,0,13.0,15.0,2.0,2022.0
100352,A_2020,0,12.0,15.0,3.0,2023.0
100353,A_2020,1,11.0,14.0,3.0,2023.0
100354,B_2018,0,13.0,17.0,4.0,2022.0
100355,A_2020,0,13.0,16.0,3.0,2023.0
100356,A_2022,0,11.0,12.0,1.0,2023.0
100357,A_2020,1,11.0,14.0,3.0,2023.0
100358,A_2020,1,15.0,17.0,2.0,2022.0
100359,A_2020,0,14.0,17.0,3.0,2023.0
100360,A_2022,0,12.0,13.0,1.0,2023.0
100361,B_2018,0,11.0,15.0,4.0,2022.0
100362,A_2020,0,12.0,14.0,2.0,2022.0
100363,B_2018,0,15.0,19.0,4.0,2022.0
100364,A_2020,0,11.0,14.0,3.0,2023.0
100365,A_2020,0,11.0,14.0,3.0,2023.0
100366,A_2020,0,11.0,14.0,3.0,2023.0
100367,A_2020,0,15.0,18.0,3.0,2023.0
100368,A_2020,0,15.0,10.0,-5.0,2015.0
100369,A_2020,0,14.0,17.0,3.0,2023.0
100370,A_2020,0,13.0,16.0,3.0,2023.0
100371,A_2020,1,12.0,14.0,2.0,2022.0
100372,A_2020,1,13.0,16.0,3.0,2023.0
100373,A_2020,0,13.0,15.0,2.0,2022.0
100374,A_2020,1,11.0,14.0,3.0,2023.0
100375,A_2020,0,12.0,15.0,3.0,2023.0
100376,A_2020,1,12.0,14.0,2.0,2022.0
100377,A_2020,0,14.0,16.0,2.0,2022.0
100378,A_2020,1,13.0,15.0,2.0,2022.0
100379,A_2020,0,12.0,15.0,3.0,2023.0
100380,A_2022,1,13.0,14.0,1.0,2023.0
100381,A_2020,0,12.0,14.0,2.0,2022.0
100382,A_2020,1,11.0,13.0,2.0,2022.0
100383,A_2020,1,13.0,15.0,2.0,2022.0
100384,A_2020,1,12.0,14.0,2.0,2022.0
100385,A_2020,1,13.0,16.0,3.0,2023.0
100386,A_2020,1,11.0,14.0,3.0,2023.0
100387,A_2020,0,12.0,14.0,2.0,2022.0
100388,A_2020,0,11.0,13.0,2.0,2022.0
100389,A_2020,1,12.0,14.0,2.0,2022.0
100390,A_2020,1,12.0,14.0,2.0,2022.0
100391,A_2020,1,11.0,14.0,3.0,2023.0
100392,B_2018,0,13.0,17.0,4.0,2022.0
100393,A_2022,0,13.0,14.0,1.0,2023.0
100394,A_2020,0,13.0,15.0,2.0,2022.0
100395,A_2020,1,12.0,14.0,2.0,2022.0
100396,A_2022,1,12.0,12.0,0.0,2022.0
100397,A_2020,0,14.0,16.0,2.0,2022.0
100398,A_2020,0,12.0,14.0,2.0,2022.0
100399,A_2022,0,16.0,17.0,1.0,2023.0
100400,A_2020,1,12.0,14.0,2.0,2022.0
100401,B_2018,1,12.0,17.0,5.0,2023.0
100402,A_2020,1,12.0,14.0,2.0,2022.0
100403,A_2020,0,13.0,17.0,4.0,2024.0
100404,A_2020,1,14.0,17.0,3.0,2023.0
100405,A_2020,1,12.0,14.0,2.0,2022.0
100406,B_2018,0,14.0,17.0,3.0,2021.0
100407,A_2022,1,12.0,13.0,1.0,2023.0
100408,A_2020,0,12.0,15.0,3.0,2023.0
100409,B_2018,0,15.0,19.0,4.0,2022.0
100410,A_2020,0,11.0,14.0,3.0,2023.0
100411,B_2018,0,13.0,18.0,5.0,2023.0
100412,A_2020,0,14.0,17.0,3.0,2023.0
100413,A_2020,0,13.0,15.0,2.0,2022.0
100414,A_2020,1,13.0,16.0,3.0,2023.0
100415,A_2020,1,15.0,17.0,2.0,2022.0
100417,B_2018,0,11.0,16.0,5.0,2023.0
100418,A_2020,0,12.0,14.0,2.0,2022.0
100419,A_2020,0,14.0,15.0,1.0,2021.0
100420,A_2020,1,14.0,16.0,2.0,2022.0
100421,A_2020,0,11.0,13.0,2.0,2022.0
100422,A_2020,1,12.0,14.0,2.0,2022.0
100423,A_2020,0,13.0,15.0,2.0,2022.0
100424,A_2020,0,12.0,14.0,2.0,2022.0
100425,A_2020,1,12.0,14.0,2.0,2022.0
100426,A_2022,0,14.0,15.0,1.0,2023.0
100427,A_2022,0,11.0,12.0,1.0,2023.0
100428,B_2018,1,13.0,18.0,5.0,2023.0
100429,A_2020,1,11.0,14.0,3.0,2023.0
100430,A_2020,0,12.0,14.0,2.0,2022.0
100431,A_2020,1,13.0,16.0,3.0,2023.0
100432,A_2020,1,11.0,14.0,3.0,2023.0
100433,A_2022,0,11.0,12.0,1.0,2023.0
100434,A_2020,1,12.0,15.0,3.0,2023.0
100435,A_2020,0,15.0,18.0,3.0,2023.0
100436,A_2020,1,12.0,14.0,2.0,2022.0
100437,A_2020,1,13.0,15.0,2.0,2022.0
100438,A_2020,1,12.0,14.0,2.0,2022.0
100439,A_2020,0,11.0,14.0,3.0,2023.0
100440,A_2022,1,15.0,15.0,0.0,2022.0
100441,A_2020,1,13.0,15.0,2.0,2022.0
100442,A_2020,1,13.0,15.0,2.0,2022.0
100443,A_2020,1,11.0,14.0,3.0,2023.0
100444,A_2020,1,12.0,14.0,2.0,2022.0
100445,B_2018,0,12.0,17.0,5.0,2023.0
100446,A_2020,1,12.0,14.0,2.0,2022.0
100447,A_2020,0,14.0,16.0,2.0,2022.0
100448,A_2020,1,12.0,14.0,2.0,2022.0
100449,A_2020,1,13.0,15.0,2.0,2022.0
100450,A_2020,1,11.0,13.0,2.0,2022.0
100451,A_2020,1,12.0,15.0,3.0,2023.0
100452,A_2020,0,14.0,16.0,2.0,2022.0
100453,A_2022,1,11.0,12.0,1.0,2023.0
100454,A_2022,0,13.0,14.0,1.0,2023.0
100455,A_2020,1,14.0,17.0,3.0,2023.0
100456,A_2022,1,12.0,12.0,0.0,2022.0
100457,A_2022,1,12.0,14.0,2.0,2024.0
100458,A_2020,1,11.0,14.0,3.0,2023.0
100459,A_2020,1,15.0,19.0,4.0,2024.0
100460,A_2020,0,12.0,14.0,2.0,2022.0
100461,A_2020,1,13.0,15.0,2.0,2022.0
100463,A_2020,0,12.0,14.0,2.0,2022.0
100464,B_2018,1,11.0,15.0,4.0,2022.0
100465,A_2022,1,12.0,13.0,1.0,2023.0
100466,A_2020,0,15.0,18.0,3.0,2023.0
100467,B_2018,0,14.0,16.0,2.0,2020.0
100468,A_2020,0,12.0,14.0,2.0,2022.0
100469,A_2020,1,12.0,14.0,2.0,2022.0
100470,A_2020,0,12.0,14.0,2.0,2022.0
100471,A_2022,0,14.0,15.0,1.0,2023.0
100472,A_2020,1,11.0,13.0,2.0,2022.0
100473,A_2022,1,14.0,14.0,0.0,2022.0
100474,A_2022,1,11.0,12.0,1.0,2023.0
100475,A_2020,0,13.0,15.0,2.0,2022.0
100476,A_2022,0,12.0,13.0,1.0,2023.0
100477,A_2020,0,11.0,14.0,3.0,2023.0
100478,A_2020,0,13.0,15.0,2.0,2022.0
100479,A_2020,0,11.0,13.0,2.0,2022.0
100480,A_2020,0,13.0,15.0,2.0,2022.0
100481,A_2020,1,12.0,14.0,2.0,2022.0
100482,A_2022,1,15.0,16.0,1.0,2023.0
100483,A_2020,1,14.0,17.0,3.0,2023.0
100484,A_2022,0,12.0,13.0,1.0,2023.0
100485,A_2020,0,13.0,15.0,2.0,2022.0
100486,A_2020,1,15.0,17.0,2.0,2022.0
100487,A_2020,1,14.0,16.0,2.0,2022.0
100488,A_2020,0,15.0,17.0,2.0,2022.0
100489,A_2020,1,11.0,14.0,3.0,2023.0
100490,A_2020,1,14.0,15.0,1.0,2021.0
100491,A_2022,1,12.0,13.0,1.0,2023.0
100492,A_2020,1,11.0,14.0,3.0,2023.0
100493,A_2020,1,13.0,16.0,3.0,2023.0
100494,B_2018,0,12.0,18.0,6.0,2024.0
100495,B_2018,0,13.0,18.0,5.0,2023.0
100497,A_2020,1,11.0,13.0,2.0,2022.0
100498,A_2020,1,14.0,16.0,2.0,2022.0
100499,A_2020,0,12.0,15.0,3.0,2023.0
100500,A_2022,1,14.0,16.0,2.0,2024.0
100501,A_2020,1,12.0,15.0,3.0,2023.0
100502,A_2020,1,11.0,14.0,3.0,2023.0
100503,A_2020,1,12.0,15.0,3.0,2023.0
100504,A_2020,0,14.0,16.0,2.0,2022.0
100505,A_2020,1,15.0,18.0,3.0,2023.0
100506,A_2022,0,11.0,13.0,2.0,2024.0
100507,A_2020,1,14.0,16.0,2.0,2022.0
100508,A_2020,1,10.0,12.0,2.0,2022.0
100509,A_2020,1,14.0,17.0,3.0,2023.0
100510,A_2020,0,16.0,17.0,1.0,2021.0
100511,B_2018,0,13.0,16.0,3.0,2021.0
100512,A_2020,1,13.0,15.0,2.0,2022.0
100514,A_2020,1,12.0,14.0,2.0,2022.0
100515,A_2020,1,12.0,14.0,2.0,2022.0
100516,A_2020,0,13.0,16.0,3.0,2023.0
100517,A_2020,0,12.0,14.0,2.0,2022.0
100518,B_2018,1,11.0,15.0,4.0,2022.0
100519,A_2020,1,12.0,14.0,2.0,2022.0
100520,A_2020,1,12.0,14.0,2.0,2022.0
100521,A_2022,1,12.0,12.0,0.0,2022.0
100522,A_2022,0,13.0,14.0,1.0,2023.0
100523,A_2020,0,12.0,14.0,2.0,2022.0
100524,A_2022,1,13.0,13.0,0.0,2022.0
100525,A_2020,0,11.0,14.0,3.0,2023.0
100526,A_2020,0,12.0,15.0,3.0,2023.0
100527,A_2020,0,12.0,14.0,2.0,2022.0
100528,A_2020,0,13.0,16.0,3.0,2023.0
100529,A_2020,0,12.0,15.0,3.0,2023.0
100530,A_2020,0,12.0,15.0,3.0,2023.0
100531,A_2020,1,12.0,14.0,2.0,2022.0
100532,B_2018,1,11.0,16.0,5.0,2023.0
100533,A_2020,0,12.0,14.0,2.0,2022.0
100534,A_2022,0,11.0,12.0,1.0,2023.0
100535,A_2020,1,13.0,15.0,2.0,2022.0
100536,A_2020,1,13.0,15.0,2.0,2022.0
100537,A_2020,1,11.0,14.0,3.0,2023.0
100538,A_2022,0,12.0,13.0,1.0,2023.0
100539,A_2020,0,12.0,14.0,2.0,2022.0
100540,A_2022,0,12.0,13.0,1.0,2023.0
100541,A_2020,0,13.0,15.0,2.0,2022.0
100542,A_2022,0,11.0,12.0,1.0,2023.0
100543,A_2020,0,14.0,16.0,2.0,2022.0
100544,A_2020,0,13.0,15.0,2.0,2022.0
100545,A_2020,1,10.0,13.0,3.0,2023.0
100546,A_2020,0,15.0,18.0,3.0,2023.0
100547,A_2020,0,12.0,14.0,2.0,2022.0
100548,A_2020,1,13.0,15.0,2.0,2022.0
100549,A_2022,0,11.0,12.0,1.0,2023.0
100550,A_2020,1,11.0,13.0,2.0,2022.0
100551,A_2020,1,12.0,14.0,2.0,2022.0
100552,A_2020,1,11.0,13.0,2.0,2022.0
100553,A_2020,0,12.0,15.0,3.0,2023.0
100554,A_2020,0,11.0,13.0,2.0,2022.0
100555,A_2022,1,11.0,12.0,1.0,2023.0
100556,A_2020,0,12.0,14.0,2.0,2022.0
100557,A_2022,1,15.0,16.0,1.0,2023.0
100558,A_2020,0,14.0,16.0,2.0,2022.0
100559,A_2020,1,12.0,14.0,2.0,2022.0
100560,A_2020,1,13.0,16.0,3.0,2023.0
100561,A_2022,1,11.0,11.0,0.0,2022.0
100562,A_2022,1,12.0,13.0,1.0,2023.0
100564,B_2018,1,12.0,16.0,4.0,2022.0
100565,A_2022,0,15.0,16.0,1.0,2023.0
100566,A_2020,0,12.0,15.0,3.0,2023.0
100567,B_2018,1,13.0,18.0,5.0,2023.0
100569,A_2022,1,12.0,13.0,1.0,2023.0
100570,A_2020,1,16.0,20.0,4.0,2024.0
100571,A_2020,0,12.0,14.0,2.0,2022.0
100572,A_2020,1,14.0,16.0,2.0,2022.0
100573,A_2020,0,13.0,16.0,3.0,2023.0
100574,A_2022,1,13.0,14.0,1.0,2023.0
100575,A_2020,1,12.0,14.0,2.0,2022.0
100576,A_2022,0,12.0,13.0,1.0,2023.0
100577,B_2018,0,14.0,18.0,4.0,2022.0
100578,A_2020,1,13.0,15.0,2.0,2022.0
100579,A_2020,1,13.0,15.0,2.0,2022.0
100580,A_2020,0,11.0,14.0,3.0,2023.0
100581,A_2020,0,14.0,17.0,3.0,2023.0
100582,A_2022,0,11.0,12.0,1.0,2023.0
100583,A_2020,1,12.0,14.0,2.0,2022.0
100584,A_2022,1,13.0,14.0,1.0,2023.0
100585,A_2020,1,13.0,15.0,2.0,2022.0
100586,A_2020,1,12.0,14.0,2.0,2022.0
100587,A_2020,1,11.0,14.0,3.0,2023.0
100588,B_2018,1,12.0,17.0,5.0,2023.0
100589,A_2020,0,13.0,15.0,2.0,2022.0
100590,A_2020,1,11.0,13.0,2.0,2022.0
100591,A_2020,0,11.0,14.0,3.0,2023.0
100592,A_2020,1,13.0,15.0,2.0,2022.0
100593,A_2020,1,14.0,16.0,2.0,2022.0
100594,A_2020,0,11.0,13.0,2.0,2022.0
100595,A_2020,1,14.0,17.0,3.0,2023.0
100596,B_2018,1,14.0,17.0,3.0,2021.0
100597,A_2020,1,10.0,13.0,3.0,2023.0
100598,A_2020,0,13.0,15.0,2.0,2022.0
100599,A_2020,0,14.0,16.0,2.0,2022.0
100601,A_2022,1,11.0,12.0,1.0,2023.0
100602,A_2020,0,12.0,14.0,2.0,2022.0
100603,A_2022,1,11.0,12.0,1.0,2023.0
100604,A_2022,0,11.0,13.0,2.0,2024.0
100605,A_2020,0,11.0,13.0,2.0,2022.0
100606,B_2018,1,11.0,15.0,4.0,2022.0
100607,A_2020,0,13.0,15.0,2.0,2022.0
100608,A_2020,0,12.0,15.0,3.0,2023.0
100609,A_2020,0,13.0,16.0,3.0,2023.0
100610,A_2020,1,14.0,16.0,2.0,2022.0
100611,A_2022,1,12.0,13.0,1.0,2023.0
100612,A_2020,1,13.0,15.0,2.0,2022.0
100613,A_2022,1,12.0,13.0,1.0,2023.0
100614,A_2022,0,14.0,15.0,1.0,2023.0
100615,A_2022,0,12.0,14.0,2.0,2024.0
100616,A_2020,1,14.0,16.0,2.0,2022.0
100617,A_2020,0,12.0,14.0,2.0,2022.0
100618,A_2020,0,12.0,14.0,2.0,2022.0
100619,A_2020,0,12.0,14.0,2.0,2022.0
100620,A_2020,0,13.0,16.0,3.0,2023.0
100621,A_2020,1,13.0,16.0,3.0,2023.0
100622,A_2020,1,14.0,17.0,3.0,2023.0
100623,A_2020,1,12.0,15.0,3.0,2023.0
100624,A_2020,1,12.0,14.0,2.0,2022.0
100625,A_2022,0,11.0,13.0,2.0,2024.0
100626,A_2022,1,14.0,14.0,0.0,2022.0
100627,A_2020,0,12.0,14.0,2.0,2022.0
100628,A_2022,1,14.0,11.0,-3.0,2019.0
100629,A_2020,0,14.0,17.0,3.0,2023.0
100631,A_2020,0,11.0,14.0,3.0,2023.0
100632,A_2020,1,13.0,15.0,2.0,2022.0
100633,A_2020,0,12.0,14.0,2.0,2022.0
100634,A_2020,0,12.0,14.0,2.0,2022.0
100635,A_2020,1,12.0,16.0,4.0,2024.0
100636,A_2020,0,12.0,15.0,3.0,2023.0
100637,A_2020,1,13.0,16.0,3.0,2023.0
100638,A_2020,0,14.0,16.0,2.0,2022.0
100640,A_2020,0,11.0,14.0,3.0,2023.0
100642,A_2020,1,14.0,16.0,2.0,2022.0
100643,A_2020,0,12.0,15.0,3.0,2023.0
100645,A_2020,0,13.0,15.0,2.0,2022.0
100646,A_2020,1,12.0,15.0,3.0,2023.0
100647,A_2020,0,13.0,15.0,2.0,2022.0
100648,A_2020,0,11.0,14.0,3.0,2023.0
100649,B_2018,1,11.0,15.0,4.0,2022.0
100650,A_2020,0,14.0,16.0,2.0,2022.0
100651,A_2022,0,12.0,12.0,0.0,2022.0
100652,A_2020,1,12.0,15.0,3.0,2023.0
100653,A_2020,0,12.0,15.0,3.0,2023.0
100654,A_2022,1,11.0,11.0,0.0,2022.0
100655,B_2018,1,13.0,18.0,5.0,2023.0
100656,A_2020,1,13.0,15.0,2.0,2022.0
100657,A_2022,1,12.0,13.0,1.0,2023.0
100658,A_2020,1,14.0,17.0,3.0,2023.0
100659,A_2020,1,13.0,16.0,3.0,2023.0
100660,A_2020,0,12.0,14.0,2.0,2022.0
100661,A_2020,1,12.0,14.0,2.0,2022.0
100662,A_2020,1,12.0,14.0,2.0,2022.0
100663,A_2020,1,12.0,15.0,3.0,2023.0
100664,A_2022,1,13.0,14.0,1.0,2023.0
100665,A_2020,1,12.0,14.0,2.0,2022.0
100666,B_2018,0,14.0,18.0,4.0,2022.0
100667,A_2020,1,11.0,14.0,3.0,2023.0
100668,A_2020,0,15.0,17.0,2.0,2022.0
100669,B_2018,1,11.0,16.0,5.0,2023.0
100670,A_2020,1,11.0,14.0,3.0,2023.0
100671,A_2020,1,13.0,15.0,2.0,2022.0
100672,A_2020,1,14.0,16.0,2.0,2022.0
100673,A_2022,1,10.0,11.0,1.0,2023.0
100674,A_2020,0,12.0,14.0,2.0,2022.0
100675,B_2018,0,11.0,16.0,5.0,2023.0
100676,A_2020,0,14.0,17.0,3.0,2023.0
100677,A_2022,1,13.0,14.0,1.0,2023.0
100678,A_2020,0,14.0,17.0,3.0,2023.0
100679,A_2020,1,11.0,13.0,2.0,2022.0
100680,A_2020,0,11.0,14.0,3.0,2023.0
100681,A_2020,1,12.0,15.0,3.0,2023.0
100682,A_2022,1,14.0,15.0,1.0,2023.0
100683,A_2020,1,12.0,14.0,2.0,2022.0
100684,B_2018,0,12.0,16.0,4.0,2022.0
100685,A_2020,1,12.0,14.0,2.0,2022.0
100686,A_2020,1,12.0,14.0,2.0,2022.0
100687,A_2022,1,11.0,12.0,1.0,2023.0
100688,A_2020,0,12.0,15.0,3.0,2023.0
100689,A_2022,1,12.0,12.0,0.0,2022.0
100690,B_2018,0,12.0,16.0,4.0,2022.0
100691,A_2020,1,14.0,17.0,3.0,2023.0
100692,A_2020,1,15.0,18.0,3.0,2023.0
100693,A_2020,0,13.0,16.0,3.0,2023.0
100694,A_2020,0,12.0,15.0,3.0,2023.0
100695,A_2020,1,15.0,17.0,2.0,2022.0
100696,A_2020,1,12.0,15.0,3.0,2023.0
100697,A_2020,1,12.0,14.0,2.0,2022.0
100699,A_2020,0,12.0,14.0,2.0,2022.0
100700,A_2020,1,13.0,15.0,2.0,2022.0
100701,A_2020,0,14.0,16.0,2.0,2022.0
100702,A_2022,1,12.0,13.0,1.0,2023.0
100703,A_2020,1,13.0,15.0,2.0,2022.0
100704,A_2020,1,13.0,15.0,2.0,2022.0
100705,A_2020,1,12.0,15.0,3.0,2023.0
100706,A_2020,1,14.0,17.0,3.0,2023.0
100708,A_2020,1,13.0,16.0,3.0,2023.0
100709,B_2018,0,14.0,19.0,5.0,2023.0
100710,A_2020,0,12.0,14.0,2.0,2022.0
100711,A_2020,1,14.0,15.0,1.0,2021.0
100712,A_2020,1,13.0,15.0,2.0,2022.0
100714,A_2020,0,14.0,16.0,2.0,2022.0
100715,A_2020,1,11.0,13.0,2.0,2022.0
100716,A_2020,0,12.0,14.0,2.0,2022.0
100717,B_2018,1,12.0,16.0,4.0,2022.0
100718,A_2020,0,11.0,14.0,3.0,2023.0
100719,A_2020,0,12.0,14.0,2.0,2022.0
100720,B_2018,0,11.0,15.0,4.0,2022.0
100721,A_2020,0,15.0,17.0,2.0,2022.0
100722,A_2020,1,12.0,14.0,2.0,2022.0
100723,A_2020,1,14.0,16.0,2.0,2022.0
100724,A_2020,0,12.0,14.0,2.0,2022.0
100725,A_2020,0,12.0,14.0,2.0,2022.0
100726,A_2020,1,10.0,12.0,2.0,2022.0
100727,A_2020,0,10.0,13.0,3.0,2023.0
100728,A_2020,0,12.0,15.0,3.0,2023.0
100729,A_2020,0,11.0,14.0,3.0,2023.0
100731,A_2020,1,12.0,15.0,3.0,2023.0
100732,B_2018,1,16.0,20.0,4.0,2022.0
100733,A_2020,1,14.0,16.0,2.0,2022.0
100734,A_2022,1,15.0,16.0,1.0,2023.0
100736,A_2020,1,15.0,18.0,3.0,2023.0
100737,A_2020,1,13.0,16.0,3.0,2023.0
100738,A_2022,0,11.0,12.0,1.0,2023.0
100740,A_2020,1,12.0,14.0,2.0,2022.0
100741,A_2020,0,14.0,17.0,3.0,2023.0
100742,A_2020,0,14.0,17.0,3.0,2023.0
100743,A_2020,1,11.0,14.0,3.0,2023.0
100744,A_2020,1,11.0,14.0,3.0,2023.0
100745,A_2020,0,12.0,14.0,2.0,2022.0
100746,A_2020,1,11.0,14.0,3.0,2023.0
100747,A_2020,1,14.0,17.0,3.0,2023.0
100748,A_2020,0,16.0,18.0,2.0,2022.0
100749,A_2020,1,11.0,13.0,2.0,2022.0
100750,A_2020,1,12.0,14.0,2.0,2022.0
100751,A_2020,0,11.0,13.0,2.0,2022.0
100752,A_2020,1,11.0,13.0,2.0,2022.0
100753,A_2020,1,13.0,15.0,2.0,2022.0
100754,A_2020,1,11.0,13.0,2.0,2022.0
100755,A_2020,1,13.0,15.0,2.0,2022.0
100756,A_2020,1,10.0,13.0,3.0,2023.0
100757,A_2020,1,12.0,15.0,3.0,2023.0
100758,B_2018,0,12.0,16.0,4.0,2022.0
100759,A_2020,0,12.0,15.0,3.0,2023.0
100761,B_2018,1,12.0,17.0,5.0,2023.0
100763,B_2018,0,13.0,17.0,4.0,2022.0
100764,A_2020,1,11.0,13.0,2.0,2022.0
100765,A_2022,0,11.0,11.0,0.0,2022.0
100766,A_2020,0,12.0,14.0,2.0,2022.0
100767,A_2020,0,12.0,15.0,3.0,2023.0
100768,A_2020,0,12.0,16.0,4.0,2024.0
100769,A_2020,0,14.0,17.0,3.0,2023.0
100770,A_2020,1,14.0,16.0,2.0,2022.0
100771,A_2020,1,15.0,18.0,3.0,2023.0
100772,A_2022,0,11.0,13.0,2.0,2024.0
100773,B_2018,0,12.0,17.0,5.0,2023.0
100774,A_2020,1,12.0,14.0,2.0,2022.0
100775,A_2020,0,12.0,14.0,2.0,2022.0
100776,A_2022,1,11.0,12.0,1.0,2023.0
100777,A_2020,1,13.0,15.0,2.0,2022.0
100778,A_2020,0,11.0,14.0,3.0,2023.0
100779,A_2022,0,13.0,13.0,0.0,2022.0
100780,A_2020,0,12.0,14.0,2.0,2022.0
100781,A_2020,1,12.0,15.0,3.0,2023.0
100782,A_2020,1,12.0,14.0,2.0,2022.0
100783,A_2022,1,11.0,12.0,1.0,2023.0
100784,A_2022,1,12.0,12.0,0.0,2022.0
100785,A_2020,0,13.0,15.0,2.0,2022.0
100786,A_2020,1,12.0,14.0,2.0,2022.0
100787,A_2020,1,13.0,15.0,2.0,2022.0
100788,A_2020,0,11.0,13.0,2.0,2022.0
100789,B_2018,0,14.0,19.0,5.0,2023.0
100790,A_2020,0,12.0,14.0,2.0,2022.0
100791,A_2020,0,11.0,14.0,3.0,2023.0
100792,A_2020,1,15.0,18.0,3.0,2023.0
100793,A_2020,1,12.0,14.0,2.0,2022.0
100794,A_2020,1,14.0,16.0,2.0,2022.0
100795,A_2020,1,11.0,13.0,2.0,2022.0
100796,A_2022,0,13.0,13.0,0.0,2022.0
100797,A_2020,0,12.0,15.0,3.0,2023.0
100798,A_2020,0,12.0,14.0,2.0,2022.0
100799,B_2018,1,12.0,17.0,5.0,2023.0
100800,A_2020,0,12.0,14.0,2.0,2022.0
100801,B_2018,0,15.0,19.0,4.0,2022.0
100802,A_2022,1,12.0,12.0,0.0,2022.0
100803,B_2018,0,12.0,16.0,4.0,2022.0
100804,A_2020,1,12.0,14.0,2.0,2022.0
100805,A_2020,1,13.0,16.0,3.0,2023.0
100806,A_2020,0,12.0,14.0,2.0,2022.0
100807,A_2020,0,15.0,17.0,2.0,2022.0
100808,A_2020,0,15.0,17.0,2.0,2022.0
100809,A_2020,1,11.0,14.0,3.0,2023.0
100810,A_2020,0,15.0,18.0,3.0,2023.0
100811,A_2020,0,10.0,12.0,2.0,2022.0
100812,A_2020,1,12.0,14.0,2.0,2022.0
100813,A_2022,1,11.0,12.0,1.0,2023.0
100814,A_2020,0,13.0,15.0,2.0,2022.0
100815,A_2020,1,12.0,14.0,2.0,2022.0
100816,A_2022,1,12.0,12.0,0.0,2022.0
100817,A_2020,0,12.0,14.0,2.0,2022.0
100818,A_2020,1,12.0,14.0,2.0,2022.0
100819,A_2020,1,12.0,14.0,2.0,2022.0
100820,A_2020,1,12.0,14.0,2.0,2022.0
100821,A_2022,0,12.0,12.0,0.0,2022.0
100822,A_2020,0,15.0,17.0,2.0,2022.0
100823,B_2018,1,11.0,18.0,7.0,2025.0
100824,A_2020,0,12.0,15.0,3.0,2023.0
100825,B_2018,1,13.0,17.0,4.0,2022.0
100826,A_2020,0,13.0,15.0,2.0,2022.0
100827,B_2018,1,12.0,17.0,5.0,2023.0
100828,A_2020,0,14.0,16.0,2.0,2022.0
100829,A_2022,0,11.0,12.0,1.0,2023.0
100830,A_2022,1,11.0,11.0,0.0,2022.0
100831,A_2020,1,11.0,14.0,3.0,2023.0
100832,A_2020,0,11.0,13.0,2.0,2022.0
100833,A_2022,1,12.0,12.0,0.0,2022.0
100834,A_2020,0,12.0,14.0,2.0,2022.0
100835,A_2020,1,13.0,16.0,3.0,2023.0
100836,A_2022,1,15.0,16.0,1.0,2023.0
100837,A_2022,0,13.0,14.0,1.0,2023.0
100838,A_2022,0,15.0,15.0,0.0,2022.0
100839,A_2020,0,13.0,16.0,3.0,2023.0
100841,B_2018,0,11.0,16.0,5.0,2023.0
100842,A_2020,1,14.0,16.0,2.0,2022.0
100843,A_2020,0,13.0,16.0,3.0,2023.0
100844,A_2020,1,11.0,14.0,3.0,2023.0
100845,A_2020,1,11.0,14.0,3.0,2023.0
100846,A_2022,1,13.0,14.0,1.0,2023.0
100847,B_2018,1,13.0,17.0,4.0,2022.0
100848,A_2020,0,12.0,14.0,2.0,2022.0
100849,A_2022,0,12.0,10.0,-2.0,2020.0
100850,B_2018,1,11.0,16.0,5.0,2023.0
100851,A_2020,1,13.0,15.0,2.0,2022.0
100852,A_2020,1,13.0,15.0,2.0,2022.0
100853,A_2020,1,14.0,16.0,2.0,2022.0
100854,A_2020,1,11.0,14.0,3.0,2023.0
100855,A_2020,0,14.0,16.0,2.0,2022.0
100856,A_2020,0,12.0,14.0,2.0,2022.0
100857,A_2020,0,12.0,15.0,3.0,2023.0
100858,A_2020,1,14.0,16.0,2.0,2022.0
100859,A_2020,0,11.0,14.0,3.0,2023.0
100860,B_2018,0,14.0,18.0,4.0,2022.0
100861,A_2020,0,11.0,13.0,2.0,2022.0
100862,A_2020,0,14.0,17.0,3.0,2023.0
100863,A_2022,0,13.0,13.0,0.0,2022.0
100864,A_2020,1,12.0,14.0,2.0,2022.0
100865,A_2020,1,10.0,13.0,3.0,2023.0
100866,A_2020,0,12.0,15.0,3.0,2023.0
100867,A_2022,0,13.0,13.0,0.0,2022.0
100868,A_2020,1,16.0,18.0,2.0,2022.0
100869,A_2020,1,11.0,13.0,2.0,2022.0
100870,A_2022,1,12.0,12.0,0.0,2022.0
100871,A_2020,0,12.0,15.0,3.0,2023.0
100872,B_2018,0,12.0,17.0,5.0,2023.0
100873,A_2020,1,12.0,14.0,2.0,2022.0
100874,A_2020,1,12.0,14.0,2.0,2022.0
100876,A_2020,0,13.0,16.0,3.0,2023.0
100877,A_2020,0,12.0,15.0,3.0,2023.0
100878,A_2020,1,15.0,18.0,3.0,2023.0
100879,A_2020,1,14.0,16.0,2.0,2022.0
100880,A_2020,0,15.0,17.0,2.0,2022.0
100881,B_2018,1,11.0,15.0,4.0,2022.0
100882,A_2020,0,14.0,17.0,3.0,2023.0
100883,A_2020,1,13.0,15.0,2.0,2022.0
100884,A_2020,1,13.0,16.0,3.0,2023.0
100885,A_2020,1,13.0,15.0,2.0,2022.0
100886,A_2020,1,13.0,15.0,2.0,2022.0
100887,A_2020,1,12.0,14.0,2.0,2022.0
100888,A_2020,0,14.0,16.0,2.0,2022.0
100889,A_2022,1,12.0,16.0,4.0,2026.0
100890,A_2020,0,15.0,17.0,2.0,2022.0
100891,A_2022,0,12.0,13.0,1.0,2023.0
100892,A_2022,1,11.0,11.0,0.0,2022.0
100893,A_2020,0,11.0,14.0,3.0,2023.0
100894,A_2020,1,12.0,14.0,2.0,2022.0
100895,A_2020,1,12.0,14.0,2.0,2022.0
100896,A_2020,0,13.0,15.0,2.0,2022.0
100897,A_2020,1,12.0,14.0,2.0,2022.0
100898,A_2020,1,12.0,14.0,2.0,2022.0
100899,B_2018,1,11.0,14.0,3.0,2021.0
100900,A_2022,0,14.0,14.0,0.0,2022.0
100901,A_2020,1,12.0,15.0,3.0,2023.0
100902,A_2020,0,11.0,14.0,3.0,2023.0
100903,A_2020,0,12.0,14.0,2.0,2022.0
100904,B_2018,1,11.0,16.0,5.0,2023.0
100905,A_2020,0,13.0,15.0,2.0,2022.0
100906,A_2020,1,14.0,16.0,2.0,2022.0
100907,A_2020,0,11.0,13.0,2.0,2022.0
100908,A_2022,0,13.0,14.0,1.0,2023.0
100909,A_2022,0,11.0,12.0,1.0,2023.0
100910,A_2022,1,17.0,13.0,-4.0,2018.0
100911,A_2022,0,14.0,15.0,1.0,2023.0
100912,A_2022,1,11.0,12.0,1.0,2023.0
100913,A_2020,1,11.0,14.0,3.0,2023.0
100914,B_2018,1,11.0,16.0,5.0,2023.0
100915,A_2022,1,13.0,14.0,1.0,2023.0
100916,A_2020,1,11.0,14.0,3.0,2023.0
100917,A_2020,1,14.0,16.0,2.0,2022.0
100918,A_2020,0,12.0,14.0,2.0,2022.0
100920,A_2020,1,15.0,17.0,2.0,2022.0
100921,A_2020,1,12.0,14.0,2.0,2022.0
100922,A_2020,0,15.0,18.0,3.0,2023.0
100923,A_2022,1,11.0,12.0,1.0,2023.0
100924,A_2020,1,11.0,14.0,3.0,2023.0
100925,A_2020,1,12.0,14.0,2.0,2022.0
100926,A_2020,1,13.0,15.0,2.0,2022.0
100927,A_2022,1,11.0,12.0,1.0,2023.0
100928,A_2020,0,13.0,15.0,2.0,2022.0
100929,A_2020,0,13.0,15.0,2.0,2022.0
100930,A_2020,0,12.0,14.0,2.0,2022.0
100931,A_2020,1,13.0,16.0,3.0,2023.0
100932,A_2020,0,13.0,15.0,2.0,2022.0
100933,A_2020,1,11.0,13.0,2.0,2022.0
100934,B_2018,1,11.0,16.0,5.0,2023.0
100935,A_2020,1,11.0,14.0,3.0,2023.0
100936,A_2020,1,13.0,15.0,2.0,2022.0
100937,A_2020,0,14.0,16.0,2.0,2022.0
100938,A_2020,0,12.0,15.0,3.0,2023.0
100939,A_2020,0,11.0,14.0,3.0,2023.0
100940,A_2020,1,12.0,14.0,2.0,2022.0
100941,A_2022,1,11.0,12.0,1.0,2023.0
100942,A_2020,0,12.0,14.0,2.0,2022.0
100943,B_2018,1,12.0,17.0,5.0,2023.0
100944,B_2018,1,15.0,20.0,5.0,2023.0
100945,A_2022,0,16.0,16.0,0.0,2022.0
100946,A_2020,1,14.0,17.0,3.0,2023.0
100947,A_2020,1,12.0,15.0,3.0,2023.0
100949,A_2020,1,12.0,15.0,3.0,2023.0
100950,B_2018,1,12.0,16.0,4.0,2022.0
100951,A_2022,0,11.0,11.0,0.0,2022.0
100952,A_2020,1,12.0,14.0,2.0,2022.0
100953,A_2020,0,13.0,15.0,2.0,2022.0
100954,A_2022,1,11.0,11.0,0.0,2022.0
100955,A_2020,0,13.0,16.0,3.0,2023.0
100956,A_2022,1,11.0,12.0,1.0,2023.0
100957,A_2020,1,12.0,14.0,2.0,2022.0
100958,A_2020,0,12.0,14.0,2.0,2022.0
100959,A_2020,0,12.0,15.0,3.0,2023.0
100960,A_2020,1,11.0,13.0,2.0,2022.0
100961,A_2020,0,13.0,16.0,3.0,2023.0
100962,A_2022,1,10.0,11.0,1.0,2023.0
100963,A_2020,0,13.0,15.0,2.0,2022.0
100964,A_2020,1,11.0,14.0,3.0,2023.0
100965,B_2018,1,12.0,16.0,4.0,2022.0
100966,A_2020,0,13.0,16.0,3.0,2023.0
100967,B_2018,1,13.0,17.0,4.0,2022.0
100968,A_2020,1,14.0,17.0,3.0,2023.0
100969,B_2018,1,14.0,18.0,4.0,2022.0
100970,A_2020,0,13.0,15.0,2.0,2022.0
100971,A_2020,1,14.0,16.0,2.0,2022.0
100972,A_2020,1,13.0,15.0,2.0,2022.0
100973,A_2020,0,12.0,14.0,2.0,2022.0
100974,A_2020,1,13.0,15.0,2.0,2022.0
100976,B_2018,0,12.0,16.0,4.0,2022.0
100977,A_2020,0,12.0,14.0,2.0,2022.0
100978,A_2020,0,12.0,14.0,2.0,2022.0
100979,A_2020,0,11.0,14.0,3.0,2023.0
100980,A_2022,0,15.0,15.0,0.0,2022.0
100981,A_2020,1,12.0,14.0,2.0,2022.0
100983,B_2018,0,11.0,16.0,5.0,2023.0
100984,A_2020,1,16.0,18.0,2.0,2022.0
100985,A_2020,1,12.0,14.0,2.0,2022.0
100986,A_2022,1,14.0,15.0,1.0,2023.0
100987,A_2020,1,13.0,16.0,3.0,2023.0
100988,A_2020,1,11.0,13.0,2.0,2022.0
100990,A_2020,0,12.0,15.0,3.0,2023.0
100991,A_2020,0,14.0,17.0,3.0,2023.0
100992,A_2022,0,14.0,14.0,0.0,2022.0
100993,A_2022,1,12.0,14.0,2.0,2024.0
100994,A_2020,0,14.0,16.0,2.0,2022.0
100995,A_2022,1,14.0,14.0,0.0,2022.0
100996,A_2022,0,15.0,15.0,0.0,2022.0
100997,A_2020,0,15.0,17.0,2.0,2022.0
100998,B_2018,0,14.0,18.0,4.0,2022.0
100999,A_2020,1,11.0,14.0,3.0,2023.0
101000,A_2020,0,15.0,18.0,3.0,2023.0
101001,A_2020,1,11.0,14.0,3.0,2023.0
101002,A_2022,0,13.0,14.0,1.0,2023.0
101003,A_2022,0,14.0,13.0,-1.0,2021.0
101004,A_2020,0,11.0,13.0,2.0,2022.0
101005,A_2020,0,11.0,13.0,2.0,2022.0
101006,A_2020,0,15.0,17.0,2.0,2022.0
101007,A_2022,1,11.0,11.0,0.0,2022.0
101008,B_2018,0,12.0,17.0,5.0,2023.0
101009,A_2020,0,14.0,17.0,3.0,2023.0
101010,B_2018,1,11.0,15.0,4.0,2022.0
101011,A_2022,1,11.0,11.0,0.0,2022.0
101012,A_2020,1,12.0,14.0,2.0,2022.0
101013,A_2020,0,12.0,15.0,3.0,2023.0
101014,A_2020,1,15.0,18.0,3.0,2023.0
101015,A_2020,0,12.0,14.0,2.0,2022.0
101016,A_2020,0,14.0,16.0,2.0,2022.0
101017,A_2020,0,12.0,15.0,3.0,2023.0
101019,A_2020,1,15.0,17.0,2.0,2022.0
101021,A_2020,0,12.0,15.0,3.0,2023.0
101022,A_2022,0,13.0,14.0,1.0,2023.0
101023,A_2020,1,12.0,14.0,2.0,2022.0
101024,A_2020,0,13.0,15.0,2.0,2022.0
101025,A_2020,0,12.0,14.0,2.0,2022.0
101026,A_2022,1,14.0,13.0,-1.0,2021.0
101027,A_2020,1,11.0,14.0,3.0,2023.0
101028,A_2020,0,13.0,15.0,2.0,2022.0
101029,A_2020,1,12.0,14.0,2.0,2022.0
101030,B_2018,1,13.0,18.0,5.0,2023.0
101031,A_2022,0,14.0,15.0,1.0,2023.0
101032,A_2020,0,12.0,15.0,3.0,2023.0
101033,A_2020,1,11.0,13.0,2.0,2022.0
101034,A_2020,0,12.0,15.0,3.0,2023.0
101036,A_2020,1,12.0,15.0,3.0,2023.0
101037,A_2020,1,12.0,14.0,2.0,2022.0
101038,A_2020,0,10.0,13.0,3.0,2023.0
101039,A_2020,0,13.0,15.0,2.0,2022.0
101040,A_2020,1,11.0,13.0,2.0,2022.0
101041,A_2020,1,12.0,14.0,2.0,2022.0
101042,A_2020,1,13.0,16.0,3.0,2023.0
101043,A_2020,1,14.0,16.0,2.0,2022.0
101044,A_2020,0,12.0,14.0,2.0,2022.0
101045,A_2020,1,11.0,13.0,2.0,2022.0
101046,B_2018,1,12.0,16.0,4.0,2022.0
101047,A_2020,0,12.0,15.0,3.0,2023.0
101048,A_2022,1,11.0,11.0,0.0,2022.0
101049,A_2020,0,15.0,17.0,2.0,2022.0
101050,A_2020,0,12.0,15.0,3.0,2023.0
101051,A_2020,1,11.0,13.0,2.0,2022.0
101052,A_2022,0,12.0,12.0,0.0,2022.0
101053,A_2020,0,14.0,16.0,2.0,2022.0
101054,A_2020,1,12.0,14.0,2.0,2022.0
101055,A_2020,0,15.0,17.0,2.0,2022.0
101056,A_2020,1,14.0,17.0,3.0,2023.0
101057,A_2020,1,15.0,17.0,2.0,2022.0
101058,A_2020,0,14.0,18.0,4.0,2024.0
101059,A_2020,1,11.0,14.0,3.0,2023.0
101060,A_2020,1,14.0,17.0,3.0,2023.0
101061,A_2022,1,11.0,12.0,1.0,2023.0
101062,A_2020,0,13.0,16.0,3.0,2023.0
101063,A_2020,1,11.0,13.0,2.0,2022.0
101064,A_2020,1,13.0,15.0,2.0,2022.0
101065,A_2022,1,11.0,12.0,1.0,2023.0
101066,A_2020,0,11.0,14.0,3.0,2023.0
101067,A_2020,1,12.0,14.0,2.0,2022.0
101068,A_2020,0,12.0,15.0,3.0,2023.0
101069,A_2020,0,11.0,14.0,3.0,2023.0
101070,A_2020,0,14.0,17.0,3.0,2023.0
101071,A_2020,1,11.0,13.0,2.0,2022.0
101072,A_2020,1,12.0,15.0,3.0,2023.0
101074,A_2022,1,12.0,13.0,1.0,2023.0
101075,A_2020,0,11.0,13.0,2.0,2022.0
101076,A_2020,0,10.0,13.0,3.0,2023.0
101077,A_2020,0,15.0,18.0,3.0,2023.0
101079,A_2020,0,11.0,14.0,3.0,2023.0
101080,B_2018,0,10.0,15.0,5.0,2023.0
101081,A_2020,0,12.0,14.0,2.0,2022.0
101082,A_2020,0,14.0,16.0,2.0,2022.0
101083,A_2020,0,12.0,15.0,3.0,2023.0
101084,A_2020,0,13.0,15.0,2.0,2022.0
101085,A_2020,0,12.0,14.0,2.0,2022.0
101086,A_2020,0,11.0,14.0,3.0,2023.0
101088,A_2020,1,14.0,16.0,2.0,2022.0
101089,B_2018,1,13.0,18.0,5.0,2023.0
101090,A_2020,1,13.0,16.0,3.0,2023.0
101091,A_2020,0,12.0,14.0,2.0,2022.0
101093,A_2020,1,13.0,15.0,2.0,2022.0
101094,A_2020,1,12.0,14.0,2.0,2022.0
101095,A_2022,1,12.0,13.0,1.0,2023.0
101096,A_2022,0,14.0,15.0,1.0,2023.0
101097,A_2020,1,13.0,16.0,3.0,2023.0
101098,A_2022,1,12.0,12.0,0.0,2022.0
101099,A_2022,0,11.0,12.0,1.0,2023.0
101100,A_2020,0,14.0,17.0,3.0,2023.0
101101,A_2020,1,12.0,13.0,1.0,2021.0
101102,A_2020,1,11.0,13.0,2.0,2022.0
101103,A_2020,0,13.0,15.0,2.0,2022.0
101104,A_2022,0,12.0,13.0,1.0,2023.0
101105,A_2020,0,11.0,15.0,4.0,2024.0
101106,A_2020,0,11.0,14.0,3.0,2023.0
101107,A_2020,0,11.0,13.0,2.0,2022.0
101108,A_2020,0,12.0,14.0,2.0,2022.0
101109,A_2020,1,16.0,18.0,2.0,2022.0
101110,A_2020,1,14.0,16.0,2.0,2022.0
101111,A_2022,0,11.0,13.0,2.0,2024.0
101112,A_2020,1,11.0,13.0,2.0,2022.0
101113,A_2020,1,13.0,15.0,2.0,2022.0
101114,A_2020,0,12.0,14.0,2.0,2022.0
101115,A_2020,0,13.0,15.0,2.0,2022.0
101116,A_2020,1,11.0,14.0,3.0,2023.0
101117,A_2020,0,11.0,13.0,2.0,2022.0
101118,B_2018,1,11.0,15.0,4.0,2022.0
101119,A_2020,0,15.0,17.0,2.0,2022.0
101120,A_2020,0,12.0,15.0,3.0,2023.0
101121,B_2018,0,12.0,16.0,4.0,2022.0
101122,A_2020,1,13.0,15.0,2.0,2022.0
101123,A_2020,0,12.0,15.0,3.0,2023.0
101125,A_2020,0,13.0,18.0,5.0,2025.0
101126,A_2020,1,13.0,14.0,1.0,2021.0
101127,A_2020,0,14.0,16.0,2.0,2022.0
101128,A_2020,1,12.0,15.0,3.0,2023.0
101129,A_2020,1,12.0,15.0,3.0,2023.0
101130,A_2020,0,11.0,13.0,2.0,2022.0
101131,A_2020,0,14.0,17.0,3.0,2023.0
101132,A_2020,1,14.0,17.0,3.0,2023.0
101133,A_2020,0,12.0,14.0,2.0,2022.0
101134,B_2018,0,10.0,14.0,4.0,2022.0
101135,B_2018,1,11.0,16.0,5.0,2023.0
101136,A_2022,0,12.0,12.0,0.0,2022.0
101137,A_2020,1,12.0,14.0,2.0,2022.0
101138,A_2020,1,13.0,16.0,3.0,2023.0
101139,B_2018,0,16.0,20.0,4.0,2022.0
101140,B_2018,0,14.0,18.0,4.0,2022.0
101141,A_2022,1,12.0,14.0,2.0,2024.0
101142,A_2022,1,11.0,12.0,1.0,2023.0
101143,A_2020,1,12.0,14.0,2.0,2022.0
101144,B_2018,0,14.0,19.0,5.0,2023.0
101145,B_2018,1,15.0,20.0,5.0,2023.0
101146,A_2022,1,14.0,15.0,1.0,2023.0
101147,A_2022,0,16.0,16.0,0.0,2022.0
101148,A_2020,1,16.0,18.0,2.0,2022.0
101149,A_2020,0,12.0,15.0,3.0,2023.0
101150,A_2020,0,14.0,17.0,3.0,2023.0
101151,A_2020,0,15.0,18.0,3.0,2023.0
101152,B_2018,1,12.0,17.0,5.0,2023.0
101153,A_2020,1,12.0,14.0,2.0,2022.0
101154,A_2020,1,14.0,16.0,2.0,2022.0
101155,A_2020,0,13.0,15.0,2.0,2022.0
101156,A_2020,1,13.0,15.0,2.0,2022.0
101157,B_2018,1,12.0,17.0,5.0,2023.0
101158,A_2020,1,14.0,17.0,3.0,2023.0
101159,A_2022,0,15.0,16.0,1.0,2023.0
101160,A_2020,1,13.0,15.0,2.0,2022.0
101161,A_2020,1,11.0,14.0,3.0,2023.0
101162,A_2020,0,12.0,14.0,2.0,2022.0
101163,A_2020,0,12.0,14.0,2.0,2022.0
101164,A_2020,0,15.0,18.0,3.0,2023.0
101165,A_2020,0,12.0,15.0,3.0,2023.0
101167,A_2020,0,10.0,12.0,2.0,2022.0
101168,A_2020,0,12.0,14.0,2.0,2022.0
101169,A_2020,0,15.0,18.0,3.0,2023.0
101170,A_2022,1,14.0,15.0,1.0,2023.0
101171,A_2020,1,12.0,14.0,2.0,2022.0
101172,A_2020,0,14.0,17.0,3.0,2023.0
101173,B_2018,1,9.0,14.0,5.0,2023.0
101174,A_2020,1,13.0,15.0,2.0,2022.0
101175,A_2022,1,13.0,13.0,0.0,2022.0
101176,A_2020,0,12.0,14.0,2.0,2022.0
101177,A_2020,0,15.0,17.0,2.0,2022.0
101178,A_2020,0,12.0,14.0,2.0,2022.0
101179,A_2020,0,12.0,14.0,2.0,2022.0
101180,A_2020,1,13.0,16.0,3.0,2023.0
101181,A_2020,0,10.0,13.0,3.0,2023.0
101182,A_2020,1,11.0,13.0,2.0,2022.0
101183,B_2018,0,15.0,19.0,4.0,2022.0
101184,A_2020,1,15.0,17.0,2.0,2022.0
101185,A_2020,1,11.0,14.0,3.0,2023.0
101186,A_2020,1,11.0,15.0,4.0,2024.0
101187,A_2020,0,13.0,15.0,2.0,2022.0
101188,A_2020,0,14.0,16.0,2.0,2022.0
101189,A_2022,0,12.0,13.0,1.0,2023.0
101190,A_2020,0,11.0,13.0,2.0,2022.0
101191,B_2018,0,15.0,19.0,4.0,2022.0
101192,A_2020,0,16.0,19.0,3.0,2023.0
101193,A_2020,0,12.0,14.0,2.0,2022.0
101194,B_2018,1,15.0,18.0,3.0,2021.0
101195,A_2020,0,11.0,13.0,2.0,2022.0
101196,A_2022,0,14.0,14.0,0.0,2022.0
101197,A_2020,0,11.0,14.0,3.0,2023.0
101198,A_2022,0,11.0,11.0,0.0,2022.0
101199,A_2020,1,13.0,15.0,2.0,2022.0
101200,A_2020,1,13.0,15.0,2.0,2022.0
101201,A_2020,0,12.0,14.0,2.0,2022.0
101202,A_2020,0,16.0,18.0,2.0,2022.0
101203,A_2020,0,12.0,15.0,3.0,2023.0
101204,A_2020,1,13.0,15.0,2.0,2022.0
101205,A_2020,1,11.0,13.0,2.0,2022.0
101206,A_2020,0,14.0,17.0,3.0,2023.0
101207,A_2020,1,13.0,15.0,2.0,2022.0
101208,A_2020,0,14.0,17.0,3.0,2023.0
101209,A_2020,0,11.0,14.0,3.0,2023.0
101210,A_2020,0,12.0,14.0,2.0,2022.0
101211,B_2018,0,14.0,19.0,5.0,2023.0
101212,A_2020,1,14.0,17.0,3.0,2023.0
101214,B_2018,1,14.0,19.0,5.0,2023.0
101215,A_2020,1,13.0,15.0,2.0,2022.0
101216,A_2020,1,11.0,13.0,2.0,2022.0
101217,A_2020,0,12.0,14.0,2.0,2022.0
101218,A_2020,0,13.0,15.0,2.0,2022.0
101219,A_2020,1,12.0,14.0,2.0,2022.0
101220,A_2020,1,13.0,16.0,3.0,2023.0
101221,A_2020,0,12.0,15.0,3.0,2023.0
101222,A_2020,1,12.0,14.0,2.0,2022.0
101223,A_2022,0,13.0,13.0,0.0,2022.0
101224,A_2022,0,11.0,11.0,0.0,2022.0
101225,A_2022,0,11.0,12.0,1.0,2023.0
101226,A_2020,1,13.0,16.0,3.0,2023.0
101227,A_2020,1,12.0,14.0,2.0,2022.0
101228,A_2020,0,12.0,15.0,3.0,2023.0
101229,A_2020,1,13.0,15.0,2.0,2022.0
101230,A_2020,1,14.0,17.0,3.0,2023.0
101231,A_2020,0,11.0,14.0,3.0,2023.0
101232,A_2020,0,11.0,14.0,3.0,2023.0
101233,A_2020,1,11.0,14.0,3.0,2023.0
101234,A_2020,1,14.0,16.0,2.0,2022.0
101235,A_2022,0,13.0,13.0,0.0,2022.0
101236,A_2020,1,11.0,12.0,1.0,2021.0
101238,A_2020,0,12.0,14.0,2.0,2022.0
101239,A_2020,0,15.0,16.0,1.0,2021.0
101240,A_2020,0,13.0,16.0,3.0,2023.0
101241,A_2020,0,12.0,14.0,2.0,2022.0
101242,A_2020,0,13.0,16.0,3.0,2023.0
101243,A_2020,1,12.0,16.0,4.0,2024.0
101244,A_2020,1,13.0,16.0,3.0,2023.0
101245,A_2020,1,14.0,18.0,4.0,2024.0
101246,A_2020,1,13.0,15.0,2.0,2022.0
101247,A_2022,0,12.0,13.0,1.0,2023.0
101248,A_2020,1,12.0,14.0,2.0,2022.0
101249,A_2020,0,12.0,15.0,3.0,2023.0
101250,A_2022,0,12.0,13.0,1.0,2023.0
101251,A_2020,1,12.0,14.0,2.0,2022.0
101252,A_2022,0,15.0,15.0,0.0,2022.0
101253,B_2018,0,11.0,16.0,5.0,2023.0
101254,B_2018,0,12.0,16.0,4.0,2022.0
101255,B_2018,0,12.0,16.0,4.0,2022.0
101256,A_2020,0,12.0,15.0,3.0,2023.0
101257,A_2020,1,12.0,14.0,2.0,2022.0
101258,A_2020,0,11.0,14.0,3.0,2023.0
101259,A_2020,1,14.0,16.0,2.0,2022.0
101260,A_2022,1,13.0,14.0,1.0,2023.0
101261,B_2018,1,13.0,17.0,4.0,2022.0
101262,A_2020,0,13.0,15.0,2.0,2022.0
101263,A_2022,1,11.0,12.0,1.0,2023.0
101264,A_2022,1,12.0,12.0,0.0,2022.0
101265,A_2020,0,14.0,16.0,2.0,2022.0
101266,A_2020,1,13.0,15.0,2.0,2022.0
101267,A_2020,0,11.0,14.0,3.0,2023.0
101268,A_2020,1,14.0,16.0,2.0,2022.0
101270,B_2018,0,10.0,15.0,5.0,2023.0
101271,A_2020,1,12.0,14.0,2.0,2022.0
101272,A_2020,0,12.0,14.0,2.0,2022.0
101273,A_2020,1,14.0,17.0,3.0,2023.0
101274,A_2020,1,11.0,13.0,2.0,2022.0
101275,A_2020,1,11.0,14.0,3.0,2023.0
101276,A_2020,0,12.0,15.0,3.0,2023.0
101277,A_2020,0,12.0,14.0,2.0,2022.0
101278,A_2020,0,12.0,15.0,3.0,2023.0
101279,A_2022,0,12.0,13.0,1.0,2023.0
101280,A_2022,0,16.0,17.0,1.0,2023.0
101281,B_2018,1,12.0,17.0,5.0,2023.0
101282,A_2022,0,11.0,13.0,2.0,2024.0
101283,A_2020,0,12.0,14.0,2.0,2022.0
101284,A_2022,1,12.0,12.0,0.0,2022.0
101285,A_2020,0,12.0,14.0,2.0,2022.0
101286,B_2018,1,13.0,18.0,5.0,2023.0
101287,A_2020,0,14.0,17.0,3.0,2023.0
101288,A_2020,1,12.0,14.0,2.0,2022.0
101289,A_2020,0,12.0,15.0,3.0,2023.0
101290,A_2020,1,13.0,16.0,3.0,2023.0
101291,A_2020,1,12.0,15.0,3.0,2023.0
101292,A_2022,1,11.0,12.0,1.0,2023.0
101293,B_2018,1,10.0,15.0,5.0,2023.0
101294,A_2020,1,12.0,14.0,2.0,2022.0
101295,A_2022,0,14.0,15.0,1.0,2023.0
101297,A_2020,0,15.0,17.0,2.0,2022.0
101298,A_2020,1,13.0,15.0,2.0,2022.0
101299,A_2020,0,11.0,13.0,2.0,2022.0
101300,A_2020,0,14.0,16.0,2.0,2022.0
101301,A_2020,0,14.0,17.0,3.0,2023.0
101302,A_2020,0,14.0,16.0,2.0,2022.0
101303,A_2020,1,14.0,16.0,2.0,2022.0
101304,A_2022,1,11.0,11.0,0.0,2022.0
101305,A_2022,0,11.0,11.0,0.0,2022.0
101306,A_2020,0,13.0,15.0,2.0,2022.0
101307,A_2020,0,12.0,15.0,3.0,2023.0
101308,A_2022,0,13.0,14.0,1.0,2023.0
101309,A_2022,1,13.0,14.0,1.0,2023.0
101310,A_2022,0,12.0,13.0,1.0,2023.0
101311,A_2020,0,13.0,16.0,3.0,2023.0
101312,B_2018,0,11.0,16.0,5.0,2023.0
101313,A_2022,0,12.0,13.0,1.0,2023.0
101314,A_2020,1,11.0,14.0,3.0,2023.0
101315,A_2020,1,13.0,15.0,2.0,2022.0
101316,A_2022,0,12.0,13.0,1.0,2023.0
101318,A_2020,1,12.0,15.0,3.0,2023.0
101319,A_2020,1,13.0,15.0,2.0,2022.0
101320,A_2020,0,11.0,13.0,2.0,2022.0
101321,A_2020,0,14.0,16.0,2.0,2022.0
101322,A_2020,0,11.0,13.0,2.0,2022.0
101323,A_2020,0,14.0,16.0,2.0,2022.0
101324,A_2020,1,12.0,14.0,2.0,2022.0
101325,B_2018,1,12.0,17.0,5.0,2023.0
101326,B_2018,1,15.0,20.0,5.0,2023.0
101328,B_2018,1,10.0,15.0,5.0,2023.0
101329,A_2020,0,14.0,16.0,2.0,2022.0
101330,A_2020,0,15.0,18.0,3.0,2023.0
101331,A_2020,0,11.0,14.0,3.0,2023.0
101332,A_2022,0,10.0,12.0,2.0,2024.0
101333,A_2022,1,12.0,13.0,1.0,2023.0
101334,A_2020,0,12.0,15.0,3.0,2023.0
101335,B_2018,1,14.0,19.0,5.0,2023.0
101336,A_2020,0,13.0,15.0,2.0,2022.0
101337,A_2020,0,12.0,15.0,3.0,2023.0
101338,A_2022,1,11.0,12.0,1.0,2023.0
101339,A_2020,1,11.0,14.0,3.0,2023.0
101340,A_2020,0,12.0,14.0,2.0,2022.0
101341,A_2020,0,12.0,14.0,2.0,2022.0
101342,A_2020,1,12.0,14.0,2.0,2022.0
101343,B_2018,0,12.0,17.0,5.0,2023.0
101344,A_2020,0,11.0,14.0,3.0,2023.0
101345,A_2020,0,13.0,15.0,2.0,2022.0
101347,A_2020,0,15.0,17.0,2.0,2022.0
101348,A_2020,1,13.0,15.0,2.0,2022.0
101349,A_2020,1,16.0,18.0,2.0,2022.0
101350,B_2018,0,12.0,16.0,4.0,2022.0
101351,A_2022,0,12.0,13.0,1.0,2023.0
101352,A_2020,0,13.0,15.0,2.0,2022.0
101353,A_2020,0,12.0,14.0,2.0,2022.0
101355,A_2022,0,16.0,16.0,0.0,2022.0
101356,A_2020,0,14.0,16.0,2.0,2022.0
101358,A_2020,0,11.0,13.0,2.0,2022.0
101359,A_2020,0,11.0,14.0,3.0,2023.0
101360,A_2022,1,12.0,12.0,0.0,2022.0
101361,B_2018,1,10.0,15.0,5.0,2023.0
101362,A_2020,1,12.0,14.0,2.0,2022.0
101363,A_2020,0,13.0,15.0,2.0,2022.0
101364,A_2020,0,13.0,15.0,2.0,2022.0
101365,A_2020,0,12.0,14.0,2.0,2022.0
101366,A_2022,0,11.0,12.0,1.0,2023.0
101367,A_2020,1,14.0,17.0,3.0,2023.0
101368,A_2020,1,11.0,14.0,3.0,2023.0
101369,A_2020,1,14.0,17.0,3.0,2023.0
101370,A_2022,1,13.0,14.0,1.0,2023.0
101371,B_2018,0,13.0,17.0,4.0,2022.0
101372,A_2022,1,11.0,12.0,1.0,2023.0
101373,A_2020,1,14.0,17.0,3.0,2023.0
101374,A_2020,0,14.0,15.0,1.0,2021.0
101375,A_2020,1,13.0,15.0,2.0,2022.0
101376,A_2022,0,12.0,13.0,1.0,2023.0
101377,A_2022,0,12.0,13.0,1.0,2023.0
101378,A_2020,0,13.0,16.0,3.0,2023.0
101379,B_2018,1,10.0,14.0,4.0,2022.0
101380,A_2020,0,11.0,14.0,3.0,2023.0
101381,A_2020,0,12.0,14.0,2.0,2022.0
101382,A_2020,0,15.0,17.0,2.0,2022.0
101383,A_2022,1,12.0,12.0,0.0,2022.0
101384,A_2020,0,13.0,16.0,3.0,2023.0
101385,A_2020,0,13.0,15.0,2.0,2022.0
101386,A_2020,0,13.0,15.0,2.0,2022.0
101387,B_2018,0,13.0,17.0,4.0,2022.0
101388,A_2020,0,14.0,16.0,2.0,2022.0
101389,A_2020,1,15.0,18.0,3.0,2023.0
101390,A_2020,1,14.0,16.0,2.0,2022.0
101391,A_2020,0,13.0,17.0,4.0,2024.0
101392,A_2020,0,13.0,15.0,2.0,2022.0
101394,A_2020,1,12.0,14.0,2.0,2022.0
101395,A_2020,1,12.0,15.0,3.0,2023.0
101396,A_2020,1,12.0,14.0,2.0,2022.0
101397,B_2018,1,14.0,19.0,5.0,2023.0
101398,A_2020,0,12.0,14.0,2.0,2022.0
101399,A_2020,0,12.0,15.0,3.0,2023.0
101400,A_2020,1,12.0,14.0,2.0,2022.0
101401,A_2020,0,13.0,15.0,2.0,2022.0
101402,B_2018,1,11.0,16.0,5.0,2023.0
101403,A_2020,0,12.0,14.0,2.0,2022.0
101404,A_2020,1,13.0,15.0,2.0,2022.0
101405,A_2020,1,13.0,15.0,2.0,2022.0
101407,A_2020,0,14.0,16.0,2.0,2022.0
101408,A_2020,1,11.0,14.0,3.0,2023.0
101409,A_2020,1,15.0,17.0,2.0,2022.0
101410,A_2022,1,13.0,13.0,0.0,2022.0
101411,A_2022,0,12.0,12.0,0.0,2022.0
101413,B_2018,0,12.0,17.0,5.0,2023.0
101414,A_2020,1,12.0,15.0,3.0,2023.0
101415,A_2020,0,16.0,18.0,2.0,2022.0
101416,A_2020,0,14.0,17.0,3.0,2023.0
101417,A_2020,1,12.0,14.0,2.0,2022.0
101418,A_2020,1,13.0,16.0,3.0,2023.0
101419,A_2020,1,12.0,15.0,3.0,2023.0
101420,A_2022,1,13.0,14.0,1.0,2023.0
101421,A_2022,1,14.0,15.0,1.0,2023.0
101422,A_2020,0,11.0,13.0,2.0,2022.0
101423,A_2020,0,13.0,15.0,2.0,2022.0
101424,A_2020,0,12.0,14.0,2.0,2022.0
101425,A_2022,1,14.0,14.0,0.0,2022.0
101426,B_2018,1,13.0,17.0,4.0,2022.0
101427,A_2020,1,15.0,17.0,2.0,2022.0
101428,A_2022,0,11.0,12.0,1.0,2023.0
101429,A_2022,0,14.0,14.0,0.0,2022.0
101430,A_2020,1,14.0,16.0,2.0,2022.0
101431,A_2020,1,12.0,14.0,2.0,2022.0
101432,A_2020,0,12.0,14.0,2.0,2022.0
101433,A_2022,0,14.0,15.0,1.0,2023.0
101434,A_2020,0,12.0,15.0,3.0,2023.0
101435,A_2020,1,14.0,16.0,2.0,2022.0
101436,A_2020,1,12.0,14.0,2.0,2022.0
101437,A_2020,1,12.0,15.0,3.0,2023.0
101438,B_2018,0,12.0,17.0,5.0,2023.0
101439,A_2020,1,14.0,16.0,2.0,2022.0
101440,A_2020,0,11.0,13.0,2.0,2022.0
101441,A_2020,0,12.0,15.0,3.0,2023.0
101442,A_2020,1,12.0,15.0,3.0,2023.0
101443,B_2018,0,14.0,18.0,4.0,2022.0
101444,A_2020,1,12.0,14.0,2.0,2022.0
101445,A_2022,1,12.0,12.0,0.0,2022.0
101446,A_2020,1,12.0,14.0,2.0,2022.0
101447,A_2020,1,13.0,15.0,2.0,2022.0
101448,A_2020,0,13.0,15.0,2.0,2022.0
101449,A_2020,1,12.0,15.0,3.0,2023.0
101450,A_2020,0,12.0,14.0,2.0,2022.0
101451,A_2020,1,12.0,15.0,3.0,2023.0
101452,A_2020,1,14.0,16.0,2.0,2022.0
101453,A_2020,1,12.0,14.0,2.0,2022.0
101454,A_2020,0,11.0,13.0,2.0,2022.0
101455,A_2020,0,15.0,18.0,3.0,2023.0
101456,A_2020,0,11.0,13.0,2.0,2022.0
101457,A_2020,0,13.0,16.0,3.0,2023.0
101458,A_2022,0,11.0,12.0,1.0,2023.0
101459,A_2020,1,15.0,17.0,2.0,2022.0
101460,A_2022,0,12.0,13.0,1.0,2023.0
101461,A_2020,1,15.0,17.0,2.0,2022.0
101462,A_2022,1,12.0,14.0,2.0,2024.0
101463,A_2020,1,11.0,14.0,3.0,2023.0
101464,A_2020,1,12.0,14.0,2.0,2022.0
101465,B_2018,1,13.0,18.0,5.0,2023.0
101466,A_2020,0,11.0,13.0,2.0,2022.0
101467,A_2020,0,12.0,15.0,3.0,2023.0
101468,A_2020,1,12.0,14.0,2.0,2022.0
101469,A_2020,1,15.0,18.0,3.0,2023.0
101470,A_2022,0,15.0,15.0,0.0,2022.0
101471,A_2020,0,14.0,16.0,2.0,2022.0
101472,A_2020,0,10.0,12.0,2.0,2022.0
101473,A_2020,1,14.0,16.0,2.0,2022.0
101474,A_2020,1,13.0,15.0,2.0,2022.0
101476,A_2022,1,14.0,15.0,1.0,2023.0
101477,A_2020,1,14.0,16.0,2.0,2022.0
101478,A_2020,1,11.0,14.0,3.0,2023.0
101479,A_2020,0,14.0,17.0,3.0,2023.0
101480,A_2020,0,13.0,15.0,2.0,2022.0
101481,A_2020,0,12.0,15.0,3.0,2023.0
101482,A_2020,0,14.0,16.0,2.0,2022.0
101483,A_2022,1,12.0,13.0,1.0,2023.0
101484,A_2020,1,12.0,14.0,2.0,2022.0
101485,A_2020,1,14.0,17.0,3.0,2023.0
101486,A_2020,0,15.0,17.0,2.0,2022.0
101487,A_2020,0,15.0,18.0,3.0,2023.0
101488,B_2018,0,15.0,19.0,4.0,2022.0
101489,A_2022,0,11.0,11.0,0.0,2022.0
101490,B_2018,1,13.0,17.0,4.0,2022.0
101491,A_2022,0,12.0,13.0,1.0,2023.0
101492,A_2020,1,11.0,13.0,2.0,2022.0
101493,A_2020,0,11.0,14.0,3.0,2023.0
101494,A_2020,0,13.0,15.0,2.0,2022.0
101495,A_2020,1,11.0,13.0,2.0,2022.0
101496,A_2020,0,12.0,15.0,3.0,2023.0
101497,A_2020,0,12.0,14.0,2.0,2022.0
101498,A_2020,0,12.0,15.0,3.0,2023.0
101499,A_2020,0,12.0,14.0,2.0,2022.0
101500,A_2020,1,15.0,18.0,3.0,2023.0
101501,A_2020,0,11.0,14.0,3.0,2023.0
101503,A_2022,1,15.0,14.0,-1.0,2021.0
101504,A_2022,1,11.0,12.0,1.0,2023.0
101505,A_2022,0,11.0,12.0,1.0,2023.0
101506,A_2020,1,12.0,15.0,3.0,2023.0
101507,B_2018,0,10.0,15.0,5.0,2023.0
101508,A_2022,1,14.0,13.0,-1.0,2021.0
101509,A_2020,0,11.0,14.0,3.0,2023.0
101510,B_2018,0,15.0,20.0,5.0,2023.0
101511,A_2020,0,13.0,16.0,3.0,2023.0
101512,A_2020,0,12.0,14.0,2.0,2022.0
101513,A_2020,1,11.0,15.0,4.0,2024.0
101514,A_2020,1,11.0,14.0,3.0,2023.0
101515,A_2020,0,11.0,14.0,3.0,2023.0
101516,A_2020,1,12.0,15.0,3.0,2023.0
101517,A_2022,1,13.0,14.0,1.0,2023.0
101518,A_2020,0,12.0,14.0,2.0,2022.0
101519,A_2020,0,14.0,16.0,2.0,2022.0
101520,A_2022,1,12.0,12.0,0.0,2022.0
101521,A_2020,0,11.0,14.0,3.0,2023.0
101522,A_2020,1,13.0,15.0,2.0,2022.0
101523,A_2020,0,14.0,16.0,2.0,2022.0
101524,A_2020,0,13.0,15.0,2.0,2022.0
101525,A_2020,1,12.0,14.0,2.0,2022.0
101526,A_2020,1,13.0,15.0,2.0,2022.0
101527,A_2022,1,13.0,14.0,1.0,2023.0
101528,B_2018,1,15.0,20.0,5.0,2023.0
101530,A_2020,1,12.0,15.0,3.0,2023.0
101531,A_2022,1,11.0,12.0,1.0,2023.0
101532,A_2022,0,13.0,12.0,-1.0,2021.0
101533,A_2020,1,12.0,15.0,3.0,2023.0
101534,B_2018,1,11.0,16.0,5.0,2023.0
101535,A_2022,0,13.0,13.0,0.0,2022.0
101536,A_2020,0,11.0,13.0,2.0,2022.0
101537,A_2020,1,13.0,15.0,2.0,2022.0
101538,A_2020,1,12.0,14.0,2.0,2022.0
101539,B_2018,0,13.0,17.0,4.0,2022.0
101540,A_2020,0,14.0,16.0,2.0,2022.0
101541,A_2020,1,12.0,15.0,3.0,2023.0
101542,A_2020,1,12.0,14.0,2.0,2022.0
101543,A_2020,1,12.0,14.0,2.0,2022.0
101544,A_2020,1,11.0,15.0,4.0,2024.0
101545,A_2020,1,12.0,15.0,3.0,2023.0
101546,A_2020,1,13.0,15.0,2.0,2022.0
101547,A_2020,1,13.0,16.0,3.0,2023.0
101548,A_2020,1,13.0,16.0,3.0,2023.0
101549,A_2022,0,14.0,15.0,1.0,2023.0
101551,B_2018,1,11.0,16.0,5.0,2023.0
101552,A_2020,0,11.0,13.0,2.0,2022.0
101553,A_2022,1,13.0,14.0,1.0,2023.0
101554,A_2020,1,12.0,15.0,3.0,2023.0
101555,B_2018,0,12.0,17.0,5.0,2023.0
101556,A_2020,0,14.0,16.0,2.0,2022.0
101557,A_2022,0,11.0,11.0,0.0,2022.0
101558,A_2020,1,12.0,15.0,3.0,2023.0
101559,B_2018,1,14.0,18.0,4.0,2022.0
101560,A_2020,1,13.0,15.0,2.0,2022.0
101562,A_2020,0,12.0,14.0,2.0,2022.0
101563,A_2020,1,13.0,15.0,2.0,2022.0
101564,A_2020,1,13.0,16.0,3.0,2023.0
101565,B_2018,1,11.0,15.0,4.0,2022.0
101566,A_2020,1,15.0,17.0,2.0,2022.0
101567,A_2022,1,11.0,12.0,1.0,2023.0
101568,A_2020,0,11.0,14.0,3.0,2023.0
101569,A_2020,1,12.0,14.0,2.0,2022.0
101570,A_2020,0,15.0,17.0,2.0,2022.0
101571,A_2020,1,14.0,17.0,3.0,2023.0
101572,A_2020,1,12.0,14.0,2.0,2022.0
101573,A_2020,0,14.0,17.0,3.0,2023.0
101574,B_2018,1,13.0,18.0,5.0,2023.0
101575,A_2022,0,11.0,12.0,1.0,2023.0
101576,A_2022,0,11.0,12.0,1.0,2023.0
101577,A_2020,0,11.0,14.0,3.0,2023.0
101578,A_2020,0,14.0,17.0,3.0,2023.0
101579,A_2020,0,12.0,14.0,2.0,2022.0
101580,A_2022,0,11.0,12.0,1.0,2023.0
101581,A_2020,1,13.0,16.0,3.0,2023.0
101582,A_2022,0,12.0,13.0,1.0,2023.0
101583,A_2020,0,13.0,15.0,2.0,2022.0
101584,A_2020,1,13.0,16.0,3.0,2023.0
101586,A_2020,1,11.0,14.0,3.0,2023.0
101587,A_2020,0,14.0,17.0,3.0,2023.0
101588,A_2020,0,12.0,15.0,3.0,2023.0
101590,A_2020,1,12.0,14.0,2.0,2022.0
101591,A_2020,0,14.0,16.0,2.0,2022.0
101592,A_2020,0,13.0,15.0,2.0,2022.0
101593,A_2020,1,12.0,15.0,3.0,2023.0
101594,A_2020,0,14.0,16.0,2.0,2022.0
101595,A_2020,1,13.0,15.0,2.0,2022.0
101596,A_2020,1,11.0,13.0,2.0,2022.0
101597,A_2020,0,14.0,17.0,3.0,2023.0
101598,A_2020,1,12.0,14.0,2.0,2022.0
101599,A_2020,1,13.0,15.0,2.0,2022.0
101600,A_2020,0,13.0,15.0,2.0,2022.0
101601,A_2020,0,11.0,13.0,2.0,2022.0
101602,A_2020,0,14.0,17.0,3.0,2023.0
101603,A_2020,1,12.0,14.0,2.0,2022.0
101604,A_2020,1,10.0,13.0,3.0,2023.0
101605,A_2020,1,14.0,16.0,2.0,2022.0
101606,A_2020,0,12.0,14.0,2.0,2022.0
101607,A_2020,1,11.0,14.0,3.0,2023.0
101608,A_2020,1,14.0,16.0,2.0,2022.0
101609,A_2020,0,12.0,14.0,2.0,2022.0
101610,A_2020,1,11.0,14.0,3.0,2023.0
101611,A_2020,1,11.0,14.0,3.0,2023.0
101612,A_2020,1,12.0,14.0,2.0,2022.0
101613,A_2020,1,10.0,12.0,2.0,2022.0
101614,A_2020,0,14.0,16.0,2.0,2022.0
101615,A_2020,1,12.0,14.0,2.0,2022.0
101616,A_2020,1,12.0,14.0,2.0,2022.0
101617,A_2020,1,12.0,15.0,3.0,2023.0
