applicant_id,municipality,application_year,selected,male,age_at_application,has_phone,ses_stratum,neighborhood,age_at_survey,survey_month,survey_form,household_visit,mother_educ,father_educ,mother_age,father_age,father_income_high,receiving_aid_now,started_g6_private,started_g7_private,in_private_now,in_school_now,highest_grade,finished_g6,finished_g7,finished_g8,repeats_g6,ever_repeated,total_repeats,years_in_school,married_or_cohab,has_child,working,hours_worked,cohort,private_history_g6_g7_current,g6_to_current_exit,g6_to_g7_nonprivate_start,earlier_private_to_current_exit,g6_private_g7_nonprivate_current_private,current_exit_schooling_status,age_change
100011,A,2022,1,1,12,1,2,,13,10,1,0,,8.0,,38.0,0,0,1,0,0,1,5,0,0,0,0,0,0,2,0,0,0,0.0,A2022,1->0->0,1,1,1,0,enrolled_nonprivate,1.0
100017,A,2022,1,0,13,1,2,,14,4,1,0,0.0,2.0,34.0,50.0,0,1,1,1,0,1,7,1,1,0,0,0,0,2,0,0,0,0.0,A2022,1->1->0,1,0,1,0,enrolled_nonprivate,1.0
100027,A,2020,0,1,12,1,,,14,4,0,0,5.0,,42.0,,,0,1,0,0,1,8,1,1,1,0,0,0,4,0,0,1,8.0,A2020,1->0->0,1,1,1,0,enrolled_nonprivate,2.0
100029,A,2022,0,1,12,1,2,,13,6,1,0,8.0,6.0,32.0,32.0,,0,1,0,0,1,6,1,0,0,0,0,0,2,0,0,0,0.0,A2022,1->0->0,1,1,1,0,enrolled_nonprivate,1.0
100031,A,2020,1,1,12,1,1,,15,4,0,0,,,40.0,39.0,0,0,1,1,0,1,7,1,1,0,0,1,1,4,0,0,0,0.0,A2020,1->1->0,1,0,1,0,enrolled_nonprivate,3.0
100036,A,2020,1,0,11,1,2,,15,3,1,0,,,,,,0,1,0,0,0,6,1,0,0,0,0,0,1,0,0,0,0.0,A2020,1->0->0,1,1,1,0,not_currently_enrolled,4.0
100041,A,2020,0,0,15,1,1,,17,5,0,0,6.0,5.0,41.0,47.0,0,0,1,1,0,0,6,1,0,0,0,0,0,2,0,0,0,0.0,A2020,1->1->0,1,0,1,0,not_currently_enrolled,2.0
100042,A,2020,1,1,15,1,1,6,18,3,0,0,3.0,4.0,58.0,59.0,0,0,1,0,0,0,5,0,0,0,0,0,0,1,0,0,1,0.0,A2020,1->0->0,1,1,1,0,not_currently_enrolled,3.0
100043,B,2018,1,1,13,0,,,18,7,1,0,,2.0,,52.0,0,0,0,1,0,0,7,1,1,0,0,0,0,3,0,0,0,0.0,B2018,0->1->0,,,1,0,not_currently_enrolled,5.0
100046,A,2020,1,0,12,1,2,18,15,4,1,0,11.0,5.0,34.0,40.0,0,0,1,1,0,1,9,1,1,1,0,0,0,4,0,0,0,0.0,A2020,1->1->0,1,0,1,0,enrolled_nonprivate,3.0
100047,B,2018,1,0,11,0,2,,17,8,1,1,6.0,,36.0,,,0,1,0,0,0,7,1,1,0,0,0,0,3,1,0,0,0.0,B2018,1->0->0,1,1,1,0,not_currently_enrolled,6.0
100048,A,2020,0,0,13,1,2,6,15,3,0,0,0.0,3.0,40.0,52.0,0,0,1,0,0,0,5,0,0,0,1,1,1,2,1,1,0,0.0,A2020,1->0->0,1,1,1,0,not_currently_enrolled,2.0
100050,A,2020,1,0,12,1,2,7,14,3,0,0,5.0,7.0,37.0,52.0,0,0,1,0,0,0,7,1,1,0,1,1,1,3,0,1,0,0.0,A2020,1->0->0,1,1,1,0,not_currently_enrolled,2.0
100060,A,2020,1,1,15,1,1,5,17,8,1,0,5.0,5.0,50.0,36.0,0,0,1,0,0,0,5,0,0,0,0,0,0,1,0,0,0,0.0,A2020,1->0->0,1,1,1,0,not_currently_enrolled,2.0
100062,A,2020,1,1,12,1,2,19,15,4,0,0,7.0,5.0,39.0,44.0,,0,1,0,1,1,8,1,1,1,0,0,0,4,0,0,0,0.0,A2020,1->0->1,0,1,0,1,not_an_observed_current_exit,3.0
100064,A,2020,0,1,12,1,1,5,14,2,0,0,9.0,5.0,38.0,41.0,0,0,1,0,0,1,8,1,1,1,0,0,0,4,0,0,0,0.0,A2020,1->0->0,1,1,1,0,enrolled_nonprivate,2.0
100069,A,2020,1,0,10,1,2,,13,7,1,0,11.0,11.0,28.0,42.0,0,0,1,1,0,1,7,1,1,0,0,1,1,4,0,0,0,0.0,A2020,1->1->0,1,0,1,0,enrolled_nonprivate,3.0
100072,A,2020,0,1,,1,2,5,15,4,0,0,11.0,4.0,39.0,41.0,0,0,1,1,0,0,6,1,0,0,0,0,0,2,0,0,1,40.0,A2020,1->1->0,1,0,1,0,not_currently_enrolled,
100073,A,2020,0,0,14,1,1,5,17,4,0,0,5.0,,39.0,59.0,0,0,1,0,0,0,5,0,0,0,0,0,0,1,0,0,1,40.0,A2020,1->0->0,1,1,1,0,not_currently_enrolled,3.0
100076,A,2020,1,1,14,1,,19,17,3,0,0,7.0,5.0,34.0,41.0,0,0,1,0,0,0,6,1,0,0,1,1,1,2,0,0,1,40.0,A2020,1->0->0,1,1,1,0,not_currently_enrolled,3.0
100078,A,2020,1,1,16,1,2,12,18,6,0,0,5.0,,53.0,,,0,1,1,0,0,8,1,1,1,0,0,0,3,0,0,1,40.0,A2020,1->1->0,1,0,1,0,not_currently_enrolled,2.0
100083,A,2020,1,1,11,1,2,11,14,8,1,0,6.0,6.0,47.0,46.0,0,0,1,1,0,1,7,1,1,0,0,1,1,4,0,0,0,0.0,A2020,1->1->0,1,0,1,0,enrolled_nonprivate,3.0
100084,A,2020,1,0,,1,,11,16,1,0,1,4.0,,38.0,,,0,1,0,0,0,6,1,0,0,0,0,0,1,1,1,0,0.0,A2020,1->0->0,1,1,1,0,not_currently_enrolled,
100092,A,2020,1,0,13,1,2,17,16,7,1,0,6.0,,37.0,,,0,1,1,0,1,7,1,1,0,0,1,1,4,0,0,1,10.0,A2020,1->1->0,1,0,1,0,enrolled_nonprivate,3.0
100093,A,2020,0,0,11,1,2,11,14,3,0,0,11.0,5.0,42.0,35.0,0,0,1,1,0,1,8,1,1,1,0,0,0,4,0,0,0,0.0,A2020,1->1->0,1,0,1,0,enrolled_nonprivate,3.0
100097,A,2020,1,0,15,1,4,10,17,2,0,1,5.0,,38.0,,,0,1,1,0,1,8,1,1,1,0,0,0,4,0,0,0,0.0,A2020,1->1->0,1,0,1,0,enrolled_nonprivate,2.0
100098,A,2020,1,1,12,1,2,,14,3,0,0,11.0,6.0,40.0,53.0,0,0,1,1,0,1,8,1,1,1,0,0,0,4,0,0,0,0.0,A2020,1->1->0,1,0,1,0,enrolled_nonprivate,2.0
100099,A,2020,1,0,14,1,,,16,3,0,0,4.0,4.0,46.0,51.0,0,0,1,1,0,0,6,1,0,0,0,0,0,2,0,0,0,0.0,A2020,1->1->0,1,0,1,0,not_currently_enrolled,2.0
100109,A,2020,0,1,13,1,2,19,15,3,0,0,,,48.0,55.0,,0,1,0,0,1,7,1,1,0,0,0,0,4,0,0,1,40.0,A2020,1->0->0,1,1,1,0,enrolled_nonprivate,2.0
100117,A,2020,0,1,13,1,2,,15,3,0,0,6.0,5.0,30.0,39.0,0,0,1,1,0,0,6,1,0,0,0,0,0,2,0,0,1,40.0,A2020,1->1->0,1,0,1,0,not_currently_enrolled,2.0
100119,A,2020,1,0,14,1,1,5,17,3,0,0,5.0,5.0,40.0,45.0,0,0,1,1,0,0,7,1,1,0,0,0,0,3,0,0,0,0.0,A2020,1->1->0,1,0,1,0,not_currently_enrolled,3.0
100120,A,2020,0,0,14,1,,,17,3,0,0,5.0,6.0,54.0,45.0,0,0,1,0,0,0,5,0,0,0,0,0,0,1,0,0,1,40.0,A2020,1->0->0,1,1,1,0,not_currently_enrolled,3.0
100125,A,2020,1,1,14,1,3,14,17,7,1,0,0.0,0.0,39.0,39.0,0,0,1,1,0,0,8,1,1,1,0,0,0,4,0,0,0,0.0,A2020,1->1->0,1,0,1,0,not_currently_enrolled,3.0
100128,A,2022,1,1,14,1,,,15,7,1,0,0.0,3.0,38.0,37.0,0,0,1,0,0,1,5,0,0,0,1,1,1,2,0,0,1,25.0,A2022,1->0->0,1,1,1,0,enrolled_nonprivate,1.0
100131,A,2020,0,1,12,1,1,19,14,4,0,0,3.0,,35.0,,,0,1,0,0,1,8,1,1,1,0,0,0,4,0,0,1,8.0,A2020,1->0->0,1,1,1,0,enrolled_nonprivate,2.0
100140,A,2020,0,0,16,1,1,19,19,4,0,0,0.0,,60.0,,,0,1,0,0,0,5,0,0,0,0,0,0,1,1,1,0,0.0,A2020,1->0->0,1,1,1,0,not_currently_enrolled,3.0
100144,A,2020,0,0,13,1,2,7,15,3,0,0,5.0,5.0,57.0,57.0,0,0,1,0,0,0,6,1,0,0,0,0,0,1,0,0,0,0.0,A2020,1->0->0,1,1,1,0,not_currently_enrolled,2.0
100148,A,2020,0,0,13,1,1,19,15,3,0,0,4.0,3.0,48.0,68.0,0,0,1,1,0,0,7,1,1,0,0,0,0,2,0,0,0,0.0,A2020,1->1->0,1,0,1,0,not_currently_enrolled,2.0
100150,A,2020,1,1,14,1,3,19,18,4,1,0,5.0,11.0,36.0,38.0,1,0,1,1,0,0,9,1,1,1,0,0,0,3,0,0,1,25.0,A2020,1->1->0,1,0,1,0,not_currently_enrolled,4.0
100157,A,2020,1,1,11,1,3,18,14,7,1,0,6.0,6.0,34.0,42.0,1,0,1,1,0,1,7,1,1,0,0,1,1,4,0,0,0,0.0,A2020,1->1->0,1,0,1,0,enrolled_nonprivate,3.0
100160,A,2020,0,0,16,1,2,7,18,2,0,0,5.0,3.0,42.0,55.0,0,0,1,0,0,0,5,0,0,0,2,1,2,3,0,0,0,0.0,A2020,1->0->0,1,1,1,0,not_currently_enrolled,2.0
100165,A,2020,0,1,14,1,2,,17,4,0,0,5.0,6.0,52.0,54.0,0,0,1,0,0,1,8,1,1,1,0,0,0,4,0,0,1,0.0,A2020,1->0->0,1,1,1,0,enrolled_nonprivate,3.0
100168,A,2022,0,0,11,1,3,,12,7,1,0,5.0,5.0,36.0,36.0,0,0,1,0,1,1,5,0,0,0,1,1,1,2,0,0,0,0.0,A2022,1->0->1,0,1,0,1,not_an_observed_current_exit,1.0
100169,A,2020,1,1,12,1,2,4,14,3,0,0,9.0,7.0,31.0,37.0,0,0,1,1,0,1,7,1,1,0,0,0,0,4,0,0,0,0.0,A2020,1->1->0,1,0,1,0,enrolled_nonprivate,2.0
100171,A,2020,1,0,14,1,2,10,16,3,0,0,8.0,10.0,33.0,40.0,0,0,0,1,0,1,7,1,1,0,1,1,1,3,0,0,1,2.0,A2020,0->1->0,,,1,0,enrolled_nonprivate,2.0
100173,A,2020,0,1,,1,1,17,15,3,0,0,5.0,,40.0,,,0,1,0,0,1,7,1,1,0,1,1,1,4,0,0,0,0.0,A2020,1->0->0,1,1,1,0,enrolled_nonprivate,
100175,A,2020,0,0,13,1,1,,16,3,0,0,5.0,,37.0,,,0,1,0,0,0,5,0,0,0,0,0,0,1,0,0,1,40.0,A2020,1->0->0,1,1,1,0,not_currently_enrolled,3.0
100176,A,2020,0,1,11,1,2,,14,4,0,0,7.0,3.0,43.0,56.0,0,0,1,1,0,1,8,1,1,1,0,0,0,4,0,0,0,0.0,A2020,1->1->0,1,0,1,0,enrolled_nonprivate,3.0
100178,A,2020,0,0,14,1,2,7,16,6,0,0,6.0,5.0,31.0,57.0,,0,1,1,0,0,6,1,0,0,1,1,1,3,0,1,0,0.0,A2020,1->1->0,1,0,1,0,not_currently_enrolled,2.0
100180,A,2020,0,1,12,1,2,11,14,4,0,0,,,37.0,35.0,0,0,1,1,0,1,6,1,0,0,1,1,1,4,0,0,0,0.0,A2020,1->1->0,1,0,1,0,enrolled_nonprivate,2.0
100184,A,2020,0,0,12,1,1,,15,4,0,0,,,32.0,39.0,0,1,1,1,0,1,8,1,1,1,0,0,0,4,0,0,0,0.0,A2020,1->1->0,1,0,1,0,enrolled_nonprivate,3.0
100185,A,2022,0,0,16,1,,,17,7,1,0,1.0,4.0,35.0,48.0,0,0,1,0,0,0,6,1,0,0,0,0,0,1,0,0,0,0.0,A2022,1->0->0,1,1,1,0,not_currently_enrolled,1.0
100191,A,2020,1,1,14,1,1,6,16,3,0,0,5.0,,40.0,,,0,1,0,0,0,6,1,0,0,0,0,0,1,0,0,1,40.0,A2020,1->0->0,1,1,1,0,not_currently_enrolled,2.0
100200,A,2020,1,1,15,1,2,,17,4,0,0,1.0,,42.0,,,0,1,1,0,0,6,1,0,0,0,0,0,2,0,0,0,0.0,A2020,1->1->0,1,0,1,0,not_currently_enrolled,2.0
100207,A,2020,0,1,13,1,2,,16,8,1,0,9.0,3.0,36.0,40.0,0,0,1,0,0,1,8,1,1,1,0,0,0,4,0,0,0,0.0,A2020,1->0->0,1,1,1,0,enrolled_nonprivate,3.0
100215,A,2020,0,1,13,1,2,,15,3,0,0,3.0,1.0,40.0,56.0,0,0,1,0,0,1,6,1,0,0,1,1,1,3,0,0,0,0.0,A2020,1->0->0,1,1,1,0,enrolled_nonprivate,2.0
100218,A,2020,0,0,14,1,2,,16,3,0,0,,,51.0,53.0,,0,1,1,0,0,7,1,1,0,0,0,0,2,0,0,1,40.0,A2020,1->1->0,1,0,1,0,not_currently_enrolled,2.0
100220,A,2020,0,0,13,1,,,15,3,0,0,11.0,,35.0,,,0,1,0,1,1,7,1,1,0,0,0,0,2,0,0,0,0.0,A2020,1->0->1,0,1,0,1,not_an_observed_current_exit,2.0
100223,A,2020,1,0,13,1,1,19,15,4,0,0,5.0,,37.0,,,0,1,0,0,0,5,0,0,0,0,0,0,1,0,0,0,0.0,A2020,1->0->0,1,1,1,0,not_currently_enrolled,2.0
100226,A,2020,0,0,15,1,2,,18,3,0,0,7.0,5.0,50.0,56.0,0,0,1,1,0,0,9,1,1,1,0,0,0,3,0,0,1,40.0,A2020,1->1->0,1,0,1,0,not_currently_enrolled,3.0
100228,A,2020,0,0,13,1,2,,17,6,1,0,7.0,,40.0,,,0,1,0,0,0,5,0,0,0,0,0,0,1,0,1,1,25.0,A2020,1->0->0,1,1,1,0,not_currently_enrolled,4.0
100231,A,2020,1,0,,1,2,6,15,4,1,0,5.0,5.0,32.0,38.0,0,0,1,1,0,1,8,1,1,1,1,1,1,4,0,0,0,0.0,A2020,1->1->0,1,0,1,0,enrolled_nonprivate,
100236,A,2022,0,0,13,1,2,,13,7,1,0,,,,,,0,1,0,0,1,7,1,1,0,0,0,0,2,0,0,1,6.0,A2022,1->0->0,1,1,1,0,enrolled_nonprivate,0.0
100238,A,2020,1,1,14,1,2,4,17,3,0,0,9.0,11.0,34.0,38.0,1,0,1,1,0,0,6,1,0,0,0,0,0,2,0,0,0,0.0,A2020,1->1->0,1,0,1,0,not_currently_enrolled,3.0
100239,A,2020,0,0,12,1,2,19,15,7,1,0,7.0,,38.0,,,0,1,0,0,1,7,1,1,0,1,1,1,4,0,0,0,0.0,A2020,1->0->0,1,1,1,0,enrolled_nonprivate,3.0
100242,A,2020,0,1,13,1,2,,16,3,0,0,0.0,5.0,56.0,60.0,0,0,1,1,0,0,8,1,1,1,0,0,0,3,0,0,1,0.0,A2020,1->1->0,1,0,1,0,not_currently_enrolled,3.0
100243,A,2020,1,1,13,1,2,12,16,7,1,0,5.0,5.0,46.0,63.0,0,0,1,0,0,0,5,0,0,0,1,1,1,2,0,0,1,40.0,A2020,1->0->0,1,1,1,0,not_currently_enrolled,3.0
100253,A,2020,0,1,13,1,2,5,15,7,1,0,7.0,7.0,37.0,40.0,0,0,1,0,0,0,5,0,0,0,0,0,0,1,0,0,0,0.0,A2020,1->0->0,1,1,1,0,not_currently_enrolled,2.0
100259,A,2020,0,0,14,1,1,,14,8,1,0,5.0,5.0,43.0,46.0,0,0,1,0,0,0,7,1,1,0,0,0,0,2,0,0,1,40.0,A2020,1->0->0,1,1,1,0,not_currently_enrolled,0.0
100265,A,2020,1,1,13,1,2,,16,5,0,0,9.0,5.0,50.0,49.0,0,0,1,1,0,1,6,1,0,0,0,0,0,3,0,0,1,30.0,A2020,1->1->0,1,0,1,0,enrolled_nonprivate,3.0
100266,B,2018,1,0,11,1,3,,15,5,1,0,,6.0,,42.0,0,0,1,1,0,1,9,1,1,1,0,0,0,6,0,0,0,0.0,B2018,1->1->0,1,0,1,0,enrolled_nonprivate,4.0
100270,A,2020,0,0,12,1,2,7,14,4,0,0,6.0,,44.0,,,0,1,1,0,0,7,1,1,0,0,0,0,3,0,1,0,0.0,A2020,1->1->0,1,0,1,0,not_currently_enrolled,2.0
100272,A,2020,1,0,13,1,1,,16,4,0,0,5.0,,51.0,,,0,1,1,0,1,8,1,1,1,0,0,0,4,0,0,0,0.0,A2020,1->1->0,1,0,1,0,enrolled_nonprivate,3.0
100279,A,2020,0,1,12,1,2,,14,3,0,0,5.0,0.0,37.0,42.0,0,0,1,0,0,1,7,1,1,0,0,0,0,3,0,0,0,0.0,A2020,1->0->0,1,1,1,0,enrolled_nonprivate,2.0
100280,A,2020,0,0,12,1,2,17,14,4,0,0,7.0,5.0,36.0,40.0,0,0,1,0,0,1,7,1,1,0,0,1,1,4,0,0,0,0.0,A2020,1->0->0,1,1,1,0,enrolled_nonprivate,2.0
100281,A,2020,0,0,13,1,,15,15,8,1,0,,,,32.0,,0,1,0,0,1,7,1,1,0,0,1,1,4,0,0,0,0.0,A2020,1->0->0,1,1,1,0,enrolled_nonprivate,2.0
100282,A,2020,1,1,14,1,2,,17,8,1,0,11.0,,40.0,,,0,1,1,0,0,7,1,1,0,0,0,0,2,0,0,1,40.0,A2020,1->1->0,1,0,1,0,not_currently_enrolled,3.0
100286,A,2022,1,0,12,1,2,,13,7,1,0,2.0,3.0,32.0,43.0,0,0,1,0,1,1,5,0,0,0,0,0,0,1,0,0,1,0.0,A2022,1->0->1,0,1,0,1,not_an_observed_current_exit,1.0
100288,A,2020,0,0,12,1,2,17,14,3,0,0,7.0,5.0,34.0,36.0,0,0,1,0,0,1,8,1,1,1,0,0,0,4,0,0,0,0.0,A2020,1->0->0,1,1,1,0,enrolled_nonprivate,2.0
100291,A,2020,1,1,14,1,3,17,16,3,0,0,,,,,,0,1,1,0,0,7,1,1,0,1,1,1,3,0,1,1,28.0,A2020,1->1->0,1,0,1,0,not_currently_enrolled,2.0
100294,A,2020,1,0,12,1,,16,14,3,0,0,9.0,,42.0,52.0,,0,1,0,0,1,8,1,1,1,0,0,0,4,0,0,0,0.0,A2020,1->0->0,1,1,1,0,enrolled_nonprivate,2.0
100296,A,2020,1,1,11,1,,5,13,3,0,0,5.0,5.0,32.0,34.0,0,0,1,1,0,1,8,1,1,1,0,0,0,4,0,0,0,0.0,A2020,1->1->0,1,0,1,0,enrolled_nonprivate,2.0
100299,A,2020,1,1,13,1,2,19,16,2,0,0,2.0,6.0,39.0,38.0,0,1,1,1,0,1,8,1,1,1,0,0,0,4,0,0,0,0.0,A2020,1->1->0,1,0,1,0,enrolled_nonprivate,3.0
100300,A,2020,0,0,13,1,2,4,15,4,0,0,3.0,11.0,38.0,35.0,0,0,1,0,0,1,6,1,0,0,0,0,0,3,0,0,1,0.0,A2020,1->0->0,1,1,1,0,enrolled_nonprivate,2.0
100306,A,2020,1,1,13,1,,,16,6,0,0,4.0,,34.0,,,0,1,1,0,0,7,1,1,0,0,0,0,2,0,0,1,40.0,A2020,1->1->0,1,0,1,0,not_currently_enrolled,3.0
100307,A,2022,1,1,14,1,1,,15,7,1,0,5.0,5.0,40.0,45.0,0,0,1,0,0,1,5,0,0,0,1,1,1,2,0,0,0,0.0,A2022,1->0->0,1,1,1,0,enrolled_nonprivate,1.0
100309,A,2020,1,1,14,1,2,5,16,4,0,0,2.0,11.0,43.0,48.0,0,0,1,0,0,0,5,0,0,0,0,0,0,1,0,0,0,0.0,A2020,1->0->0,1,1,1,0,not_currently_enrolled,2.0
100313,A,2020,0,0,12,1,2,15,15,3,0,0,9.0,,42.0,45.0,0,0,1,0,0,1,7,1,1,0,1,1,1,4,0,0,0,0.0,A2020,1->0->0,1,1,1,0,enrolled_nonprivate,3.0
100315,B,2018,1,0,10,0,1,,15,7,1,0,5.0,,42.0,,,0,1,1,0,0,8,1,1,1,0,0,0,4,0,0,1,40.0,B2018,1->1->0,1,0,1,0,not_currently_enrolled,5.0
100319,A,2020,0,0,14,1,2,17,16,3,0,0,7.0,5.0,39.0,39.0,0,0,1,1,0,1,8,1,1,1,0,0,0,4,0,0,0,0.0,A2020,1->1->0,1,0,1,0,enrolled_nonprivate,2.0
100323,A,2020,0,0,15,1,2,19,17,4,0,0,0.0,,55.0,,,0,1,0,0,1,7,1,1,0,0,0,0,3,0,0,1,40.0,A2020,1->0->0,1,1,1,0,enrolled_nonprivate,2.0
100328,A,2022,0,1,13,1,1,,14,7,1,0,3.0,5.0,34.0,36.0,0,0,1,0,0,0,6,1,0,0,0,0,0,1,0,0,0,0.0,A2022,1->0->0,1,1,1,0,not_currently_enrolled,1.0
100334,A,2020,0,1,13,1,1,,15,4,0,0,8.0,,49.0,,,0,1,0,0,1,8,1,1,1,0,0,0,4,0,0,1,20.0,A2020,1->0->0,1,1,1,0,enrolled_nonprivate,2.0
100336,A,2020,0,1,13,1,,5,17,1,1,0,6.0,2.0,50.0,58.0,0,0,1,1,0,0,9,1,1,1,0,0,0,4,0,0,0,0.0,A2020,1->1->0,1,0,1,0,not_currently_enrolled,4.0
100337,A,2020,1,0,15,1,,19,17,3,0,0,3.0,3.0,38.0,72.0,0,0,1,1,0,1,7,1,1,0,1,1,1,4,0,0,0,0.0,A2020,1->1->0,1,0,1,0,enrolled_nonprivate,2.0
100339,A,2020,0,0,13,1,,8,16,4,0,0,9.0,11.0,42.0,34.0,0,0,1,1,0,1,8,1,1,1,0,0,0,4,0,0,0,0.0,A2020,1->1->0,1,0,1,0,enrolled_nonprivate,3.0
100346,A,2020,0,0,11,1,2,,13,3,0,0,6.0,3.0,38.0,38.0,0,0,1,0,0,0,6,1,0,0,1,1,1,2,0,0,0,0.0,A2020,1->0->0,1,1,1,0,not_currently_enrolled,2.0
100349,B,2018,0,1,13,0,2,,18,7,1,1,,,45.0,,,0,1,1,0,0,8,1,1,1,0,1,1,5,0,0,1,20.0,B2018,1->1->0,1,0,1,0,not_currently_enrolled,5.0
100350,A,2020,0,0,13,1,2,,15,3,0,0,6.0,8.0,48.0,64.0,1,0,1,0,0,1,7,1,1,0,1,1,1,4,0,0,0,0.0,A2020,1->0->0,1,1,1,0,enrolled_nonprivate,2.0
100351,A,2020,0,0,13,1,,6,15,4,0,0,2.0,6.0,38.0,47.0,0,0,1,0,0,1,7,1,1,0,0,0,0,4,0,0,0,0.0,A2020,1->0->0,1,1,1,0,enrolled_nonprivate,2.0
100352,A,2020,0,1,12,1,3,4,15,7,1,0,,,38.0,,,0,1,0,0,1,8,1,1,1,0,0,0,4,0,0,0,0.0,A2020,1->0->0,1,1,1,0,enrolled_nonprivate,3.0
100356,A,2022,0,0,11,1,3,,12,7,1,0,4.0,11.0,37.0,41.0,0,1,1,0,1,1,5,0,0,0,1,1,1,2,0,0,0,0.0,A2022,1->0->1,0,1,0,1,not_an_observed_current_exit,1.0
100361,B,2018,0,1,11,0,2,,15,7,1,1,7.0,5.0,40.0,40.0,1,0,1,0,0,1,9,1,1,1,1,1,1,6,0,0,0,0.0,B2018,1->0->0,1,1,1,0,enrolled_nonprivate,4.0
100366,A,2020,0,0,11,1,,5,14,5,0,0,2.0,5.0,43.0,45.0,0,0,1,0,0,1,7,1,1,0,1,1,1,4,0,0,0,0.0,A2020,1->0->0,1,1,1,0,enrolled_nonprivate,3.0
100367,A,2020,0,1,15,1,3,7,18,7,1,0,,,,,,0,1,0,0,0,5,0,0,0,0,0,0,0,0,1,0,0.0,A2020,1->0->0,1,1,1,0,not_currently_enrolled,3.0
100371,A,2020,1,0,12,1,2,,14,8,1,0,7.0,5.0,35.0,39.0,0,0,1,0,1,1,5,0,0,0,2,1,2,3,0,0,0,0.0,A2020,1->0->1,0,1,0,1,not_an_observed_current_exit,2.0
100379,A,2020,0,0,12,1,,4,15,4,0,0,8.0,,37.0,42.0,0,0,1,1,0,1,7,1,1,0,0,0,0,4,0,0,0,0.0,A2020,1->1->0,1,0,1,0,enrolled_nonprivate,3.0
100384,A,2020,1,1,12,1,2,19,14,4,0,0,,,51.0,57.0,0,0,1,1,0,1,7,1,1,0,1,1,1,4,0,0,0,0.0,A2020,1->1->0,1,0,1,0,enrolled_nonprivate,2.0
100387,A,2020,0,1,12,1,2,,14,4,0,0,5.0,6.0,40.0,43.0,0,0,1,0,0,1,6,1,0,0,0,0,0,4,0,0,0,0.0,A2020,1->0->0,1,1,1,0,enrolled_nonprivate,2.0
100393,A,2022,0,1,13,1,2,,14,7,1,0,3.0,2.0,38.0,48.0,0,0,1,0,1,1,5,0,0,0,1,1,1,2,0,0,0,0.0,A2022,1->0->1,0,1,0,1,not_an_observed_current_exit,1.0
100398,A,2020,0,0,12,1,,15,14,3,0,0,5.0,,35.0,,,0,1,0,0,1,8,1,1,1,0,0,0,4,0,0,0,0.0,A2020,1->0->0,1,1,1,0,enrolled_nonprivate,2.0
100399,A,2022,0,0,16,1,2,,17,4,1,0,8.0,5.0,39.0,40.0,0,0,1,1,0,1,8,1,1,1,0,0,0,4,0,0,0,0.0,A2022,1->1->0,1,0,1,0,enrolled_nonprivate,1.0
100402,A,2020,1,0,12,1,3,11,14,3,0,0,7.0,6.0,38.0,37.0,0,0,1,1,0,1,8,1,1,1,0,0,0,4,0,0,0,0.0,A2020,1->1->0,1,0,1,0,enrolled_nonprivate,2.0
100405,A,2020,1,0,12,1,3,7,14,3,0,0,8.0,7.0,37.0,39.0,0,0,1,1,0,1,8,1,1,1,0,0,0,4,0,0,0,0.0,A2020,1->1->0,1,0,1,0,enrolled_nonprivate,2.0
100410,A,2020,0,1,11,1,1,19,14,4,0,0,8.0,1.0,33.0,37.0,0,0,1,0,0,1,6,1,0,0,1,1,1,4,0,0,0,0.0,A2020,1->0->0,1,1,1,0,enrolled_nonprivate,3.0
100411,B,2018,0,1,13,0,1,,18,7,1,1,5.0,5.0,48.0,49.0,0,0,1,1,0,0,11,0,0,0,0,0,0,5,0,0,1,40.0,B2018,1->1->0,1,0,1,0,not_currently_enrolled,5.0
100412,A,2020,0,0,14,1,,17,17,5,0,0,,,33.0,45.0,0,0,1,1,0,1,8,1,1,1,0,0,0,4,0,0,0,0.0,A2020,1->1->0,1,0,1,0,enrolled_nonprivate,3.0
100415,A,2020,1,0,15,1,4,16,17,3,0,0,5.0,5.0,34.0,53.0,0,0,1,1,0,1,8,1,1,1,0,0,0,4,1,1,0,0.0,A2020,1->1->0,1,0,1,0,enrolled_nonprivate,2.0
100417,B,2018,0,0,11,1,3,,16,5,1,0,5.0,3.0,42.0,37.0,0,0,1,1,0,1,9,1,1,1,0,0,0,6,0,0,0,0.0,B2018,1->1->0,1,0,1,0,enrolled_nonprivate,5.0
100423,A,2020,0,1,13,1,2,,15,6,0,0,11.0,9.0,42.0,39.0,0,0,1,1,0,1,7,1,1,0,0,0,0,3,0,0,0,0.0,A2020,1->1->0,1,0,1,0,enrolled_nonprivate,2.0
100437,A,2020,1,1,13,1,2,,15,3,0,0,2.0,0.0,42.0,55.0,0,0,1,1,0,1,8,1,1,1,1,1,1,5,0,0,0,0.0,A2020,1->1->0,1,0,1,0,enrolled_nonprivate,2.0
100440,A,2022,1,1,15,1,1,,15,8,1,0,5.0,6.0,41.0,50.0,0,0,1,0,0,0,6,1,0,0,0,0,0,1,0,0,1,0.0,A2022,1->0->0,1,1,1,0,not_currently_enrolled,0.0
100445,B,2018,0,1,12,1,2,,17,7,1,1,2.0,3.0,50.0,46.0,0,0,1,1,0,1,8,1,1,1,0,0,0,6,0,0,1,20.0,B2018,1->1->0,1,0,1,0,enrolled_nonprivate,5.0
100446,A,2020,1,0,12,1,2,15,14,3,0,0,7.0,,38.0,,,0,1,1,0,1,8,1,1,1,0,0,0,4,0,0,0,0.0,A2020,1->1->0,1,0,1,0,enrolled_nonprivate,2.0
100447,A,2020,0,0,14,1,1,19,16,7,1,0,9.0,,33.0,,,0,1,0,0,0,6,1,0,0,0,0,0,1,0,0,1,40.0,A2020,1->0->0,1,1,1,0,not_currently_enrolled,2.0
100451,A,2020,1,0,12,1,2,,15,8,1,0,6.0,7.0,40.0,47.0,0,0,1,1,0,1,8,1,1,1,1,1,1,5,0,0,0,0.0,A2020,1->1->0,1,0,1,0,enrolled_nonprivate,3.0
100452,A,2020,0,0,14,1,2,11,16,4,0,0,3.0,1.0,40.0,43.0,1,0,1,0,0,1,7,1,1,0,1,1,1,4,0,0,0,0.0,A2020,1->0->0,1,1,1,0,enrolled_nonprivate,2.0
100459,A,2020,1,1,15,1,2,4,19,6,1,0,9.0,,45.0,,,0,1,0,0,0,5,0,0,0,0,0,0,1,0,0,1,30.0,A2020,1->0->0,1,1,1,0,not_currently_enrolled,4.0
100460,A,2020,0,0,12,1,2,15,14,6,0,0,9.0,,32.0,,,0,1,1,0,1,8,1,1,1,0,0,0,4,0,0,0,0.0,A2020,1->1->0,1,0,1,0,enrolled_nonprivate,2.0
100462,A,2020,1,1,,1,1,5,15,4,0,0,2.0,,43.0,,,0,1,0,0,0,5,0,0,0,0,0,0,1,0,0,1,0.0,A2020,1->0->0,1,1,1,0,not_currently_enrolled,
100470,A,2020,0,0,12,1,2,18,14,6,0,0,2.0,5.0,35.0,42.0,0,0,1,1,0,1,8,1,1,1,0,0,0,4,0,0,0,0.0,A2020,1->1->0,1,0,1,0,enrolled_nonprivate,2.0
100472,A,2020,1,0,11,1,2,4,13,3,0,0,5.0,5.0,34.0,36.0,1,0,1,1,0,1,8,1,1,1,0,0,0,4,0,0,0,0.0,A2020,1->1->0,1,0,1,0,enrolled_nonprivate,2.0
100475,A,2020,0,1,13,1,2,18,15,4,0,0,5.0,5.0,44.0,51.0,,0,1,0,0,0,5,0,0,0,0,0,0,1,0,0,1,40.0,A2020,1->0->0,1,1,1,0,not_currently_enrolled,2.0
100478,A,2020,0,1,13,1,1,19,15,3,0,0,11.0,11.0,35.0,38.0,0,0,1,0,0,1,8,1,1,1,0,0,0,4,0,0,1,8.0,A2020,1->0->0,1,1,1,0,enrolled_nonprivate,2.0
100483,A,2020,1,0,14,1,,4,17,8,1,0,5.0,0.0,44.0,56.0,0,0,1,1,0,0,8,1,1,1,0,0,0,3,0,1,0,0.0,A2020,1->1->0,1,0,1,0,not_currently_enrolled,3.0
100485,A,2020,0,0,13,1,2,,15,4,0,0,9.0,9.0,45.0,39.0,0,0,1,0,0,0,5,0,0,0,0,0,0,1,0,0,0,0.0,A2020,1->0->0,1,1,1,0,not_currently_enrolled,2.0
100488,A,2020,0,0,15,1,3,11,17,3,0,0,5.0,,59.0,,,0,1,0,0,0,6,1,0,0,0,0,0,1,0,0,1,40.0,A2020,1->0->0,1,1,1,0,not_currently_enrolled,2.0
100489,A,2020,1,0,11,1,,,14,4,0,0,11.0,8.0,35.0,34.0,0,0,1,1,0,1,8,1,1,1,0,0,0,4,0,0,0,0.0,A2020,1->1->0,1,0,1,0,enrolled_nonprivate,3.0
100500,A,2022,1,0,14,1,2,,16,7,1,0,5.0,5.0,56.0,56.0,0,0,1,0,1,1,9,1,1,1,0,0,0,5,0,0,0,0.0,A2022,1->0->1,0,1,0,1,not_an_observed_current_exit,2.0
100503,A,2020,1,1,12,1,2,19,15,3,0,0,8.0,10.0,36.0,38.0,0,0,1,1,0,1,7,1,1,0,0,0,0,4,0,0,0,0.0,A2020,1->1->0,1,0,1,0,enrolled_nonprivate,3.0
100504,A,2020,0,1,14,1,,,16,4,0,0,9.0,9.0,50.0,47.0,1,0,1,1,0,1,7,1,1,0,0,0,0,4,0,0,1,7.0,A2020,1->1->0,1,0,1,0,enrolled_nonprivate,2.0
100505,A,2020,1,1,15,1,2,5,18,6,0,0,,,65.0,,,0,1,0,0,0,5,0,0,0,0,0,0,1,0,0,1,40.0,A2020,1->0->0,1,1,1,0,not_currently_enrolled,3.0
100509,A,2020,1,1,14,1,1,19,17,8,1,0,8.0,9.0,38.0,37.0,0,0,1,0,0,0,6,1,0,0,0,0,0,1,0,0,0,0.0,A2020,1->0->0,1,1,1,0,not_currently_enrolled,3.0
100510,A,2020,0,1,16,1,1,,17,4,0,0,3.0,9.0,40.0,42.0,,0,1,0,0,0,6,1,0,0,0,0,0,1,0,0,1,40.0,A2020,1->0->0,1,1,1,0,not_currently_enrolled,1.0
100512,A,2020,1,0,13,1,2,17,15,4,0,0,5.0,9.0,33.0,43.0,0,0,1,0,0,1,5,0,0,0,1,1,1,3,0,0,0,0.0,A2020,1->0->0,1,1,1,0,enrolled_nonprivate,2.0
100520,A,2020,1,1,12,1,2,4,14,7,1,0,0.0,2.0,55.0,54.0,1,0,1,1,0,1,7,1,1,0,0,1,1,4,0,0,0,0.0,A2020,1->1->0,1,0,1,0,enrolled_nonprivate,2.0
100522,A,2022,0,1,13,1,,,14,4,1,0,5.0,5.0,38.0,41.0,1,0,1,0,0,1,7,1,1,0,0,0,0,2,0,0,0,0.0,A2022,1->0->0,1,1,1,0,enrolled_nonprivate,1.0
100525,A,2020,0,1,11,1,2,8,14,3,0,0,6.0,1.0,40.0,65.0,0,0,1,0,0,1,7,1,1,0,1,1,1,4,0,0,0,0.0,A2020,1->0->0,1,1,1,0,enrolled_nonprivate,3.0
100527,A,2020,0,0,12,1,2,5,14,4,0,0,5.0,5.0,37.0,40.0,0,0,1,1,0,0,7,1,1,0,0,0,0,3,0,0,0,0.0,A2020,1->1->0,1,0,1,0,not_currently_enrolled,2.0
100529,A,2020,0,1,12,1,1,19,15,7,1,0,5.0,5.0,40.0,32.0,0,0,1,0,0,0,5,0,0,0,2,1,2,3,0,0,0,0.0,A2020,1->0->0,1,1,1,0,not_currently_enrolled,3.0
100530,A,2020,0,1,12,1,1,10,15,6,0,0,9.0,11.0,30.0,55.0,0,0,1,0,0,0,6,1,0,0,0,0,0,1,0,0,0,0.0,A2020,1->0->0,1,1,1,0,not_currently_enrolled,3.0
100532,B,2018,1,1,11,1,2,,16,7,1,1,5.0,,62.0,,,0,1,0,0,1,8,1,1,1,1,1,1,6,0,0,0,0.0,B2018,1->0->0,1,1,1,0,enrolled_nonprivate,5.0
100533,A,2020,0,0,12,1,2,5,14,4,0,0,5.0,5.0,39.0,,,0,1,1,0,1,7,1,1,0,0,1,1,4,0,0,1,40.0,A2020,1->1->0,1,0,1,0,enrolled_nonprivate,2.0
100537,A,2020,1,1,11,1,1,19,14,4,1,0,7.0,4.0,31.0,31.0,0,0,1,1,0,0,9,1,1,1,0,0,0,4,0,0,0,0.0,A2020,1->1->0,1,0,1,0,not_currently_enrolled,3.0
100538,A,2022,0,0,12,1,2,,13,7,1,0,11.0,,39.0,,,0,1,0,1,1,4,0,0,0,0,0,0,2,0,0,0,0.0,A2022,1->0->1,0,1,0,1,not_an_observed_current_exit,1.0
100539,A,2020,0,1,12,1,3,15,14,3,0,0,10.0,,45.0,44.0,,0,1,0,1,1,7,1,1,0,1,1,1,3,0,0,0,0.0,A2020,1->0->1,0,1,0,1,not_an_observed_current_exit,2.0
100543,A,2020,0,1,14,1,2,5,16,7,1,0,,,,,,0,1,0,0,1,7,1,1,0,0,1,1,4,0,0,0,0.0,A2020,1->0->0,1,1,1,0,enrolled_nonprivate,2.0
100546,A,2020,0,1,15,1,1,,18,8,1,0,5.0,5.0,42.0,38.0,0,0,1,1,0,0,8,1,1,1,0,0,0,4,0,0,1,40.0,A2020,1->1->0,1,0,1,0,not_currently_enrolled,3.0
100560,A,2020,1,1,13,1,,6,16,4,0,0,11.0,7.0,38.0,38.0,0,0,1,1,0,0,7,1,1,0,0,0,0,2,0,0,0,0.0,A2020,1->1->0,1,0,1,0,not_currently_enrolled,3.0
100566,A,2020,0,1,12,1,2,19,15,3,0,0,11.0,8.0,35.0,49.0,0,0,1,1,0,1,8,1,1,1,0,0,0,4,0,0,0,0.0,A2020,1->1->0,1,0,1,0,enrolled_nonprivate,3.0
100568,A,2022,0,1,,1,,,15,9,1,0,,7.0,,36.0,0,0,1,0,0,0,6,1,0,0,0,0,0,1,0,0,0,0.0,A2022,1->0->0,1,1,1,0,not_currently_enrolled,
100569,A,2022,1,0,12,1,3,,13,8,1,0,9.0,8.0,35.0,38.0,,0,1,0,0,1,6,1,0,0,0,0,0,2,0,0,0,0.0,A2022,1->0->0,1,1,1,0,enrolled_nonprivate,1.0
100570,A,2020,1,0,16,1,,6,20,5,1,0,5.0,5.0,44.0,45.0,0,0,1,1,0,0,7,1,1,0,0,0,0,2,1,1,0,0.0,A2020,1->1->0,1,0,1,0,not_currently_enrolled,4.0
100572,A,2020,1,1,14,1,2,17,16,4,0,0,2.0,0.0,35.0,42.0,0,0,1,1,0,0,7,1,1,0,0,0,0,3,0,0,1,40.0,A2020,1->1->0,1,0,1,0,not_currently_enrolled,2.0
100573,A,2020,0,1,13,1,,19,16,3,0,0,5.0,,37.0,,,0,1,1,0,1,7,1,1,0,0,0,0,3,0,0,1,40.0,A2020,1->1->0,1,0,1,0,enrolled_nonprivate,3.0
100577,B,2018,0,0,14,1,,,18,6,1,0,2.0,4.0,46.0,55.0,0,0,1,1,0,1,9,1,1,1,0,0,0,6,0,0,1,8.0,B2018,1->1->0,1,0,1,0,enrolled_nonprivate,4.0
100579,A,2020,1,0,13,1,2,4,15,4,0,0,3.0,,33.0,,,0,1,1,0,1,8,1,1,1,0,0,0,4,0,0,0,0.0,A2020,1->1->0,1,0,1,0,enrolled_nonprivate,2.0
100582,A,2022,0,0,11,1,2,,12,7,1,0,9.0,,42.0,,,0,1,0,0,0,6,1,0,0,0,0,0,2,0,0,0,0.0,A2022,1->0->0,1,1,1,0,not_currently_enrolled,1.0
100592,A,2020,1,0,13,1,2,19,15,3,0,0,11.0,9.0,48.0,39.0,0,0,1,0,0,1,7,1,1,0,1,1,1,4,0,0,0,0.0,A2020,1->0->0,1,1,1,0,enrolled_nonprivate,2.0
100605,A,2020,0,0,11,1,3,18,13,4,0,0,9.0,11.0,45.0,48.0,0,0,1,0,0,1,8,1,1,1,0,0,0,4,0,0,0,0.0,A2020,1->0->0,1,1,1,0,enrolled_nonprivate,2.0
100607,A,2020,0,1,13,1,2,7,15,6,0,0,6.0,8.0,45.0,52.0,0,0,1,1,0,1,7,1,1,0,2,1,2,5,0,0,0,0.0,A2020,1->1->0,1,0,1,0,enrolled_nonprivate,2.0
100609,A,2020,0,1,13,1,,,16,5,0,0,11.0,11.0,35.0,42.0,1,0,1,1,0,1,8,1,1,1,0,0,0,4,0,0,0,0.0,A2020,1->1->0,1,0,1,0,enrolled_nonprivate,3.0
100610,A,2020,1,1,14,1,3,,16,3,0,1,,,,,,0,1,0,0,0,6,1,0,0,0,0,0,1,0,0,1,8.0,A2020,1->0->0,1,1,1,0,not_currently_enrolled,2.0
100614,A,2022,0,1,14,1,2,,15,8,1,0,2.0,5.0,26.0,36.0,0,0,1,0,0,1,6,1,0,0,1,1,1,3,0,0,1,40.0,A2022,1->0->0,1,1,1,0,enrolled_nonprivate,1.0
100615,A,2022,0,0,12,1,,,14,4,1,0,5.0,5.0,50.0,60.0,0,0,1,1,0,1,7,1,1,0,0,0,0,2,0,0,0,0.0,A2022,1->1->0,1,0,1,0,enrolled_nonprivate,2.0
100619,A,2020,0,0,12,1,2,10,14,7,1,0,5.0,7.0,46.0,45.0,0,0,1,0,0,1,7,1,1,0,0,1,1,4,0,0,0,0.0,A2020,1->0->0,1,1,1,0,enrolled_nonprivate,2.0
100620,A,2020,0,1,13,1,,17,16,11,1,0,5.0,,58.0,70.0,,0,1,1,0,1,8,1,1,1,0,0,0,4,0,0,1,16.0,A2020,1->1->0,1,0,1,0,enrolled_nonprivate,3.0
100621,A,2020,1,1,13,1,,12,16,3,0,0,5.0,5.0,40.0,45.0,,0,1,1,0,0,7,1,1,0,0,0,0,2,0,0,1,40.0,A2020,1->1->0,1,0,1,0,not_currently_enrolled,3.0
100622,A,2020,1,1,14,1,1,5,17,3,0,0,8.0,5.0,45.0,47.0,0,0,1,0,0,1,8,1,1,1,1,1,1,4,0,0,1,18.0,A2020,1->0->0,1,1,1,0,enrolled_nonprivate,3.0
100623,A,2020,1,1,12,1,2,6,15,3,0,0,6.0,5.0,33.0,40.0,0,0,1,1,0,0,7,1,1,0,0,0,0,3,0,0,0,0.0,A2020,1->1->0,1,0,1,0,not_currently_enrolled,3.0
100625,A,2022,0,1,11,1,2,,13,5,1,0,4.0,5.0,37.0,40.0,0,0,1,1,0,1,7,1,1,0,0,0,0,2,0,0,0,0.0,A2022,1->1->0,1,0,1,0,enrolled_nonprivate,2.0
100630,A,2020,0,1,,1,2,6,17,4,0,0,5.0,2.0,50.0,60.0,1,0,1,0,0,0,6,1,0,0,1,1,1,2,0,0,1,0.0,A2020,1->0->0,1,1,1,0,not_currently_enrolled,
100634,A,2020,0,0,12,1,2,19,14,3,0,0,5.0,5.0,33.0,38.0,0,0,1,0,0,1,6,1,0,0,2,1,2,4,0,0,1,25.0,A2020,1->0->0,1,1,1,0,enrolled_nonprivate,2.0
100636,A,2020,0,1,12,1,2,4,15,5,0,0,5.0,5.0,35.0,40.0,0,0,1,1,0,1,8,1,1,1,0,0,0,4,0,0,0,0.0,A2020,1->1->0,1,0,1,0,enrolled_nonprivate,3.0
100637,A,2020,1,1,13,1,1,19,16,6,0,0,,,48.0,51.0,0,0,1,0,0,0,6,1,0,0,0,0,0,1,0,0,0,0.0,A2020,1->0->0,1,1,1,0,not_currently_enrolled,3.0
100644,A,2020,0,0,,1,1,,16,4,0,0,5.0,3.0,41.0,52.0,,1,1,0,0,1,6,1,0,0,1,1,1,3,0,0,0,0.0,A2020,1->0->0,1,1,1,0,enrolled_nonprivate,
100650,A,2020,0,1,14,1,2,,16,3,0,0,5.0,,39.0,36.0,,0,1,1,0,1,8,1,1,1,0,0,0,4,0,0,0,0.0,A2020,1->1->0,1,0,1,0,enrolled_nonprivate,2.0
100653,A,2020,0,1,12,1,,5,15,3,0,0,5.0,,37.0,42.0,0,0,1,0,0,0,6,1,0,0,2,1,2,3,0,0,1,40.0,A2020,1->0->0,1,1,1,0,not_currently_enrolled,3.0
100655,B,2018,1,1,13,0,1,,18,6,1,1,3.0,3.0,55.0,69.0,0,0,1,1,0,1,9,1,1,1,0,0,0,6,0,0,0,0.0,B2018,1->1->0,1,0,1,0,enrolled_nonprivate,5.0
100656,A,2020,1,0,13,1,,19,15,1,1,0,3.0,5.0,45.0,39.0,0,0,1,0,0,0,6,1,0,0,1,1,1,3,0,0,0,0.0,A2020,1->0->0,1,1,1,0,not_currently_enrolled,2.0
100660,A,2020,0,0,12,1,2,19,14,4,0,0,5.0,5.0,42.0,34.0,0,0,1,1,0,1,7,1,1,0,0,0,0,4,0,0,0,0.0,A2020,1->1->0,1,0,1,0,enrolled_nonprivate,2.0
100666,B,2018,0,0,14,0,1,,18,7,1,1,2.0,3.0,38.0,37.0,,0,1,1,0,0,8,1,1,1,0,0,0,3,0,0,0,0.0,B2018,1->1->0,1,0,1,0,not_currently_enrolled,4.0
100669,B,2018,1,0,11,1,2,,16,7,1,1,1.0,0.0,46.0,41.0,0,0,1,1,0,0,9,1,1,1,0,0,0,5,0,0,0,0.0,B2018,1->1->0,1,0,1,0,not_currently_enrolled,5.0
100674,A,2020,0,1,12,1,1,5,14,3,0,0,5.0,5.0,45.0,45.0,0,0,1,1,0,1,8,1,1,1,0,0,0,4,0,0,0,0.0,A2020,1->1->0,1,0,1,0,enrolled_nonprivate,2.0
100675,B,2018,0,0,11,0,2,,16,7,1,1,,11.0,,34.0,0,0,1,1,0,1,9,1,1,1,0,0,0,6,0,0,0,0.0,B2018,1->1->0,1,0,1,0,enrolled_nonprivate,5.0
100677,A,2022,1,1,13,1,,,14,7,1,0,5.0,5.0,32.0,36.0,,0,1,0,0,0,5,0,0,0,0,0,0,1,0,0,1,35.0,A2022,1->0->0,1,1,1,0,not_currently_enrolled,1.0
100682,A,2022,1,0,14,1,2,,15,7,1,0,5.0,9.0,39.0,38.0,0,0,1,0,0,0,6,1,0,0,0,0,0,1,0,0,1,35.0,A2022,1->0->0,1,1,1,0,not_currently_enrolled,1.0
100686,A,2020,1,0,12,1,3,,14,3,0,0,5.0,6.0,37.0,48.0,0,0,1,1,0,1,7,1,1,0,0,0,0,4,0,0,0,0.0,A2020,1->1->0,1,0,1,0,enrolled_nonprivate,2.0
100688,A,2020,0,1,12,1,,5,15,5,0,0,5.0,,42.0,,,0,1,0,0,1,8,1,1,1,0,0,0,4,0,0,1,8.0,A2020,1->0->0,1,1,1,0,enrolled_nonprivate,3.0
100691,A,2020,1,1,14,1,2,16,17,3,0,1,,0.0,,42.0,0,0,1,1,0,0,8,1,1,1,0,0,0,3,0,0,0,0.0,A2020,1->1->0,1,0,1,0,not_currently_enrolled,3.0
100692,A,2020,1,1,15,1,2,19,18,6,0,0,2.0,2.0,58.0,54.0,0,0,1,1,0,1,8,1,1,1,0,0,0,4,0,0,0,0.0,A2020,1->1->0,1,0,1,0,enrolled_nonprivate,3.0
100693,A,2020,0,0,13,1,2,17,16,3,0,0,3.0,,54.0,,,0,1,0,0,0,6,1,0,0,0,0,0,1,0,0,1,40.0,A2020,1->0->0,1,1,1,0,not_currently_enrolled,3.0
100695,A,2020,1,1,15,1,2,5,17,7,1,0,5.0,3.0,37.0,48.0,0,0,1,0,0,0,6,1,0,0,1,1,1,2,0,0,0,0.0,A2020,1->0->0,1,1,1,0,not_currently_enrolled,2.0
100696,A,2020,1,1,12,1,2,11,15,9,1,1,5.0,,35.0,,,0,1,1,0,1,7,1,1,0,0,1,1,4,0,0,1,36.0,A2020,1->1->0,1,0,1,0,enrolled_nonprivate,3.0
100701,A,2020,0,0,14,1,3,6,16,4,0,0,,,40.0,45.0,,0,1,1,0,0,8,1,1,1,0,0,0,3,0,1,1,16.0,A2020,1->1->0,1,0,1,0,not_currently_enrolled,2.0
100704,A,2020,1,0,13,1,2,,15,3,0,1,5.0,6.0,45.0,48.0,1,0,1,1,0,0,11,0,0,0,2,1,2,3,0,0,0,0.0,A2020,1->1->0,1,0,1,0,not_currently_enrolled,2.0
100706,A,2020,1,1,14,1,2,11,17,1,0,0,9.0,3.0,40.0,42.0,0,0,1,1,0,1,10,1,1,1,0,0,0,6,0,0,1,40.0,A2020,1->1->0,1,0,1,0,enrolled_nonprivate,3.0
100710,A,2020,0,0,12,1,3,12,14,7,1,0,9.0,,38.0,40.0,,0,1,0,0,1,8,1,1,1,0,0,0,4,0,0,0,0.0,A2020,1->0->0,1,1,1,0,enrolled_nonprivate,2.0
100715,A,2020,1,0,11,1,2,6,13,3,0,0,6.0,8.0,42.0,36.0,0,0,1,1,0,1,7,1,1,0,0,0,0,4,0,0,0,0.0,A2020,1->1->0,1,0,1,0,enrolled_nonprivate,2.0
100716,A,2020,0,1,12,1,3,,14,3,0,0,8.0,5.0,37.0,40.0,1,0,1,1,0,1,8,1,1,1,0,0,0,4,0,0,1,5.0,A2020,1->1->0,1,0,1,0,enrolled_nonprivate,2.0
100723,A,2020,1,1,14,1,,19,16,3,0,0,3.0,5.0,48.0,36.0,0,0,1,1,0,0,7,1,1,0,0,0,0,3,0,0,0,0.0,A2020,1->1->0,1,0,1,0,not_currently_enrolled,2.0
100731,A,2020,1,0,12,1,,18,15,8,1,0,5.0,5.0,48.0,46.0,0,0,1,1,0,0,6,1,0,0,0,1,1,3,0,0,0,0.0,A2020,1->1->0,1,0,1,0,not_currently_enrolled,3.0
100732,B,2018,1,0,16,0,1,,20,7,1,1,2.0,,58.0,,,0,1,1,0,0,7,1,1,0,0,0,0,2,0,0,1,0.0,B2018,1->1->0,1,0,1,0,not_currently_enrolled,4.0
100733,A,2020,1,0,14,1,,,16,8,1,0,5.0,,36.0,,,0,1,0,0,1,6,1,0,0,0,0,0,3,0,0,0,0.0,A2020,1->0->0,1,1,1,0,enrolled_nonprivate,2.0
100735,A,2020,0,0,,1,2,19,17,6,0,0,3.0,5.0,37.0,42.0,0,0,1,1,0,0,6,1,0,0,0,0,0,2,0,0,0,0.0,A2020,1->1->0,1,0,1,0,not_currently_enrolled,
100736,A,2020,1,0,15,1,,19,18,8,1,0,7.0,,38.0,,,0,1,1,0,0,11,0,0,0,0,0,0,3,0,0,0,0.0,A2020,1->1->0,1,0,1,0,not_currently_enrolled,3.0
100739,A,2020,0,1,,1,1,19,14,3,0,0,5.0,3.0,42.0,43.0,0,0,1,0,0,1,7,1,1,0,1,1,1,4,0,0,1,0.0,A2020,1->0->0,1,1,1,0,enrolled_nonprivate,
100741,A,2020,0,0,14,1,2,19,17,3,0,0,3.0,2.0,54.0,48.0,0,0,1,0,0,1,8,1,1,1,0,0,0,4,0,0,0,0.0,A2020,1->0->0,1,1,1,0,enrolled_nonprivate,3.0
100746,A,2020,1,0,11,1,2,15,14,3,0,0,8.0,11.0,42.0,40.0,1,1,1,0,1,1,8,1,1,1,0,0,0,2,0,0,0,0.0,A2020,1->0->1,0,1,0,1,not_an_observed_current_exit,3.0
100750,A,2020,1,0,12,1,2,5,14,2,0,0,5.0,3.0,42.0,38.0,0,0,1,0,0,1,7,1,1,0,1,1,1,4,0,0,0,0.0,A2020,1->0->0,1,1,1,0,enrolled_nonprivate,2.0
100752,A,2020,1,0,11,1,,18,13,8,1,0,5.0,7.0,45.0,43.0,0,0,1,1,0,0,8,1,1,1,0,0,0,3,0,0,1,30.0,A2020,1->1->0,1,0,1,0,not_currently_enrolled,2.0
100760,A,2020,0,0,,1,3,,17,3,0,1,,,,,,0,1,0,0,1,7,1,1,0,0,0,0,3,0,0,0,0.0,A2020,1->0->0,1,1,1,0,enrolled_nonprivate,
100762,A,2020,1,0,,1,2,15,14,4,0,0,5.0,5.0,49.0,58.0,,0,1,0,1,1,7,1,1,0,0,0,0,3,0,0,0,0.0,A2020,1->0->1,0,1,0,1,not_an_observed_current_exit,
100765,A,2022,0,1,11,1,2,,11,7,1,0,11.0,5.0,30.0,34.0,0,0,1,0,0,1,6,1,0,0,0,0,0,2,0,0,0,0.0,A2022,1->0->0,1,1,1,0,enrolled_nonprivate,0.0
100769,A,2020,0,1,14,1,2,19,17,4,0,0,5.0,9.0,34.0,34.0,0,0,1,1,0,0,11,0,0,0,0,0,0,3,0,0,1,40.0,A2020,1->1->0,1,0,1,0,not_currently_enrolled,3.0
100771,A,2020,1,0,15,1,,19,18,3,0,0,,,38.0,,,0,1,1,0,0,8,1,1,1,0,0,0,3,0,0,0,0.0,A2020,1->1->0,1,0,1,0,not_currently_enrolled,3.0
100772,A,2022,0,1,11,1,2,,13,7,1,0,0.0,3.0,52.0,51.0,0,0,1,0,0,1,6,1,0,0,0,0,0,2,0,0,0,0.0,A2022,1->0->0,1,1,1,0,enrolled_nonprivate,2.0
100778,A,2020,0,1,11,1,2,,14,3,0,0,5.0,3.0,43.0,45.0,0,0,1,1,0,1,8,1,1,1,0,0,0,4,0,0,0,0.0,A2020,1->1->0,1,0,1,0,enrolled_nonprivate,3.0
100785,A,2020,0,0,13,1,1,17,15,4,0,0,5.0,2.0,38.0,49.0,0,0,1,0,0,1,8,1,1,1,0,0,0,4,0,0,0,0.0,A2020,1->0->0,1,1,1,0,enrolled_nonprivate,2.0
100788,A,2020,0,0,11,1,2,19,13,5,0,0,8.0,11.0,37.0,38.0,0,0,1,1,0,1,8,1,1,1,0,0,0,4,0,0,0,0.0,A2020,1->1->0,1,0,1,0,enrolled_nonprivate,2.0
100790,A,2020,0,1,12,1,2,19,14,8,1,0,5.0,9.0,39.0,39.0,0,0,1,0,1,1,6,1,0,0,0,1,1,3,0,0,0,0.0,A2020,1->0->1,0,1,0,1,not_an_observed_current_exit,2.0
100792,A,2020,1,1,15,1,1,,18,3,0,0,0.0,5.0,58.0,54.0,0,0,1,1,0,0,6,1,0,0,0,0,0,2,0,0,1,40.0,A2020,1->1->0,1,0,1,0,not_currently_enrolled,3.0
100794,A,2020,1,1,14,1,2,15,16,3,0,0,8.0,,47.0,,,0,1,0,0,0,6,1,0,0,0,0,0,1,0,0,0,0.0,A2020,1->0->0,1,1,1,0,not_currently_enrolled,2.0
100799,B,2018,1,0,12,0,3,,17,6,1,1,5.0,5.0,35.0,43.0,0,0,1,1,0,0,8,1,1,1,0,0,0,3,1,1,0,0.0,B2018,1->1->0,1,0,1,0,not_currently_enrolled,5.0
100810,A,2020,0,0,15,1,,19,18,5,1,0,,3.0,,43.0,0,0,1,0,0,0,9,1,1,1,0,0,0,3,0,0,0,0.0,A2020,1->0->0,1,1,1,0,not_currently_enrolled,3.0
100811,A,2020,0,0,10,1,2,19,12,2,0,0,9.0,8.0,30.0,36.0,0,0,1,1,0,1,7,1,1,0,0,1,1,4,0,0,0,0.0,A2020,1->1->0,1,0,1,0,enrolled_nonprivate,2.0
100813,A,2022,1,0,11,1,3,,12,7,1,0,,,,,,0,1,0,0,1,6,1,0,0,0,0,0,2,0,0,0,0.0,A2022,1->0->0,1,1,1,0,enrolled_nonprivate,1.0
100821,A,2022,0,1,12,1,3,,12,7,1,0,10.0,5.0,37.0,39.0,1,0,1,0,0,1,6,1,0,0,0,0,0,2,0,0,0,0.0,A2022,1->0->0,1,1,1,0,enrolled_nonprivate,0.0
100822,A,2020,0,1,15,1,2,,17,3,0,0,5.0,6.0,42.0,41.0,0,0,1,0,0,0,7,1,1,0,0,0,0,2,1,1,1,40.0,A2020,1->0->0,1,1,1,0,not_currently_enrolled,2.0
100824,A,2020,0,1,12,1,3,,15,4,0,0,9.0,11.0,45.0,42.0,0,0,1,1,0,1,8,1,1,1,0,0,0,4,0,0,0,0.0,A2020,1->1->0,1,0,1,0,enrolled_nonprivate,3.0
100826,A,2020,0,1,13,1,,5,15,4,0,0,,,33.0,,,0,1,1,0,1,7,1,1,0,0,0,0,3,0,0,0,0.0,A2020,1->1->0,1,0,1,0,enrolled_nonprivate,2.0
100834,A,2020,0,0,12,1,2,,14,2,0,0,5.0,8.0,47.0,40.0,0,0,1,1,0,0,7,1,1,0,0,0,0,3,1,0,0,0.0,A2020,1->1->0,1,0,1,0,not_currently_enrolled,2.0
100841,B,2018,0,1,11,1,2,,16,6,1,0,0.0,5.0,32.0,34.0,,0,1,0,1,1,7,1,1,0,0,1,1,5,0,0,0,0.0,B2018,1->0->1,0,1,0,1,not_an_observed_current_exit,5.0
100847,B,2018,1,1,13,0,,,17,6,1,1,,,,,,0,1,0,0,1,7,1,1,0,0,0,0,4,0,0,0,0.0,B2018,1->0->0,1,1,1,0,enrolled_nonprivate,4.0
100851,A,2020,1,1,13,1,1,17,15,4,0,0,6.0,5.0,38.0,39.0,0,0,1,1,0,0,8,1,1,1,0,0,0,3,0,0,1,3.0,A2020,1->1->0,1,0,1,0,not_currently_enrolled,2.0
100863,A,2022,0,1,13,1,1,,13,7,1,0,6.0,,29.0,,,0,1,0,0,1,5,0,0,0,1,1,1,2,0,0,0,0.0,A2022,1->0->0,1,1,1,0,enrolled_nonprivate,0.0
100864,A,2020,1,1,12,1,2,17,14,8,1,0,7.0,9.0,48.0,57.0,0,0,1,1,0,1,8,1,1,1,0,0,0,4,0,0,0,0.0,A2020,1->1->0,1,0,1,0,enrolled_nonprivate,2.0
100868,A,2020,1,0,16,1,1,,18,3,0,0,3.0,6.0,43.0,47.0,0,0,1,1,0,0,8,1,1,1,0,0,0,3,0,0,0,0.0,A2020,1->1->0,1,0,1,0,not_currently_enrolled,2.0
100874,A,2020,1,0,12,1,1,17,14,4,0,0,5.0,5.0,37.0,38.0,0,0,1,1,0,1,9,1,1,1,0,0,0,4,0,0,0,0.0,A2020,1->1->0,1,0,1,0,enrolled_nonprivate,2.0
100875,A,2020,1,0,,1,,5,18,4,1,0,3.0,3.0,40.0,62.0,0,0,1,1,0,0,7,1,1,0,0,0,0,2,1,1,0,0.0,A2020,1->1->0,1,0,1,0,not_currently_enrolled,
100876,A,2020,0,1,13,1,,19,16,3,0,0,5.0,5.0,40.0,41.0,0,0,1,1,0,0,8,1,1,1,0,0,0,3,0,0,0,0.0,A2020,1->1->0,1,0,1,0,not_currently_enrolled,3.0
100882,A,2020,0,1,14,1,1,19,17,3,0,0,3.0,7.0,38.0,45.0,0,0,1,1,0,1,8,1,1,1,0,0,0,4,0,0,1,28.0,A2020,1->1->0,1,0,1,0,enrolled_nonprivate,3.0
100884,A,2020,1,0,13,1,1,19,16,8,1,0,5.0,5.0,39.0,47.0,0,0,1,1,0,0,7,1,1,0,0,1,1,3,0,0,0,0.0,A2020,1->1->0,1,0,1,0,not_currently_enrolled,3.0
100885,A,2020,1,0,13,1,2,19,15,4,0,0,,,36.0,38.0,0,0,1,1,0,1,7,1,1,0,0,1,1,4,0,0,0,0.0,A2020,1->1->0,1,0,1,0,enrolled_nonprivate,2.0
100891,A,2022,0,1,12,1,2,,13,3,1,0,8.0,5.0,36.0,38.0,0,0,1,1,0,1,7,1,1,0,0,0,0,2,0,0,0,0.0,A2022,1->1->0,1,0,1,0,enrolled_nonprivate,1.0
100893,A,2020,0,1,11,1,2,,14,7,1,0,11.0,5.0,33.0,39.0,0,0,1,0,0,1,7,1,1,0,1,1,1,4,0,0,1,4.0,A2020,1->0->0,1,1,1,0,enrolled_nonprivate,3.0
100899,B,2018,1,0,11,1,2,,14,6,1,1,,11.0,,40.0,0,0,1,1,0,1,9,1,1,1,0,0,0,5,0,0,0,0.0,B2018,1->1->0,1,0,1,0,enrolled_nonprivate,3.0
100903,A,2020,0,0,12,1,1,5,14,4,0,0,5.0,,34.0,,,0,1,1,0,0,8,1,1,1,0,0,0,3,0,1,0,0.0,A2020,1->1->0,1,0,1,0,not_currently_enrolled,2.0
100917,A,2020,1,1,14,1,3,17,16,4,0,0,5.0,5.0,39.0,39.0,0,0,1,1,0,1,7,1,1,0,0,0,0,4,0,0,0,0.0,A2020,1->1->0,1,0,1,0,enrolled_nonprivate,2.0
100920,A,2020,1,1,15,1,1,12,17,6,0,0,10.0,6.0,39.0,39.0,0,0,1,1,0,0,6,1,0,0,0,0,0,2,0,0,0,0.0,A2020,1->1->0,1,0,1,0,not_currently_enrolled,2.0
100924,A,2020,1,1,11,1,2,19,14,3,0,0,7.0,,50.0,50.0,,0,1,0,0,1,8,1,1,1,0,0,0,4,0,0,0,0.0,A2020,1->0->0,1,1,1,0,enrolled_nonprivate,3.0
100925,A,2020,1,0,12,1,3,8,14,4,0,0,,,49.0,46.0,,0,1,0,0,1,8,1,1,1,0,0,0,4,0,0,0,0.0,A2020,1->0->0,1,1,1,0,enrolled_nonprivate,2.0
100928,A,2020,0,0,13,1,4,19,15,3,0,0,,,40.0,,,0,1,1,0,1,8,1,1,1,0,0,0,4,0,0,0,0.0,A2020,1->1->0,1,0,1,0,enrolled_nonprivate,2.0
100931,A,2020,1,0,13,1,,17,16,2,0,0,5.0,6.0,39.0,42.0,0,0,1,0,0,0,6,1,0,0,0,0,0,1,0,0,1,0.0,A2020,1->0->0,1,1,1,0,not_currently_enrolled,3.0
100936,A,2020,1,0,13,1,,19,15,3,0,0,,,38.0,,,0,1,1,0,0,8,1,1,1,0,0,0,3,0,0,0,0.0,A2020,1->1->0,1,0,1,0,not_currently_enrolled,2.0
100937,A,2020,0,0,14,1,2,,16,7,1,0,3.0,4.0,45.0,61.0,0,0,1,0,0,0,5,0,0,0,0,0,0,1,0,1,0,0.0,A2020,1->0->0,1,1,1,0,not_currently_enrolled,2.0
100945,A,2022,0,1,16,1,1,,16,7,1,0,5.0,5.0,46.0,54.0,0,0,1,0,0,1,6,1,0,0,1,1,1,3,0,0,0,0.0,A2022,1->0->0,1,1,1,0,enrolled_nonprivate,0.0
100946,A,2020,1,0,14,1,2,10,17,5,1,0,5.0,1.0,46.0,52.0,0,0,1,1,0,0,7,1,1,0,0,0,0,3,0,1,0,0.0,A2020,1->1->0,1,0,1,0,not_currently_enrolled,3.0
100948,A,2020,0,1,,1,2,17,14,6,0,0,6.0,3.0,35.0,49.0,1,0,1,0,0,0,5,0,0,0,0,0,0,1,0,0,0,0.0,A2020,1->0->0,1,1,1,0,not_currently_enrolled,
100955,A,2020,0,0,13,1,2,,16,8,1,0,7.0,,42.0,,,0,1,1,0,0,8,1,1,1,0,0,0,3,0,0,0,0.0,A2020,1->1->0,1,0,1,0,not_currently_enrolled,3.0
100961,A,2020,0,1,13,1,2,11,16,9,1,0,2.0,,37.0,,,0,1,0,0,0,6,1,0,0,0,0,0,1,0,0,1,40.0,A2020,1->0->0,1,1,1,0,not_currently_enrolled,3.0
100968,A,2020,1,1,14,1,3,8,17,1,1,0,,5.0,,46.0,0,0,1,1,0,0,9,1,1,1,0,0,0,4,0,0,0,0.0,A2020,1->1->0,1,0,1,0,not_currently_enrolled,3.0
100970,A,2020,0,0,13,1,,11,15,1,0,1,2.0,3.0,42.0,56.0,0,0,1,0,0,1,8,1,1,1,0,0,0,4,0,0,1,30.0,A2020,1->0->0,1,1,1,0,enrolled_nonprivate,2.0
100972,A,2020,1,0,13,1,2,8,15,3,0,0,4.0,1.0,40.0,66.0,1,0,1,0,1,1,6,1,0,0,1,1,1,4,0,0,0,0.0,A2020,1->0->1,0,1,0,1,not_an_observed_current_exit,2.0
100980,A,2022,0,1,15,1,2,,15,7,1,0,8.0,,38.0,,,0,1,0,1,1,5,0,0,0,1,1,1,2,0,0,1,12.0,A2022,1->0->1,0,1,0,1,not_an_observed_current_exit,0.0
100981,A,2020,1,0,12,1,3,6,14,3,0,0,3.0,5.0,38.0,48.0,0,0,1,1,0,0,8,1,1,1,0,0,0,3,0,0,0,0.0,A2020,1->1->0,1,0,1,0,not_currently_enrolled,2.0
100983,B,2018,0,0,11,0,2,,16,6,1,0,9.0,8.0,38.0,42.0,0,0,1,1,0,1,9,1,1,1,0,0,0,6,0,0,0,0.0,B2018,1->1->0,1,0,1,0,enrolled_nonprivate,5.0
100985,A,2020,1,1,12,1,2,5,14,3,0,0,4.0,3.0,39.0,54.0,0,0,1,0,0,1,8,1,1,1,0,0,0,4,0,0,0,0.0,A2020,1->0->0,1,1,1,0,enrolled_nonprivate,2.0
100990,A,2020,0,1,12,1,2,18,15,2,0,1,5.0,7.0,36.0,36.0,1,0,1,0,0,1,6,1,0,0,2,1,2,4,0,0,0,0.0,A2020,1->0->0,1,1,1,0,enrolled_nonprivate,3.0
100991,A,2020,0,0,14,1,2,,17,6,0,0,3.0,,35.0,,,0,1,0,0,0,6,1,0,0,0,0,0,1,0,1,0,0.0,A2020,1->0->0,1,1,1,0,not_currently_enrolled,3.0
100997,A,2020,0,1,15,1,,,17,3,0,0,2.0,3.0,36.0,40.0,0,0,1,0,0,1,7,1,1,0,1,1,1,4,0,0,1,9.0,A2020,1->0->0,1,1,1,0,enrolled_nonprivate,2.0
100998,B,2018,0,0,14,0,2,,18,7,1,1,5.0,5.0,43.0,47.0,0,0,1,0,1,1,10,1,1,1,1,1,1,6,0,0,0,0.0,B2018,1->0->1,0,1,0,1,not_an_observed_current_exit,4.0
101000,A,2020,0,1,15,1,2,5,18,4,0,0,7.0,11.0,46.0,52.0,0,0,0,1,0,0,7,1,1,0,0,0,0,3,0,0,1,40.0,A2020,0->1->0,,,1,0,not_currently_enrolled,3.0
101002,A,2022,0,1,13,1,2,,14,11,1,0,3.0,,41.0,,,0,1,0,0,0,6,1,0,0,0,0,0,1,0,0,0,0.0,A2022,1->0->0,1,1,1,0,not_currently_enrolled,1.0
101015,A,2020,0,1,12,1,2,19,14,3,0,0,5.0,5.0,46.0,45.0,0,0,1,1,0,0,7,1,1,0,0,0,0,2,0,0,1,0.0,A2020,1->1->0,1,0,1,0,not_currently_enrolled,2.0
101016,A,2020,0,0,14,1,,,16,3,0,0,7.0,,44.0,,,0,1,0,0,0,5,0,0,0,0,0,0,1,0,0,0,0.0,A2020,1->0->0,1,1,1,0,not_currently_enrolled,2.0
101020,A,2020,0,0,,1,1,6,14,7,1,0,5.0,5.0,30.0,38.0,0,0,1,1,0,1,8,1,1,1,0,0,0,4,0,0,0,0.0,A2020,1->1->0,1,0,1,0,enrolled_nonprivate,
101023,A,2020,1,0,12,1,2,,14,3,0,0,6.0,5.0,46.0,46.0,0,0,1,1,0,0,7,1,1,0,0,0,0,2,0,0,0,0.0,A2020,1->1->0,1,0,1,0,not_currently_enrolled,2.0
101024,A,2020,0,1,13,1,2,,15,6,0,0,5.0,7.0,54.0,58.0,0,0,1,0,0,0,5,0,0,0,0,0,0,1,0,0,1,40.0,A2020,1->0->0,1,1,1,0,not_currently_enrolled,2.0
101028,A,2020,0,1,13,1,3,8,15,3,0,0,3.0,,37.0,,,0,1,1,0,1,8,1,1,1,0,0,0,4,0,0,0,0.0,A2020,1->1->0,1,0,1,0,enrolled_nonprivate,2.0
101032,A,2020,0,0,12,1,2,6,15,8,1,0,6.0,,30.0,,,0,1,0,0,1,8,1,1,1,0,0,0,4,0,0,0,0.0,A2020,1->0->0,1,1,1,0,enrolled_nonprivate,3.0
101034,A,2020,0,0,12,1,2,11,15,3,0,0,7.0,4.0,36.0,43.0,0,0,1,1,0,1,7,1,1,0,0,0,0,4,0,0,0,0.0,A2020,1->1->0,1,0,1,0,enrolled_nonprivate,3.0
101037,A,2020,1,1,12,1,2,,14,3,0,0,6.0,,38.0,,,0,1,0,0,0,7,1,1,0,0,0,0,2,0,0,1,40.0,A2020,1->0->0,1,1,1,0,not_currently_enrolled,2.0
101038,A,2020,0,0,10,1,2,17,13,3,0,0,5.0,9.0,31.0,35.0,0,0,1,1,0,1,8,1,1,1,0,0,0,4,0,0,0,0.0,A2020,1->1->0,1,0,1,0,enrolled_nonprivate,3.0
101039,A,2020,0,1,13,1,3,16,15,2,0,1,3.0,5.0,44.0,55.0,0,0,1,0,0,1,8,1,1,1,0,0,0,4,0,0,1,0.0,A2020,1->0->0,1,1,1,0,enrolled_nonprivate,2.0
101042,A,2020,1,1,13,1,,,16,4,0,0,5.0,3.0,33.0,35.0,0,0,1,1,0,1,8,1,1,1,0,0,0,4,0,0,0,0.0,A2020,1->1->0,1,0,1,0,enrolled_nonprivate,3.0
101046,B,2018,1,1,12,0,,,16,7,1,0,,,,,,0,1,1,0,0,8,1,1,1,0,0,0,4,0,0,0,0.0,B2018,1->1->0,1,0,1,0,not_currently_enrolled,4.0
101049,A,2020,0,0,15,1,,7,17,3,0,0,,,42.0,50.0,0,0,1,1,0,0,7,1,1,0,0,0,0,3,0,1,1,40.0,A2020,1->1->0,1,0,1,0,not_currently_enrolled,2.0
101052,A,2022,0,1,12,1,1,,12,7,1,1,11.0,11.0,30.0,36.0,0,0,1,0,0,1,6,1,0,0,0,0,0,2,0,0,0,0.0,A2022,1->0->0,1,1,1,0,enrolled_nonprivate,0.0
101053,A,2020,0,0,14,1,,,16,1,0,1,7.0,3.0,33.0,40.0,0,0,1,0,0,0,6,1,0,0,0,0,0,1,1,1,1,24.0,A2020,1->0->0,1,1,1,0,not_currently_enrolled,2.0
101057,A,2020,1,0,15,1,2,8,17,3,0,0,11.0,,43.0,,,0,1,1,0,0,8,1,1,1,0,0,0,3,0,0,0,0.0,A2020,1->1->0,1,0,1,0,not_currently_enrolled,2.0
101060,A,2020,1,1,14,1,2,5,17,12,1,0,5.0,5.0,54.0,60.0,0,0,1,0,0,0,6,1,0,0,0,0,0,1,0,0,1,40.0,A2020,1->0->0,1,1,1,0,not_currently_enrolled,3.0
101069,A,2020,0,1,11,1,3,10,14,4,0,0,11.0,8.0,36.0,36.0,0,0,1,0,1,1,7,1,1,0,1,1,1,4,0,0,0,0.0,A2020,1->0->1,0,1,0,1,not_an_observed_current_exit,3.0
101070,A,2020,0,1,14,1,2,6,17,4,0,0,,,47.0,58.0,0,0,1,0,0,0,6,1,0,0,0,0,0,1,0,0,1,40.0,A2020,1->0->0,1,1,1,0,not_currently_enrolled,3.0
101072,A,2020,1,1,12,1,,19,15,7,1,0,1.0,3.0,37.0,37.0,0,0,1,1,0,1,7,1,1,0,0,0,0,3,0,0,0,0.0,A2020,1->1->0,1,0,1,0,enrolled_nonprivate,3.0
101076,A,2020,0,1,10,1,3,4,13,3,0,0,7.0,11.0,36.0,31.0,0,0,1,1,0,1,8,1,1,1,0,0,0,4,0,0,0,0.0,A2020,1->1->0,1,0,1,0,enrolled_nonprivate,3.0
101082,A,2020,0,1,14,1,2,10,16,6,0,0,1.0,0.0,47.0,43.0,0,0,1,0,0,0,5,0,0,0,0,0,0,1,0,0,1,25.0,A2020,1->0->0,1,1,1,0,not_currently_enrolled,2.0
101085,A,2020,0,1,12,1,2,19,14,4,0,0,5.0,5.0,46.0,52.0,0,0,1,0,0,1,8,1,1,1,0,0,0,4,0,0,0,0.0,A2020,1->0->0,1,1,1,0,enrolled_nonprivate,2.0
101086,A,2020,0,1,11,1,3,12,14,8,1,0,5.0,3.0,47.0,37.0,0,0,1,0,0,1,7,1,1,0,1,1,1,4,0,0,0,0.0,A2020,1->0->0,1,1,1,0,enrolled_nonprivate,3.0
101090,A,2020,1,0,13,1,2,19,16,3,0,0,1.0,5.0,49.0,44.0,0,0,1,1,0,0,8,1,1,1,0,0,0,3,0,1,1,0.0,A2020,1->1->0,1,0,1,0,not_currently_enrolled,3.0
101092,A,2020,1,1,,1,3,18,12,11,1,0,7.0,8.0,35.0,38.0,0,0,1,0,0,0,6,1,0,0,0,0,0,1,0,0,0,0.0,A2020,1->0->0,1,1,1,0,not_currently_enrolled,
101093,A,2020,1,0,13,1,2,19,15,3,0,0,5.0,5.0,38.0,65.0,0,0,1,1,0,1,8,1,1,1,0,0,0,4,0,0,0,0.0,A2020,1->1->0,1,0,1,0,enrolled_nonprivate,2.0
101094,A,2020,1,0,12,1,2,11,14,3,0,1,6.0,6.0,35.0,41.0,1,0,1,0,0,1,8,1,1,1,0,0,0,4,0,0,0,0.0,A2020,1->0->0,1,1,1,0,enrolled_nonprivate,2.0
101099,A,2022,0,1,11,1,2,,12,7,1,0,6.0,7.0,32.0,34.0,1,0,1,0,0,1,6,1,0,0,0,0,0,2,0,0,0,0.0,A2022,1->0->0,1,1,1,0,enrolled_nonprivate,1.0
101103,A,2020,0,0,13,1,2,,15,6,0,0,5.0,3.0,38.0,36.0,0,0,1,1,0,0,8,1,1,1,0,0,0,3,0,0,0,0.0,A2020,1->1->0,1,0,1,0,not_currently_enrolled,2.0
101110,A,2020,1,1,14,1,2,,16,8,1,0,10.0,,38.0,41.0,,0,1,1,0,0,7,1,1,0,0,0,0,2,0,0,1,40.0,A2020,1->1->0,1,0,1,0,not_currently_enrolled,2.0
101111,A,2022,0,1,11,1,2,,13,11,1,0,5.0,5.0,33.0,34.0,0,0,1,0,0,1,5,0,0,0,1,1,1,2,0,0,0,0.0,A2022,1->0->0,1,1,1,0,enrolled_nonprivate,2.0
101116,A,2020,1,1,11,1,3,10,14,3,0,0,6.0,5.0,39.0,41.0,0,0,1,0,0,1,7,1,1,0,1,1,1,4,0,0,0,0.0,A2020,1->0->0,1,1,1,0,enrolled_nonprivate,3.0
101117,A,2020,0,1,11,1,2,,13,3,0,0,5.0,5.0,30.0,33.0,1,0,1,0,0,1,8,1,1,1,0,0,0,4,0,0,0,0.0,A2020,1->0->0,1,1,1,0,enrolled_nonprivate,2.0
101124,A,2020,0,1,,1,1,19,17,7,1,0,,2.0,,42.0,0,0,1,1,0,0,7,1,1,0,0,0,0,2,0,0,1,40.0,A2020,1->1->0,1,0,1,0,not_currently_enrolled,
101128,A,2020,1,0,12,1,3,12,15,6,0,0,8.0,5.0,45.0,53.0,0,0,1,1,0,1,8,1,1,1,0,0,0,4,0,0,0,0.0,A2020,1->1->0,1,0,1,0,enrolled_nonprivate,3.0
101130,A,2020,0,1,11,1,2,11,13,5,0,0,9.0,5.0,38.0,46.0,0,0,1,0,0,1,6,1,0,0,1,1,1,4,0,0,0,0.0,A2020,1->0->0,1,1,1,0,enrolled_nonprivate,2.0
101131,A,2020,0,0,14,1,2,,17,4,1,0,6.0,5.0,47.0,50.0,0,0,1,1,0,1,9,1,1,1,0,0,0,4,0,0,0,0.0,A2020,1->1->0,1,0,1,0,enrolled_nonprivate,3.0
101132,A,2020,1,0,14,1,1,5,17,3,0,0,3.0,,35.0,,,0,1,0,0,0,6,1,0,0,0,0,0,1,0,1,0,0.0,A2020,1->0->0,1,1,1,0,not_currently_enrolled,3.0
101138,A,2020,1,0,13,1,,,16,4,0,0,5.0,,34.0,,,0,1,1,0,1,8,1,1,1,0,0,0,4,0,0,1,8.0,A2020,1->1->0,1,0,1,0,enrolled_nonprivate,3.0
101145,B,2018,1,1,15,0,1,,20,7,1,0,5.0,,45.0,,,0,1,1,0,0,7,1,1,0,0,0,0,2,0,0,0,0.0,B2018,1->1->0,1,0,1,0,not_currently_enrolled,5.0
101147,A,2022,0,0,16,1,2,,16,7,1,0,5.0,,33.0,,,0,1,0,0,0,6,1,0,0,0,0,0,1,0,0,1,8.0,A2022,1->0->0,1,1,1,0,not_currently_enrolled,0.0
101152,B,2018,1,1,12,0,,,17,6,1,1,11.0,6.0,41.0,40.0,0,0,1,0,0,1,8,1,1,1,1,1,1,6,0,0,0,0.0,B2018,1->0->0,1,1,1,0,enrolled_nonprivate,5.0
101159,A,2022,0,1,15,1,2,,16,8,1,0,9.0,,32.0,42.0,0,,1,0,0,1,6,,,,,,,,,,,,A2022,1->0->0,1,1,1,0,enrolled_nonprivate,1.0
101165,A,2020,0,1,12,1,2,18,15,5,1,0,,9.0,,42.0,1,0,1,0,0,1,9,1,1,1,0,0,0,4,0,0,0,0.0,A2020,1->0->0,1,1,1,0,enrolled_nonprivate,3.0
101170,A,2022,1,1,14,1,2,,15,8,1,0,11.0,11.0,39.0,39.0,0,0,1,0,0,1,6,1,0,0,0,0,0,2,0,0,0,0.0,A2022,1->0->0,1,1,1,0,enrolled_nonprivate,1.0
101172,A,2020,0,1,14,1,1,19,17,8,1,0,5.0,6.0,40.0,43.0,0,0,1,1,0,0,7,1,1,0,0,0,0,2,0,0,1,40.0,A2020,1->1->0,1,0,1,0,not_currently_enrolled,3.0
101174,A,2020,1,0,13,1,2,,15,6,0,0,3.0,9.0,43.0,37.0,0,0,1,0,1,1,7,1,1,0,1,1,1,4,0,0,0,0.0,A2020,1->0->1,0,1,0,1,not_an_observed_current_exit,2.0
101177,A,2020,0,0,15,1,,,17,3,0,0,2.0,5.0,46.0,47.0,0,0,1,1,0,0,7,1,1,0,0,0,0,2,1,1,0,0.0,A2020,1->1->0,1,0,1,0,not_currently_enrolled,2.0
101182,A,2020,1,1,11,1,3,,13,3,0,0,11.0,5.0,34.0,39.0,0,0,1,1,0,0,8,1,1,1,0,0,0,3,0,0,0,0.0,A2020,1->1->0,1,0,1,0,not_currently_enrolled,2.0
101187,A,2020,0,1,13,1,2,17,15,10,1,0,6.0,,33.0,,,0,1,0,0,1,7,1,1,0,1,1,1,4,0,0,0,0.0,A2020,1->0->0,1,1,1,0,enrolled_nonprivate,2.0
101188,A,2020,0,0,14,1,2,,16,3,0,0,,,38.0,35.0,0,0,1,1,0,0,6,1,0,0,0,0,0,2,0,0,1,40.0,A2020,1->1->0,1,0,1,0,not_currently_enrolled,2.0
101189,A,2022,0,1,12,1,2,,13,7,1,0,6.0,3.0,38.0,40.0,0,0,1,0,0,1,6,1,0,0,0,0,0,2,0,0,0,0.0,A2022,1->0->0,1,1,1,0,enrolled_nonprivate,1.0
101190,A,2020,0,1,11,1,1,,13,3,0,0,9.0,6.0,36.0,36.0,0,1,1,0,0,1,7,1,1,0,1,1,1,4,0,0,0,0.0,A2020,1->0->0,1,1,1,0,enrolled_nonprivate,2.0
101192,A,2020,0,1,16,1,2,17,19,8,1,0,5.0,,34.0,,,0,1,1,0,1,8,1,1,1,0,0,0,3,0,0,1,20.0,A2020,1->1->0,1,0,1,0,enrolled_nonprivate,3.0
101194,B,2018,1,1,15,1,,,18,6,1,1,3.0,,37.0,,,0,1,1,0,0,8,1,1,1,0,0,0,3,0,0,1,30.0,B2018,1->1->0,1,0,1,0,not_currently_enrolled,3.0
101197,A,2020,0,0,11,1,2,19,14,6,0,0,9.0,2.0,43.0,43.0,0,0,1,0,0,1,8,1,1,1,0,0,0,4,0,0,0,0.0,A2020,1->0->0,1,1,1,0,enrolled_nonprivate,3.0
101200,A,2020,1,1,13,1,2,,15,3,0,0,8.0,9.0,35.0,45.0,0,0,1,1,0,0,7,1,1,0,1,1,1,3,0,0,0,0.0,A2020,1->1->0,1,0,1,0,not_currently_enrolled,2.0
101201,A,2020,0,1,12,1,,11,14,1,0,1,11.0,11.0,34.0,42.0,0,0,1,0,0,1,7,1,1,0,0,1,1,4,0,0,0,0.0,A2020,1->0->0,1,1,1,0,enrolled_nonprivate,2.0
101202,A,2020,0,1,16,1,2,19,18,2,0,1,1.0,,48.0,46.0,,0,1,0,0,1,7,1,1,0,0,0,0,4,0,0,1,24.0,A2020,1->0->0,1,1,1,0,enrolled_nonprivate,2.0
101204,A,2020,1,0,13,1,1,19,15,3,0,0,5.0,5.0,35.0,43.0,0,0,1,0,0,1,8,1,1,1,0,0,0,4,0,0,0,0.0,A2020,1->0->0,1,1,1,0,enrolled_nonprivate,2.0
101208,A,2020,0,0,14,1,1,11,17,4,0,0,2.0,6.0,40.0,42.0,0,0,1,0,0,1,7,1,1,0,1,1,1,4,0,0,0,0.0,A2020,1->0->0,1,1,1,0,enrolled_nonprivate,3.0
101209,A,2020,0,1,11,1,2,,14,3,0,0,5.0,5.0,52.0,56.0,0,0,1,0,0,1,8,1,1,1,0,0,0,4,0,0,0,0.0,A2020,1->0->0,1,1,1,0,enrolled_nonprivate,3.0
101212,A,2020,1,0,14,1,1,19,17,6,0,0,1.0,,45.0,,,0,1,1,0,0,8,1,1,1,0,0,0,3,0,0,0,0.0,A2020,1->1->0,1,0,1,0,not_currently_enrolled,3.0
101214,B,2018,1,1,14,1,2,,19,7,1,0,5.0,,48.0,,,0,1,0,0,0,5,0,0,0,0,0,0,1,0,0,1,40.0,B2018,1->0->0,1,1,1,0,not_currently_enrolled,5.0
101218,A,2020,0,0,13,1,2,6,15,3,0,0,,,37.0,44.0,0,0,1,0,0,1,6,1,0,0,1,1,1,3,0,0,0,0.0,A2020,1->0->0,1,1,1,0,enrolled_nonprivate,2.0
101220,A,2020,1,1,13,1,1,19,16,3,0,0,4.0,,37.0,,,0,1,0,1,1,6,1,0,0,1,1,1,3,0,0,1,40.0,A2020,1->0->1,0,1,0,1,not_an_observed_current_exit,3.0
101221,A,2020,0,0,12,1,3,12,15,1,1,0,6.0,11.0,45.0,50.0,0,0,1,1,0,1,9,1,1,1,0,0,0,4,0,0,0,0.0,A2020,1->1->0,1,0,1,0,enrolled_nonprivate,3.0
101231,A,2020,0,0,11,1,2,6,14,8,1,0,5.0,6.0,36.0,36.0,0,0,1,1,0,1,8,1,1,1,0,0,0,4,0,0,0,0.0,A2020,1->1->0,1,0,1,0,enrolled_nonprivate,3.0
101234,A,2020,1,0,14,1,2,4,16,4,0,0,1.0,1.0,50.0,50.0,0,0,1,1,0,0,8,1,1,1,1,1,1,4,0,0,0,0.0,A2020,1->1->0,1,0,1,0,not_currently_enrolled,2.0
101235,A,2022,0,0,13,1,2,,13,8,1,0,6.0,9.0,38.0,37.0,0,1,1,0,0,1,6,1,0,0,0,0,0,2,0,0,0,0.0,A2022,1->0->0,1,1,1,0,enrolled_nonprivate,0.0
101239,A,2020,0,1,15,1,2,19,16,3,0,0,11.0,9.0,45.0,39.0,0,0,1,0,0,1,7,1,1,0,0,0,0,3,0,0,1,8.0,A2020,1->0->0,1,1,1,0,enrolled_nonprivate,1.0
101241,A,2020,0,0,12,1,2,19,14,3,0,0,3.0,3.0,42.0,50.0,0,0,1,1,0,1,8,1,1,1,0,0,0,4,0,0,0,0.0,A2020,1->1->0,1,0,1,0,enrolled_nonprivate,2.0
101242,A,2020,0,0,13,1,2,5,16,4,0,0,5.0,,50.0,,,0,1,1,0,0,8,1,1,1,0,0,0,3,0,0,0,0.0,A2020,1->1->0,1,0,1,0,not_currently_enrolled,3.0
101248,A,2020,1,1,12,1,2,,14,4,0,0,6.0,5.0,38.0,42.0,0,0,1,1,0,1,7,1,1,0,0,0,0,4,0,0,0,0.0,A2020,1->1->0,1,0,1,0,enrolled_nonprivate,2.0
101249,A,2020,0,1,12,1,2,4,15,4,0,0,,,,,0,0,1,1,0,0,6,1,0,0,0,0,0,2,0,0,0,0.0,A2020,1->1->0,1,0,1,0,not_currently_enrolled,3.0
101252,A,2022,0,0,15,1,2,,15,7,1,0,2.0,5.0,38.0,33.0,0,0,1,0,0,1,6,1,0,0,0,0,0,2,0,0,0,0.0,A2022,1->0->0,1,1,1,0,enrolled_nonprivate,0.0
101258,A,2020,0,1,11,1,1,6,14,6,0,0,5.0,,40.0,,,0,1,0,0,1,7,1,1,0,0,1,1,4,0,0,0,0.0,A2020,1->0->0,1,1,1,0,enrolled_nonprivate,3.0
101259,A,2020,1,0,14,1,,,16,3,0,0,,,,,,0,1,1,0,0,7,1,1,0,2,1,2,4,0,0,1,40.0,A2020,1->1->0,1,0,1,0,not_currently_enrolled,2.0
101268,A,2020,1,1,14,1,2,6,16,3,0,0,5.0,5.0,50.0,75.0,0,0,1,1,0,1,7,1,1,0,0,0,0,3,0,0,1,20.0,A2020,1->1->0,1,0,1,0,enrolled_nonprivate,2.0
101270,B,2018,0,0,10,1,2,,15,7,1,1,,8.0,,37.0,1,0,1,1,0,1,9,1,1,1,0,0,0,6,0,0,0,0.0,B2018,1->1->0,1,0,1,0,enrolled_nonprivate,5.0
101272,A,2020,0,0,12,1,1,,14,3,0,0,2.0,11.0,43.0,38.0,0,0,1,0,0,1,8,1,1,1,0,0,0,4,0,0,0,0.0,A2020,1->0->0,1,1,1,0,enrolled_nonprivate,2.0
101279,A,2022,0,0,12,1,2,,13,4,1,0,6.0,3.0,42.0,50.0,0,0,1,1,0,1,6,1,0,0,0,1,1,2,0,0,0,0.0,A2022,1->1->0,1,0,1,0,enrolled_nonprivate,1.0
101288,A,2020,1,0,12,1,3,6,14,4,0,0,4.0,6.0,38.0,48.0,0,0,1,0,0,1,7,1,1,0,1,1,1,4,0,0,0,0.0,A2020,1->0->0,1,1,1,0,enrolled_nonprivate,2.0
101289,A,2020,0,0,12,1,2,,15,3,0,0,5.0,6.0,36.0,37.0,0,0,1,1,0,1,8,1,1,1,0,0,0,4,0,0,0,0.0,A2020,1->1->0,1,0,1,0,enrolled_nonprivate,3.0
101291,A,2020,1,1,12,1,3,8,15,8,1,0,4.0,11.0,45.0,50.0,0,0,1,0,0,0,6,1,0,0,1,1,1,2,0,0,1,40.0,A2020,1->0->0,1,1,1,0,not_currently_enrolled,3.0
101295,A,2022,0,0,14,1,1,,15,11,1,0,5.0,4.0,40.0,45.0,0,0,1,0,0,1,6,1,0,0,0,0,0,2,0,0,0,0.0,A2022,1->0->0,1,1,1,0,enrolled_nonprivate,1.0
101296,A,2020,0,0,,1,1,19,14,1,1,0,2.0,,31.0,,,0,1,0,0,0,6,1,0,0,0,0,0,1,0,0,0,0.0,A2020,1->0->0,1,1,1,0,not_currently_enrolled,
101298,A,2020,1,1,13,1,3,11,15,4,0,1,5.0,5.0,34.0,40.0,0,0,1,0,0,1,5,0,0,0,0,0,0,2,0,0,0,0.0,A2020,1->0->0,1,1,1,0,enrolled_nonprivate,2.0
101299,A,2020,0,1,11,1,2,,13,3,0,0,,,47.0,48.0,,0,1,1,0,1,8,1,1,1,0,1,1,4,0,0,0,0.0,A2020,1->1->0,1,0,1,0,enrolled_nonprivate,2.0
101300,A,2020,0,1,14,1,2,19,16,4,0,0,2.0,3.0,37.0,43.0,0,0,1,1,0,0,8,1,1,1,0,0,0,3,0,0,1,40.0,A2020,1->1->0,1,0,1,0,not_currently_enrolled,2.0
101301,A,2020,0,0,14,1,2,19,17,3,0,0,6.0,6.0,34.0,40.0,0,0,1,0,0,1,7,1,1,0,1,1,1,4,0,0,0,0.0,A2020,1->0->0,1,1,1,0,enrolled_nonprivate,3.0
101302,A,2020,0,0,14,1,2,7,16,8,1,0,7.0,8.0,39.0,49.0,1,0,1,1,0,0,7,1,1,0,0,0,0,2,0,0,1,40.0,A2020,1->1->0,1,0,1,0,not_currently_enrolled,2.0
101311,A,2020,0,1,13,1,2,6,16,4,0,0,5.0,5.0,45.0,50.0,0,0,1,0,0,1,7,1,1,0,1,1,1,4,0,0,1,40.0,A2020,1->0->0,1,1,1,0,enrolled_nonprivate,3.0
101313,A,2022,0,1,12,1,3,,13,7,1,0,7.0,11.0,45.0,47.0,,0,1,0,0,1,6,1,0,0,1,1,1,2,0,0,0,0.0,A2022,1->0->0,1,1,1,0,enrolled_nonprivate,1.0
101317,A,2020,0,0,,1,1,,13,4,0,0,,,33.0,,,0,1,0,0,1,8,1,1,1,0,0,0,4,0,0,0,0.0,A2020,1->0->0,1,1,1,0,enrolled_nonprivate,
101319,A,2020,1,0,13,1,2,19,15,3,0,0,5.0,5.0,53.0,54.0,0,0,1,0,0,1,8,1,1,1,1,1,1,4,0,0,0,0.0,A2020,1->0->0,1,1,1,0,enrolled_nonprivate,2.0
101321,A,2020,0,0,14,1,1,19,16,3,0,0,,,,,,0,1,0,0,0,7,1,1,0,0,0,0,3,0,0,1,40.0,A2020,1->0->0,1,1,1,0,not_currently_enrolled,2.0
101322,A,2020,0,0,11,1,1,19,13,3,0,0,3.0,,47.0,52.0,0,0,1,0,0,1,7,1,1,0,0,1,1,4,0,0,0,0.0,A2020,1->0->0,1,1,1,0,enrolled_nonprivate,2.0
101323,A,2020,0,1,14,1,,5,16,3,0,0,0.0,8.0,34.0,45.0,0,0,1,0,0,0,8,1,1,1,0,0,0,3,0,0,1,40.0,A2020,1->0->0,1,1,1,0,not_currently_enrolled,2.0
101325,B,2018,1,1,12,1,2,,17,7,1,1,6.0,11.0,48.0,51.0,0,0,1,0,0,0,7,1,1,0,0,0,0,3,0,0,1,10.0,B2018,1->0->0,1,1,1,0,not_currently_enrolled,5.0
101327,A,2020,0,0,,1,2,5,15,4,0,0,5.0,,47.0,54.0,,0,1,0,0,1,7,1,1,0,0,0,0,3,0,0,0,0.0,A2020,1->0->0,1,1,1,0,enrolled_nonprivate,
101330,A,2020,0,1,15,1,,,18,3,0,0,,5.0,41.0,50.0,0,0,1,1,0,1,9,1,1,1,0,0,0,5,0,0,0,0.0,A2020,1->1->0,1,0,1,0,enrolled_nonprivate,3.0
101332,A,2022,0,0,10,1,,,12,4,1,0,7.0,3.0,36.0,38.0,0,0,1,0,0,1,7,1,1,0,0,0,0,2,0,0,0,0.0,A2022,1->0->0,1,1,1,0,enrolled_nonprivate,2.0
101335,B,2018,1,1,14,0,2,,19,6,1,1,,2.0,,41.0,0,0,1,1,0,0,7,1,1,0,0,0,0,2,0,0,1,0.0,B2018,1->1->0,1,0,1,0,not_currently_enrolled,5.0
101337,A,2020,0,0,12,1,2,19,15,7,1,0,3.0,3.0,42.0,48.0,0,0,1,0,0,1,7,1,1,0,1,1,1,4,0,0,0,0.0,A2020,1->0->0,1,1,1,0,enrolled_nonprivate,3.0
101340,A,2020,0,1,12,1,2,,14,4,0,0,11.0,11.0,39.0,39.0,0,1,1,1,0,1,8,1,1,1,0,0,0,4,0,0,0,0.0,A2020,1->1->0,1,0,1,0,enrolled_nonprivate,2.0
101342,A,2020,1,0,12,1,3,14,14,4,0,0,5.0,5.0,38.0,48.0,0,0,1,0,0,1,7,1,1,0,1,1,1,4,0,0,0,0.0,A2020,1->0->0,1,1,1,0,enrolled_nonprivate,2.0
101345,A,2020,0,0,13,1,2,18,15,3,0,0,,,39.0,42.0,0,0,1,0,0,1,7,1,1,0,1,1,1,4,0,0,0,0.0,A2020,1->0->0,1,1,1,0,enrolled_nonprivate,2.0
101346,A,2020,1,1,,1,,19,15,3,0,0,5.0,6.0,32.0,45.0,0,0,1,1,0,0,8,1,1,1,0,0,0,3,0,0,0,0.0,A2020,1->1->0,1,0,1,0,not_currently_enrolled,
101348,A,2020,1,0,13,1,2,15,15,4,0,0,6.0,,37.0,40.0,,0,1,0,0,0,6,1,0,0,0,0,0,1,0,0,0,0.0,A2020,1->0->0,1,1,1,0,not_currently_enrolled,2.0
101349,A,2020,1,1,16,1,1,5,18,6,0,0,8.0,,34.0,,,0,1,0,0,0,5,0,0,0,0,0,0,1,0,1,0,0.0,A2020,1->0->0,1,1,1,0,not_currently_enrolled,2.0
101352,A,2020,0,0,13,1,,17,15,3,0,0,,5.0,35.0,40.0,0,0,1,1,0,0,6,1,0,0,0,0,0,2,0,0,0,0.0,A2020,1->1->0,1,0,1,0,not_currently_enrolled,2.0
101354,A,2020,1,0,,1,2,19,16,3,0,0,5.0,9.0,37.0,38.0,0,0,1,1,0,0,6,1,0,0,0,0,0,2,0,0,0,0.0,A2020,1->1->0,1,0,1,0,not_currently_enrolled,
101355,A,2022,0,1,16,1,2,,16,7,1,0,5.0,5.0,45.0,52.0,0,0,1,0,0,0,5,0,0,0,0,0,0,1,0,0,1,40.0,A2022,1->0->0,1,1,1,0,not_currently_enrolled,0.0
101364,A,2020,0,1,13,1,,,15,4,0,0,5.0,5.0,50.0,60.0,0,0,1,0,0,0,5,0,0,0,0,0,0,1,0,0,1,40.0,A2020,1->0->0,1,1,1,0,not_currently_enrolled,2.0
101365,A,2020,0,1,12,1,2,15,14,5,0,0,5.0,3.0,32.0,40.0,0,0,1,0,0,1,6,1,0,0,1,1,1,4,0,0,0,0.0,A2020,1->0->0,1,1,1,0,enrolled_nonprivate,2.0
101369,A,2020,1,1,14,1,3,10,17,7,1,0,5.0,7.0,39.0,44.0,0,0,1,1,0,0,8,1,1,1,0,1,1,4,0,0,1,36.0,A2020,1->1->0,1,0,1,0,not_currently_enrolled,3.0
101372,A,2022,1,1,11,1,1,,12,7,1,0,8.0,5.0,34.0,37.0,0,0,1,0,0,1,6,1,0,0,0,0,0,2,0,0,0,0.0,A2022,1->0->0,1,1,1,0,enrolled_nonprivate,1.0
101373,A,2020,1,1,14,1,,19,17,5,0,0,5.0,,40.0,,,0,1,0,0,0,6,1,0,0,0,0,0,1,0,0,1,40.0,A2020,1->0->0,1,1,1,0,not_currently_enrolled,3.0
101376,A,2022,0,0,12,1,,,13,7,1,0,,5.0,,38.0,0,0,1,0,0,1,6,1,0,0,0,0,0,2,0,0,0,0.0,A2022,1->0->0,1,1,1,0,enrolled_nonprivate,1.0
101378,A,2020,0,1,13,1,,5,16,3,0,0,,,43.0,,,0,1,0,0,0,5,0,0,0,0,0,0,1,0,0,0,0.0,A2020,1->0->0,1,1,1,0,not_currently_enrolled,3.0
101380,A,2020,0,0,11,1,,,14,6,0,0,6.0,5.0,48.0,50.0,0,1,1,1,0,1,7,1,1,0,0,1,1,4,0,0,0,0.0,A2020,1->1->0,1,0,1,0,enrolled_nonprivate,3.0
101385,A,2020,0,0,13,1,,,15,3,0,0,11.0,,30.0,36.0,,0,1,1,0,1,7,1,1,0,0,0,0,4,0,0,0,0.0,A2020,1->1->0,1,0,1,0,enrolled_nonprivate,2.0
101387,B,2018,0,0,13,0,2,,17,6,1,1,9.0,5.0,37.0,40.0,1,0,1,1,0,1,8,1,1,1,0,1,1,6,0,0,0,0.0,B2018,1->1->0,1,0,1,0,enrolled_nonprivate,4.0
101393,B,2018,0,1,,0,2,,18,8,1,1,,3.0,,51.0,0,0,1,0,0,1,8,1,1,1,1,1,1,5,0,0,0,0.0,B2018,1->0->0,1,1,1,0,enrolled_nonprivate,
101397,B,2018,1,0,14,1,2,,19,5,1,1,3.0,5.0,48.0,49.0,0,0,1,1,0,0,9,1,1,1,0,0,0,4,0,0,1,8.0,B2018,1->1->0,1,0,1,0,not_currently_enrolled,5.0
101401,A,2020,0,0,13,1,1,19,15,3,0,0,9.0,6.0,40.0,35.0,1,0,1,1,0,1,8,1,1,1,0,0,0,4,0,0,0,0.0,A2020,1->1->0,1,0,1,0,enrolled_nonprivate,2.0
101409,A,2020,1,1,15,1,3,17,17,9,1,1,10.0,5.0,42.0,46.0,0,0,1,1,0,1,8,1,1,1,0,0,0,4,0,0,1,20.0,A2020,1->1->0,1,0,1,0,enrolled_nonprivate,2.0
101412,A,2020,1,0,,1,,19,19,3,0,0,5.0,5.0,42.0,45.0,0,0,1,1,0,0,7,1,1,0,0,0,0,2,0,0,0,0.0,A2020,1->1->0,1,0,1,0,not_currently_enrolled,
101418,A,2020,1,1,13,1,1,5,16,3,0,0,6.0,,33.0,31.0,,0,1,0,0,1,7,1,1,0,0,0,0,4,0,0,0,0.0,A2020,1->0->0,1,1,1,0,enrolled_nonprivate,3.0
101422,A,2020,0,0,11,1,1,11,13,2,0,1,8.0,,36.0,,,0,1,1,0,1,8,1,1,1,0,0,0,4,0,0,0,0.0,A2020,1->1->0,1,0,1,0,enrolled_nonprivate,2.0
101423,A,2020,0,1,13,1,2,11,15,2,0,1,4.0,2.0,50.0,52.0,0,0,1,1,0,0,7,1,1,0,0,0,0,2,0,0,1,8.0,A2020,1->1->0,1,0,1,0,not_currently_enrolled,2.0
101424,A,2020,0,1,12,1,2,5,14,5,0,0,,,41.0,45.0,0,0,1,0,0,1,7,1,1,0,1,1,1,4,0,0,0,0.0,A2020,1->0->0,1,1,1,0,enrolled_nonprivate,2.0
101434,A,2020,0,0,12,1,1,,15,5,0,0,0.0,3.0,35.0,37.0,0,0,1,0,0,1,5,0,0,0,1,1,1,3,0,0,1,40.0,A2020,1->0->0,1,1,1,0,enrolled_nonprivate,3.0
101441,A,2020,0,1,12,1,,7,15,4,0,0,6.0,6.0,42.0,45.0,0,0,1,0,0,1,5,0,0,0,1,1,1,3,0,0,1,40.0,A2020,1->0->0,1,1,1,0,enrolled_nonprivate,3.0
101446,A,2020,1,0,12,1,,7,14,3,0,0,9.0,,50.0,,,0,1,1,0,0,8,1,1,1,0,0,0,3,,,0,0.0,A2020,1->1->0,1,0,1,0,not_currently_enrolled,2.0
101448,A,2020,0,1,13,1,2,5,15,8,1,0,,0.0,38.0,51.0,0,0,1,1,0,1,7,1,1,0,0,1,1,4,0,0,0,0.0,A2020,1->1->0,1,0,1,0,enrolled_nonprivate,2.0
101451,A,2020,1,1,12,1,2,19,15,8,1,0,5.0,4.0,35.0,34.0,0,0,1,0,0,0,6,1,0,0,1,1,1,3,0,0,1,32.0,A2020,1->0->0,1,1,1,0,not_currently_enrolled,3.0
101452,A,2020,1,1,14,1,1,11,16,3,0,1,3.0,5.0,36.0,46.0,0,0,1,0,0,0,6,1,0,0,0,0,0,1,0,0,1,8.0,A2020,1->0->0,1,1,1,0,not_currently_enrolled,2.0
101455,A,2020,0,1,15,1,,5,18,5,0,0,5.0,7.0,47.0,60.0,0,0,1,1,0,0,6,1,0,0,0,0,0,2,0,0,0,0.0,A2020,1->1->0,1,0,1,0,not_currently_enrolled,3.0
101457,A,2020,0,0,13,1,2,7,16,3,0,0,6.0,6.0,42.0,49.0,0,0,1,1,0,0,7,1,1,0,0,0,0,3,1,1,0,0.0,A2020,1->1->0,1,0,1,0,not_currently_enrolled,3.0
101459,A,2020,1,1,15,1,,,17,6,0,0,1.0,,36.0,,,0,1,0,0,0,6,1,0,0,0,0,0,1,0,0,1,40.0,A2020,1->0->0,1,1,1,0,not_currently_enrolled,2.0
101461,A,2020,1,1,15,1,2,12,17,3,0,0,5.0,,40.0,55.0,,0,1,0,0,1,5,0,0,0,0,0,0,2,0,0,0,0.0,A2020,1->0->0,1,1,1,0,enrolled_nonprivate,2.0
101467,A,2020,0,1,12,1,,5,15,1,1,0,3.0,2.0,50.0,55.0,0,0,1,0,0,1,8,1,1,1,0,0,0,4,0,0,0,0.0,A2020,1->0->0,1,1,1,0,enrolled_nonprivate,3.0
101469,A,2020,1,1,15,1,1,19,18,1,1,0,2.0,1.0,42.0,54.0,0,0,1,1,0,0,8,1,1,1,1,1,1,4,0,0,1,40.0,A2020,1->1->0,1,0,1,0,not_currently_enrolled,3.0
101476,A,2022,1,1,14,1,,,15,7,1,0,5.0,7.0,39.0,42.0,0,1,1,0,1,1,5,0,0,0,1,1,1,2,0,0,0,0.0,A2022,1->0->1,0,1,0,1,not_an_observed_current_exit,1.0
101479,A,2020,0,0,14,1,2,4,17,5,0,0,3.0,0.0,43.0,91.0,0,0,0,1,0,0,9,1,1,1,0,0,0,2,0,0,1,40.0,A2020,0->1->0,,,1,0,not_currently_enrolled,3.0
101485,A,2020,1,1,14,1,,5,17,4,0,0,7.0,,37.0,,,0,1,1,0,0,7,1,1,0,0,0,0,2,0,0,0,0.0,A2020,1->1->0,1,0,1,0,not_currently_enrolled,3.0
101486,A,2020,0,0,15,1,2,,17,6,0,0,3.0,,67.0,51.0,,0,1,1,0,0,7,1,1,0,0,0,0,2,0,0,1,40.0,A2020,1->1->0,1,0,1,0,not_currently_enrolled,2.0
101488,B,2018,0,1,15,0,3,,19,7,1,1,,,,,,0,1,1,0,0,9,1,1,1,0,0,0,4,0,0,1,40.0,B2018,1->1->0,1,0,1,0,not_currently_enrolled,4.0
101489,A,2022,0,0,11,1,,,11,7,1,0,8.0,8.0,37.0,34.0,0,0,1,0,1,1,5,0,0,0,0,0,0,1,0,0,0,0.0,A2022,1->0->1,0,1,0,1,not_an_observed_current_exit,0.0
101498,A,2020,0,0,12,1,1,6,15,7,1,0,5.0,6.0,35.0,39.0,0,0,1,0,0,0,7,1,1,0,1,1,1,4,0,0,0,0.0,A2020,1->0->0,1,1,1,0,not_currently_enrolled,3.0
101503,A,2022,1,0,15,1,2,,14,8,1,0,11.0,9.0,44.0,39.0,0,0,0,1,0,0,6,1,0,0,1,1,1,3,0,0,0,0.0,A2022,0->1->0,,,1,0,not_currently_enrolled,-1.0
101519,A,2020,0,1,14,1,2,5,16,3,0,0,,,,,,0,1,0,0,0,5,0,0,0,0,0,0,1,0,0,0,0.0,A2020,1->0->0,1,1,1,0,not_currently_enrolled,2.0
101521,A,2020,0,0,11,1,2,7,14,7,1,0,5.0,11.0,37.0,43.0,0,0,1,1,0,1,8,1,1,1,0,0,0,4,0,0,1,6.0,A2020,1->1->0,1,0,1,0,enrolled_nonprivate,3.0
101523,A,2020,0,1,14,1,2,19,16,3,0,0,5.0,6.0,56.0,51.0,0,0,1,0,0,0,5,0,0,0,0,0,0,1,0,0,1,40.0,A2020,1->0->0,1,1,1,0,not_currently_enrolled,2.0
101528,B,2018,1,0,15,0,1,,20,7,1,1,5.0,5.0,38.0,59.0,0,0,1,1,0,0,8,1,1,1,0,0,0,3,0,1,1,0.0,B2018,1->1->0,1,0,1,0,not_currently_enrolled,5.0
101540,A,2020,0,0,14,1,2,19,16,2,0,0,6.0,,42.0,,,0,1,0,0,0,7,1,1,0,0,0,0,2,1,0,0,0.0,A2020,1->0->0,1,1,1,0,not_currently_enrolled,2.0
101547,A,2020,1,0,13,1,2,18,16,4,1,0,2.0,5.0,52.0,48.0,0,0,1,1,0,1,8,1,1,1,0,0,0,4,0,0,0,0.0,A2020,1->1->0,1,0,1,0,enrolled_nonprivate,3.0
101550,A,2020,0,1,,1,1,19,17,3,0,0,5.0,,56.0,,,0,1,0,0,0,6,1,0,0,0,0,0,1,0,0,1,40.0,A2020,1->0->0,1,1,1,0,not_currently_enrolled,
101570,A,2020,0,1,15,1,,,17,4,0,0,8.0,10.0,41.0,53.0,0,0,1,0,0,0,5,0,0,0,1,1,1,2,0,0,1,40.0,A2020,1->0->0,1,1,1,0,not_currently_enrolled,2.0
101573,A,2020,0,0,14,1,2,19,17,5,0,0,7.0,,44.0,,,0,1,0,0,0,5,0,0,0,0,0,0,1,0,0,0,0.0,A2020,1->0->0,1,1,1,0,not_currently_enrolled,3.0
101574,B,2018,1,0,13,0,1,,18,7,1,1,,,,,,0,1,0,0,1,8,1,1,1,1,1,1,6,0,0,0,0.0,B2018,1->0->0,1,1,1,0,enrolled_nonprivate,5.0
101575,A,2022,0,1,11,1,2,,12,12,1,0,7.0,7.0,30.0,36.0,0,0,1,0,1,1,5,0,0,0,1,1,1,2,0,0,0,0.0,A2022,1->0->1,0,1,0,1,not_an_observed_current_exit,1.0
101577,A,2020,0,1,11,1,3,15,14,3,0,0,,,35.0,,,0,1,0,0,1,8,1,1,1,0,0,0,4,0,0,0,0.0,A2020,1->0->0,1,1,1,0,enrolled_nonprivate,3.0
101583,A,2020,0,0,13,1,,11,15,9,1,1,4.0,5.0,37.0,38.0,0,0,1,0,0,1,7,1,1,0,1,1,1,4,0,0,0,0.0,A2020,1->0->0,1,1,1,0,enrolled_nonprivate,2.0
101584,A,2020,1,1,13,1,1,19,16,3,0,0,,,36.0,,,0,1,0,0,1,5,0,0,0,0,0,0,2,0,0,1,40.0,A2020,1->0->0,1,1,1,0,enrolled_nonprivate,3.0
101585,A,2020,0,0,,1,1,19,14,3,0,0,5.0,5.0,46.0,47.0,0,0,1,1,0,1,8,1,1,1,0,0,0,4,0,0,0,0.0,A2020,1->1->0,1,0,1,0,enrolled_nonprivate,
101586,A,2020,1,0,11,1,1,,14,3,0,0,5.0,5.0,36.0,36.0,0,0,1,0,0,1,7,1,1,0,1,1,1,4,0,0,0,0.0,A2020,1->0->0,1,1,1,0,enrolled_nonprivate,3.0
101592,A,2020,0,0,13,1,1,,15,3,0,0,7.0,,37.0,,,0,1,0,0,1,6,1,0,0,0,0,0,4,0,0,0,0.0,A2020,1->0->0,1,1,1,0,enrolled_nonprivate,2.0
101593,A,2020,1,0,12,1,3,18,15,8,1,0,3.0,3.0,45.0,50.0,0,0,1,0,0,0,6,1,0,0,1,1,1,3,0,0,1,8.0,A2020,1->0->0,1,1,1,0,not_currently_enrolled,3.0
101601,A,2020,0,0,11,1,2,4,13,3,0,0,9.0,7.0,38.0,42.0,1,0,1,1,0,1,8,1,1,1,0,0,0,4,0,0,0,0.0,A2020,1->1->0,1,0,1,0,enrolled_nonprivate,2.0
101608,A,2020,1,1,14,1,,,16,4,0,0,,,38.0,,,0,1,0,0,1,5,0,0,0,0,0,0,2,0,0,1,40.0,A2020,1->0->0,1,1,1,0,enrolled_nonprivate,2.0
101609,A,2020,0,1,12,1,2,4,14,3,0,0,,,40.0,,,0,1,0,0,0,6,1,0,0,0,0,0,1,0,0,0,0.0,A2020,1->0->0,1,1,1,0,not_currently_enrolled,2.0
101610,A,2020,1,0,11,1,1,,14,8,1,0,5.0,2.0,35.0,46.0,0,0,1,1,0,1,8,1,1,1,0,0,0,4,0,0,0,0.0,A2020,1->1->0,1,0,1,0,enrolled_nonprivate,3.0
101616,A,2020,1,0,12,1,1,,14,5,0,0,1.0,0.0,55.0,55.0,0,0,1,1,0,1,7,1,1,0,0,0,0,4,0,0,0,0.0,A2020,1->1->0,1,0,1,0,enrolled_nonprivate,2.0
