applicant_id,cohort,selected,years_in_school,highest_grade,total_repeats,years_minus_highest_grade_plus5,age_at_application,age_at_survey,age_change,exceeds_4_years,exceeds_age_change_plus1
100004,A2020,0,4,8,0,1.0,12,14,2.0,0,1
100007,A2020,0,4,7,0,2.0,11,14,3.0,0,0
100008,A2020,0,4,8,0,1.0,11,14,3.0,0,0
100010,A2020,0,4,7,1,2.0,15,17,2.0,0,1
100012,A2020,0,3,5,1,3.0,11,14,3.0,0,0
100019,A2020,0,4,8,0,1.0,10,13,3.0,0,0
100021,A2020,0,4,8,0,1.0,,14,,0,
100023,A2020,0,4,8,0,1.0,13,15,2.0,0,1
100027,A2020,0,4,8,0,1.0,12,14,2.0,0,1
100028,A2020,0,3,7,0,1.0,14,16,2.0,0,0
100030,A2020,0,4,7,1,2.0,12,15,3.0,0,0
100035,A2020,0,3,7,0,1.0,,15,,0,
100040,A2020,0,4,8,0,1.0,15,17,2.0,0,1
100041,A2020,0,2,6,0,1.0,15,17,2.0,0,0
100048,A2020,0,2,5,1,2.0,13,15,2.0,0,0
100049,A2020,0,4,8,0,1.0,10,13,3.0,0,0
100059,A2020,0,4,8,0,1.0,12,14,2.0,0,1
100064,A2020,0,4,8,0,1.0,12,14,2.0,0,1
100065,A2020,0,4,8,0,1.0,12,15,3.0,0,0
100072,A2020,0,2,6,0,1.0,,15,,0,
100073,A2020,0,1,5,0,1.0,14,17,3.0,0,0
100077,A2020,0,4,8,0,1.0,12,14,2.0,0,1
100085,A2020,0,4,5,2,4.0,14,16,2.0,0,1
100093,A2020,0,4,8,0,1.0,11,14,3.0,0,0
100094,A2020,0,4,8,0,1.0,15,17,2.0,0,1
100096,A2020,0,4,8,0,1.0,12,15,3.0,0,0
100101,A2020,0,4,8,0,1.0,13,15,2.0,0,1
100103,A2020,0,4,8,0,1.0,12,15,3.0,0,0
100108,A2020,0,4,8,0,1.0,13,16,3.0,0,0
100109,A2020,0,4,7,0,2.0,13,15,2.0,0,1
100110,A2020,0,4,8,0,1.0,13,16,3.0,0,0
100111,A2020,0,4,8,0,1.0,12,17,5.0,0,0
100112,A2020,0,4,8,0,1.0,12,14,2.0,0,1
100113,A2020,0,4,8,0,1.0,12,14,2.0,0,1
100117,A2020,0,2,6,0,1.0,13,15,2.0,0,0
100120,A2020,0,1,5,0,1.0,14,17,3.0,0,0
100131,A2020,0,4,8,0,1.0,12,14,2.0,0,1
100134,A2020,0,4,9,0,0.0,11,14,3.0,0,0
100138,A2020,0,4,8,0,1.0,13,15,2.0,0,1
100140,A2020,0,1,5,0,1.0,16,19,3.0,0,0
100141,A2020,0,4,8,1,1.0,13,17,4.0,0,0
100144,A2020,0,1,6,0,0.0,13,15,2.0,0,0
100147,A2020,0,3,8,0,0.0,13,15,2.0,0,0
100148,A2020,0,2,7,0,0.0,13,15,2.0,0,0
100153,A2020,0,1,6,0,0.0,14,17,3.0,0,0
100158,A2020,0,4,8,0,1.0,14,16,2.0,0,1
100160,A2020,0,3,5,2,3.0,16,18,2.0,0,0
100163,A2020,0,3,7,3,1.0,12,15,3.0,0,0
100165,A2020,0,4,8,0,1.0,14,17,3.0,0,0
100166,A2020,0,4,8,0,1.0,11,14,3.0,0,0
100170,A2020,0,5,8,1,2.0,12,14,2.0,1,1
100172,A2020,0,0,5,0,0.0,16,19,3.0,0,0
100173,A2020,0,4,7,1,2.0,,15,,0,
100175,A2020,0,1,5,0,1.0,13,16,3.0,0,0
100176,A2020,0,4,8,0,1.0,11,14,3.0,0,0
100178,A2020,0,3,6,1,2.0,14,16,2.0,0,0
100179,A2020,0,4,8,0,1.0,11,14,3.0,0,0
100180,A2020,0,4,6,1,3.0,12,14,2.0,0,1
100183,A2020,0,4,8,0,1.0,12,14,2.0,0,1
100184,A2020,0,4,8,0,1.0,12,15,3.0,0,0
100201,A2020,0,5,9,0,1.0,12,14,2.0,1,1
100205,A2020,0,4,8,0,1.0,,14,,0,
100206,A2020,0,1,8,0,-2.0,12,14,2.0,0,0
100207,A2020,0,4,8,0,1.0,13,16,3.0,0,0
100208,A2020,0,4,8,0,1.0,,14,,0,
100210,A2020,0,4,7,1,2.0,15,18,3.0,0,0
100211,A2020,0,4,8,0,1.0,14,16,2.0,0,1
100215,A2020,0,3,6,1,2.0,13,15,2.0,0,0
100216,A2020,0,4,8,0,1.0,11,14,3.0,0,0
100217,A2020,0,4,8,0,1.0,13,16,3.0,0,0
100218,A2020,0,2,7,0,0.0,14,16,2.0,0,0
100220,A2020,0,2,7,0,0.0,13,15,2.0,0,0
100224,A2020,0,4,8,0,1.0,12,15,3.0,0,0
100226,A2020,0,3,9,0,-1.0,15,18,3.0,0,0
100227,A2020,0,2,6,0,1.0,12,13,1.0,0,0
100228,A2020,0,1,5,0,1.0,13,17,4.0,0,0
100230,A2020,0,4,8,0,1.0,12,14,2.0,0,1
100234,A2020,0,4,8,0,1.0,12,14,2.0,0,1
100235,A2020,0,3,7,0,1.0,12,14,2.0,0,0
100237,A2020,0,4,8,0,1.0,11,14,3.0,0,0
100239,A2020,0,4,7,1,2.0,12,15,3.0,0,0
100240,A2020,0,4,8,0,1.0,13,15,2.0,0,1
100241,A2020,0,4,7,1,2.0,12,14,2.0,0,1
100242,A2020,0,3,8,0,0.0,13,16,3.0,0,0
100244,A2020,0,4,8,0,1.0,12,14,2.0,0,1
100253,A2020,0,1,5,0,1.0,13,15,2.0,0,0
100256,A2020,0,4,7,0,2.0,12,15,3.0,0,0
100258,A2020,0,6,10,1,1.0,,17,,1,
100259,A2020,0,2,7,0,0.0,14,14,0.0,0,1
100260,A2020,0,4,8,0,1.0,12,14,2.0,0,1
100261,A2020,0,4,8,0,1.0,11,14,3.0,0,0
100263,A2020,0,4,7,1,2.0,11,14,3.0,0,0
100268,A2020,0,4,8,0,1.0,12,14,2.0,0,1
100270,A2020,0,3,7,0,1.0,12,14,2.0,0,0
100275,A2020,0,4,8,0,1.0,13,15,2.0,0,1
100279,A2020,0,3,7,0,1.0,12,14,2.0,0,0
100280,A2020,0,4,7,1,2.0,12,14,2.0,0,1
100281,A2020,0,4,7,1,2.0,13,15,2.0,0,1
100283,A2020,0,3,7,0,1.0,14,16,2.0,0,0
100284,A2020,0,3,7,0,1.0,16,18,2.0,0,0
100288,A2020,0,4,8,0,1.0,12,14,2.0,0,1
100289,A2020,0,4,8,0,1.0,11,14,3.0,0,0
100295,A2020,0,4,8,0,1.0,14,16,2.0,0,1
100297,A2020,0,4,8,0,1.0,10,12,2.0,0,1
100300,A2020,0,3,6,0,2.0,13,15,2.0,0,0
100301,A2020,0,4,8,0,1.0,13,16,3.0,0,0
100308,A2020,0,3,7,0,1.0,15,17,2.0,0,0
100313,A2020,0,4,7,1,2.0,12,15,3.0,0,0
100314,A2020,0,4,8,0,1.0,14,16,2.0,0,1
100318,A2020,0,4,8,0,1.0,11,14,3.0,0,0
100319,A2020,0,4,8,0,1.0,14,16,2.0,0,1
100323,A2020,0,3,7,0,1.0,15,17,2.0,0,0
100327,A2020,0,4,8,0,1.0,13,16,3.0,0,0
100329,A2020,0,2,6,1,1.0,,18,,0,
100332,A2020,0,4,7,1,2.0,12,14,2.0,0,1
100334,A2020,0,4,8,0,1.0,13,15,2.0,0,1
100335,A2020,0,3,7,0,1.0,,14,,0,
100336,A2020,0,4,9,0,0.0,13,17,4.0,0,0
100339,A2020,0,4,8,0,1.0,13,16,3.0,0,0
100343,A2020,0,4,8,0,1.0,13,16,3.0,0,0
100346,A2020,0,2,6,1,1.0,11,13,2.0,0,0
100348,A2020,0,4,8,0,1.0,11,14,3.0,0,0
100350,A2020,0,4,7,1,2.0,13,15,2.0,0,1
100351,A2020,0,4,7,0,2.0,13,15,2.0,0,1
100352,A2020,0,4,8,0,1.0,12,15,3.0,0,0
100355,A2020,0,5,8,1,2.0,13,16,3.0,1,1
100359,A2020,0,6,8,2,3.0,14,17,3.0,1,1
100362,A2020,0,4,8,0,1.0,12,14,2.0,0,1
100364,A2020,0,4,8,0,1.0,11,14,3.0,0,0
100365,A2020,0,4,9,0,0.0,11,14,3.0,0,0
100366,A2020,0,4,7,1,2.0,11,14,3.0,0,0
100367,A2020,0,0,5,0,0.0,15,18,3.0,0,0
100368,A2020,0,6,9,1,2.0,15,10,-5.0,1,1
100369,A2020,0,5,10,0,0.0,14,17,3.0,1,1
100370,A2020,0,4,8,0,1.0,13,16,3.0,0,0
100373,A2020,0,4,8,0,1.0,13,15,2.0,0,1
100375,A2020,0,4,8,0,1.0,12,15,3.0,0,0
100377,A2020,0,4,7,0,2.0,14,16,2.0,0,1
100379,A2020,0,4,7,0,2.0,12,15,3.0,0,0
100381,A2020,0,4,8,0,1.0,12,14,2.0,0,1
100387,A2020,0,4,6,0,3.0,12,14,2.0,0,1
100388,A2020,0,4,8,0,1.0,11,13,2.0,0,1
100394,A2020,0,4,8,0,1.0,13,15,2.0,0,1
100397,A2020,0,4,8,0,1.0,14,16,2.0,0,1
100398,A2020,0,4,8,0,1.0,12,14,2.0,0,1
100403,A2020,0,2,7,0,0.0,13,17,4.0,0,0
100408,A2020,0,4,8,0,1.0,12,15,3.0,0,0
100410,A2020,0,4,6,1,3.0,11,14,3.0,0,0
100412,A2020,0,4,8,0,1.0,14,17,3.0,0,0
100413,A2020,0,4,8,0,1.0,13,15,2.0,0,1
100418,A2020,0,4,7,1,2.0,12,14,2.0,0,1
100419,A2020,0,5,10,0,0.0,14,15,1.0,1,1
100421,A2020,0,4,8,0,1.0,11,13,2.0,0,1
100423,A2020,0,3,7,0,1.0,13,15,2.0,0,0
100424,A2020,0,4,8,0,1.0,12,14,2.0,0,1
100430,A2020,0,4,8,0,1.0,12,14,2.0,0,1
100435,A2020,0,4,8,0,1.0,15,18,3.0,0,0
100439,A2020,0,4,8,0,1.0,11,14,3.0,0,0
100447,A2020,0,1,6,0,0.0,14,16,2.0,0,0
100452,A2020,0,4,7,1,2.0,14,16,2.0,0,1
100460,A2020,0,4,8,0,1.0,12,14,2.0,0,1
100463,A2020,0,4,8,0,1.0,12,14,2.0,0,1
100466,A2020,0,4,8,0,1.0,15,18,3.0,0,0
100468,A2020,0,4,8,0,1.0,12,14,2.0,0,1
100470,A2020,0,4,8,0,1.0,12,14,2.0,0,1
100475,A2020,0,1,5,0,1.0,13,15,2.0,0,0
100477,A2020,0,4,8,0,1.0,11,14,3.0,0,0
100478,A2020,0,4,8,0,1.0,13,15,2.0,0,1
100479,A2020,0,4,8,0,1.0,11,13,2.0,0,1
100480,A2020,0,4,8,0,1.0,13,15,2.0,0,1
100485,A2020,0,1,5,0,1.0,13,15,2.0,0,0
100488,A2020,0,1,6,0,0.0,15,17,2.0,0,0
100499,A2020,0,4,8,0,1.0,12,15,3.0,0,0
100504,A2020,0,4,7,0,2.0,14,16,2.0,0,1
100510,A2020,0,1,6,0,0.0,16,17,1.0,0,0
100516,A2020,0,4,8,0,1.0,13,16,3.0,0,0
100517,A2020,0,4,8,0,1.0,12,14,2.0,0,1
100523,A2020,0,4,8,0,1.0,12,14,2.0,0,1
100525,A2020,0,4,7,1,2.0,11,14,3.0,0,0
100526,A2020,0,4,8,0,1.0,12,15,3.0,0,0
100527,A2020,0,3,7,0,1.0,12,14,2.0,0,0
100528,A2020,0,4,8,0,1.0,13,16,3.0,0,0
100529,A2020,0,3,5,2,3.0,12,15,3.0,0,0
100530,A2020,0,1,6,0,0.0,12,15,3.0,0,0
100533,A2020,0,4,7,1,2.0,12,14,2.0,0,1
100539,A2020,0,3,7,1,1.0,12,14,2.0,0,0
100541,A2020,0,4,6,1,3.0,13,15,2.0,0,1
100543,A2020,0,4,7,1,2.0,14,16,2.0,0,1
100544,A2020,0,5,9,0,1.0,13,15,2.0,1,1
100546,A2020,0,4,8,0,1.0,15,18,3.0,0,0
100547,A2020,0,4,7,1,2.0,12,14,2.0,0,1
100553,A2020,0,4,8,0,1.0,12,15,3.0,0,0
100554,A2020,0,4,8,0,1.0,11,13,2.0,0,1
100556,A2020,0,4,8,0,1.0,12,14,2.0,0,1
100558,A2020,0,0,5,0,0.0,14,16,2.0,0,0
100566,A2020,0,4,8,0,1.0,12,15,3.0,0,0
100571,A2020,0,4,8,0,1.0,12,14,2.0,0,1
100573,A2020,0,3,7,0,1.0,13,16,3.0,0,0
100580,A2020,0,4,8,0,1.0,11,14,3.0,0,0
100581,A2020,0,4,9,0,0.0,14,17,3.0,0,0
100589,A2020,0,4,8,0,1.0,13,15,2.0,0,1
100591,A2020,0,4,5,3,4.0,11,14,3.0,0,0
100594,A2020,0,4,8,0,1.0,11,13,2.0,0,1
100598,A2020,0,4,8,0,1.0,13,15,2.0,0,1
100599,A2020,0,4,8,0,1.0,14,16,2.0,0,1
100602,A2020,0,4,8,0,1.0,12,14,2.0,0,1
100605,A2020,0,4,8,0,1.0,11,13,2.0,0,1
100607,A2020,0,5,7,2,3.0,13,15,2.0,1,1
100608,A2020,0,4,8,0,1.0,12,15,3.0,0,0
100609,A2020,0,4,8,0,1.0,13,16,3.0,0,0
100617,A2020,0,4,8,0,1.0,12,14,2.0,0,1
100618,A2020,0,4,8,0,1.0,12,14,2.0,0,1
100619,A2020,0,4,7,1,2.0,12,14,2.0,0,1
100620,A2020,0,4,8,0,1.0,13,16,3.0,0,0
100627,A2020,0,4,8,0,1.0,12,14,2.0,0,1
100629,A2020,0,4,9,0,0.0,14,17,3.0,0,0
100630,A2020,0,2,6,1,1.0,,17,,0,
100631,A2020,0,4,8,0,1.0,11,14,3.0,0,0
100633,A2020,0,4,8,0,1.0,12,14,2.0,0,1
100634,A2020,0,4,6,2,3.0,12,14,2.0,0,1
100636,A2020,0,4,8,0,1.0,12,15,3.0,0,0
100638,A2020,0,6,9,1,2.0,14,16,2.0,1,1
100640,A2020,0,3,7,0,1.0,11,14,3.0,0,0
100643,A2020,0,4,8,0,1.0,12,15,3.0,0,0
100644,A2020,0,3,6,1,2.0,,16,,0,
100645,A2020,0,4,8,0,1.0,13,15,2.0,0,1
100647,A2020,0,3,6,0,2.0,13,15,2.0,0,0
100648,A2020,0,4,8,0,1.0,11,14,3.0,0,0
100650,A2020,0,4,8,0,1.0,14,16,2.0,0,1
100653,A2020,0,3,6,2,2.0,12,15,3.0,0,0
100660,A2020,0,4,7,0,2.0,12,14,2.0,0,1
100668,A2020,0,3,6,0,2.0,15,17,2.0,0,0
100674,A2020,0,4,8,0,1.0,12,14,2.0,0,1
100676,A2020,0,0,5,0,0.0,14,17,3.0,0,0
100678,A2020,0,2,6,1,1.0,14,17,3.0,0,0
100680,A2020,0,4,8,0,1.0,11,14,3.0,0,0
100688,A2020,0,4,8,0,1.0,12,15,3.0,0,0
100693,A2020,0,1,6,0,0.0,13,16,3.0,0,0
100694,A2020,0,4,8,0,1.0,12,15,3.0,0,0
100698,A2020,0,4,5,1,4.0,,16,,0,
100699,A2020,0,4,8,0,1.0,12,14,2.0,0,1
100701,A2020,0,3,8,0,0.0,14,16,2.0,0,0
100710,A2020,0,4,8,0,1.0,12,14,2.0,0,1
100714,A2020,0,4,8,0,1.0,14,16,2.0,0,1
100716,A2020,0,4,8,0,1.0,12,14,2.0,0,1
100718,A2020,0,4,8,0,1.0,11,14,3.0,0,0
100719,A2020,0,4,6,1,3.0,12,14,2.0,0,1
100721,A2020,0,4,8,0,1.0,15,17,2.0,0,1
100724,A2020,0,4,8,0,1.0,12,14,2.0,0,1
100725,A2020,0,4,8,0,1.0,12,14,2.0,0,1
100727,A2020,0,4,8,0,1.0,10,13,3.0,0,0
100728,A2020,0,4,8,0,1.0,12,15,3.0,0,0
100729,A2020,0,4,8,0,1.0,11,14,3.0,0,0
100730,A2020,0,4,7,1,2.0,,14,,0,
100735,A2020,0,2,6,0,1.0,,17,,0,
100739,A2020,0,4,7,1,2.0,,14,,0,
100741,A2020,0,4,8,0,1.0,14,17,3.0,0,0
100742,A2020,0,4,9,0,0.0,14,17,3.0,0,0
100745,A2020,0,4,8,0,1.0,12,14,2.0,0,1
100748,A2020,0,4,8,1,1.0,16,18,2.0,0,1
100751,A2020,0,4,8,0,1.0,11,13,2.0,0,1
100759,A2020,0,1,8,0,-2.0,12,15,3.0,0,0
100760,A2020,0,3,7,0,1.0,,17,,0,
100766,A2020,0,4,8,0,1.0,12,14,2.0,0,1
100767,A2020,0,4,8,0,1.0,12,15,3.0,0,0
100768,A2020,0,4,8,1,1.0,12,16,4.0,0,0
100769,A2020,0,3,11,0,-3.0,14,17,3.0,0,0
100775,A2020,0,4,8,0,1.0,12,14,2.0,0,1
100778,A2020,0,4,8,0,1.0,11,14,3.0,0,0
100780,A2020,0,4,8,0,1.0,12,14,2.0,0,1
100785,A2020,0,4,8,0,1.0,13,15,2.0,0,1
100788,A2020,0,4,8,0,1.0,11,13,2.0,0,1
100790,A2020,0,3,6,1,2.0,12,14,2.0,0,0
100791,A2020,0,4,8,0,1.0,11,14,3.0,0,0
100797,A2020,0,4,8,0,1.0,12,15,3.0,0,0
100798,A2020,0,4,8,0,1.0,12,14,2.0,0,1
100800,A2020,0,4,8,0,1.0,12,14,2.0,0,1
100806,A2020,0,4,8,0,1.0,12,14,2.0,0,1
100807,A2020,0,0,5,0,0.0,15,17,2.0,0,0
100808,A2020,0,2,6,0,1.0,15,17,2.0,0,0
100810,A2020,0,3,9,0,-1.0,15,18,3.0,0,0
100811,A2020,0,4,7,1,2.0,10,12,2.0,0,1
100814,A2020,0,5,8,1,2.0,13,15,2.0,1,1
100817,A2020,0,4,8,0,1.0,12,14,2.0,0,1
100822,A2020,0,2,7,0,0.0,15,17,2.0,0,0
100824,A2020,0,4,8,0,1.0,12,15,3.0,0,0
100826,A2020,0,3,7,0,1.0,13,15,2.0,0,0
100828,A2020,0,4,8,0,1.0,14,16,2.0,0,1
100832,A2020,0,4,8,0,1.0,11,13,2.0,0,1
100834,A2020,0,3,7,0,1.0,12,14,2.0,0,0
100839,A2020,0,4,8,0,1.0,13,16,3.0,0,0
100843,A2020,0,4,8,0,1.0,13,16,3.0,0,0
100848,A2020,0,4,8,0,1.0,12,14,2.0,0,1
100855,A2020,0,4,6,1,3.0,14,16,2.0,0,1
100856,A2020,0,4,8,0,1.0,12,14,2.0,0,1
100857,A2020,0,4,8,0,1.0,12,15,3.0,0,0
100859,A2020,0,4,8,0,1.0,11,14,3.0,0,0
100861,A2020,0,4,8,0,1.0,11,13,2.0,0,1
100862,A2020,0,4,8,0,1.0,14,17,3.0,0,0
100866,A2020,0,2,6,1,1.0,12,15,3.0,0,0
100871,A2020,0,4,8,0,1.0,12,15,3.0,0,0
100876,A2020,0,3,8,0,0.0,13,16,3.0,0,0
100877,A2020,0,4,8,0,1.0,12,15,3.0,0,0
100880,A2020,0,4,8,0,1.0,15,17,2.0,0,1
100882,A2020,0,4,8,0,1.0,14,17,3.0,0,0
100888,A2020,0,5,8,1,2.0,14,16,2.0,1,1
100890,A2020,0,4,8,0,1.0,15,17,2.0,0,1
100893,A2020,0,4,7,1,2.0,11,14,3.0,0,0
100896,A2020,0,6,9,1,2.0,13,15,2.0,1,1
100902,A2020,0,4,8,0,1.0,11,14,3.0,0,0
100903,A2020,0,3,8,0,0.0,12,14,2.0,0,0
100905,A2020,0,4,8,0,1.0,13,15,2.0,0,1
100907,A2020,0,4,8,0,1.0,11,13,2.0,0,1
100918,A2020,0,5,8,1,2.0,12,14,2.0,1,1
100919,A2020,0,4,8,0,1.0,,14,,0,
100922,A2020,0,4,8,0,1.0,15,18,3.0,0,0
100928,A2020,0,4,8,0,1.0,13,15,2.0,0,1
100929,A2020,0,4,8,0,1.0,13,15,2.0,0,1
100930,A2020,0,4,8,0,1.0,12,14,2.0,0,1
100932,A2020,0,4,8,0,1.0,13,15,2.0,0,1
100937,A2020,0,1,5,0,1.0,14,16,2.0,0,0
100938,A2020,0,0,8,0,-3.0,12,15,3.0,0,0
100939,A2020,0,4,8,0,1.0,11,14,3.0,0,0
100942,A2020,0,4,8,0,1.0,12,14,2.0,0,1
100948,A2020,0,1,5,0,1.0,,14,,0,
100953,A2020,0,4,7,1,2.0,13,15,2.0,0,1
100955,A2020,0,3,8,0,0.0,13,16,3.0,0,0
100958,A2020,0,4,7,1,2.0,12,14,2.0,0,1
100959,A2020,0,4,8,0,1.0,12,15,3.0,0,0
100961,A2020,0,1,6,0,0.0,13,16,3.0,0,0
100963,A2020,0,4,8,0,1.0,13,15,2.0,0,1
100966,A2020,0,4,8,1,1.0,13,16,3.0,0,0
100970,A2020,0,4,8,0,1.0,13,15,2.0,0,1
100973,A2020,0,4,7,1,2.0,12,14,2.0,0,1
100977,A2020,0,4,7,1,2.0,12,14,2.0,0,1
100978,A2020,0,4,8,0,1.0,12,14,2.0,0,1
100979,A2020,0,4,8,0,1.0,11,14,3.0,0,0
100989,A2020,0,4,8,0,1.0,,15,,0,
100990,A2020,0,4,6,2,3.0,12,15,3.0,0,0
100991,A2020,0,1,6,0,0.0,14,17,3.0,0,0
100994,A2020,0,4,8,0,1.0,14,16,2.0,0,1
100997,A2020,0,4,7,1,2.0,15,17,2.0,0,1
101000,A2020,0,3,7,0,1.0,15,18,3.0,0,0
101004,A2020,0,4,8,0,1.0,11,13,2.0,0,1
101005,A2020,0,4,8,0,1.0,11,13,2.0,0,1
101006,A2020,0,4,8,0,1.0,15,17,2.0,0,1
101009,A2020,0,2,7,1,0.0,14,17,3.0,0,0
101013,A2020,0,4,8,0,1.0,12,15,3.0,0,0
101015,A2020,0,2,7,0,0.0,12,14,2.0,0,0
101016,A2020,0,1,5,0,1.0,14,16,2.0,0,0
101017,A2020,0,4,7,0,2.0,12,15,3.0,0,0
101020,A2020,0,4,8,0,1.0,,14,,0,
101021,A2020,0,4,7,1,2.0,12,15,3.0,0,0
101024,A2020,0,1,5,0,1.0,13,15,2.0,0,0
101025,A2020,0,4,8,0,1.0,12,14,2.0,0,1
101028,A2020,0,4,8,0,1.0,13,15,2.0,0,1
101032,A2020,0,4,8,0,1.0,12,15,3.0,0,0
101034,A2020,0,4,7,0,2.0,12,15,3.0,0,0
101035,A2020,0,4,7,1,2.0,,14,,0,
101038,A2020,0,4,8,0,1.0,10,13,3.0,0,0
101039,A2020,0,4,8,0,1.0,13,15,2.0,0,1
101044,A2020,0,4,8,0,1.0,12,14,2.0,0,1
101047,A2020,0,4,8,0,1.0,12,15,3.0,0,0
101049,A2020,0,3,7,0,1.0,15,17,2.0,0,0
101050,A2020,0,4,8,0,1.0,12,15,3.0,0,0
101053,A2020,0,1,6,0,0.0,14,16,2.0,0,0
101055,A2020,0,6,9,1,2.0,15,17,2.0,1,1
101058,A2020,0,6,10,2,1.0,14,18,4.0,1,1
101062,A2020,0,4,8,0,1.0,13,16,3.0,0,0
101066,A2020,0,4,8,0,1.0,11,14,3.0,0,0
101068,A2020,0,4,9,0,0.0,12,15,3.0,0,0
101069,A2020,0,4,7,1,2.0,11,14,3.0,0,0
101070,A2020,0,1,6,0,0.0,14,17,3.0,0,0
101075,A2020,0,4,7,1,2.0,11,13,2.0,0,1
101076,A2020,0,4,8,0,1.0,10,13,3.0,0,0
101077,A2020,0,6,8,2,3.0,15,18,3.0,1,1
101078,A2020,0,4,8,0,1.0,,14,,0,
101079,A2020,0,4,8,0,1.0,11,14,3.0,0,0
101081,A2020,0,4,8,0,1.0,12,14,2.0,0,1
101082,A2020,0,1,5,0,1.0,14,16,2.0,0,0
101083,A2020,0,4,8,0,1.0,12,15,3.0,0,0
101084,A2020,0,4,8,0,1.0,13,15,2.0,0,1
101085,A2020,0,4,8,0,1.0,12,14,2.0,0,1
101086,A2020,0,4,7,1,2.0,11,14,3.0,0,0
101087,A2020,0,3,7,0,1.0,,15,,0,
101091,A2020,0,4,7,1,2.0,12,14,2.0,0,1
101100,A2020,0,3,8,0,0.0,14,17,3.0,0,0
101103,A2020,0,3,8,0,0.0,13,15,2.0,0,0
101105,A2020,0,4,8,0,1.0,11,15,4.0,0,0
101106,A2020,0,4,7,1,2.0,11,14,3.0,0,0
101107,A2020,0,4,8,0,1.0,11,13,2.0,0,1
101108,A2020,0,4,8,0,1.0,12,14,2.0,0,1
101114,A2020,0,4,7,1,2.0,12,14,2.0,0,1
101115,A2020,0,4,7,1,2.0,13,15,2.0,0,1
101117,A2020,0,4,8,0,1.0,11,13,2.0,0,1
101119,A2020,0,4,8,0,1.0,15,17,2.0,0,1
101120,A2020,0,4,8,0,1.0,12,15,3.0,0,0
101123,A2020,0,4,8,0,1.0,12,15,3.0,0,0
101124,A2020,0,2,7,0,0.0,,17,,0,
101125,A2020,0,4,8,0,1.0,13,18,5.0,0,0
101127,A2020,0,3,6,1,2.0,14,16,2.0,0,0
101130,A2020,0,4,6,1,3.0,11,13,2.0,0,1
101131,A2020,0,4,9,0,0.0,14,17,3.0,0,0
101133,A2020,0,5,8,1,2.0,12,14,2.0,1,1
101149,A2020,0,4,7,1,2.0,12,15,3.0,0,0
101150,A2020,0,4,7,1,2.0,14,17,3.0,0,0
101151,A2020,0,5,8,1,2.0,15,18,3.0,1,1
101155,A2020,0,4,8,0,1.0,13,15,2.0,0,1
101162,A2020,0,4,8,0,1.0,12,14,2.0,0,1
101163,A2020,0,4,8,0,1.0,12,14,2.0,0,1
101164,A2020,0,5,8,1,2.0,15,18,3.0,1,1
101165,A2020,0,4,9,0,0.0,12,15,3.0,0,0
101167,A2020,0,4,7,0,2.0,10,12,2.0,0,1
101168,A2020,0,4,8,0,1.0,12,14,2.0,0,1
101169,A2020,0,5,9,1,1.0,15,18,3.0,1,1
101172,A2020,0,2,7,0,0.0,14,17,3.0,0,0
101176,A2020,0,4,8,0,1.0,12,14,2.0,0,1
101177,A2020,0,2,7,0,0.0,15,17,2.0,0,0
101178,A2020,0,4,8,0,1.0,12,14,2.0,0,1
101179,A2020,0,4,8,0,1.0,12,14,2.0,0,1
101181,A2020,0,4,8,0,1.0,10,13,3.0,0,0
101187,A2020,0,4,7,1,2.0,13,15,2.0,0,1
101188,A2020,0,2,6,0,1.0,14,16,2.0,0,0
101190,A2020,0,4,7,1,2.0,11,13,2.0,0,1
101192,A2020,0,3,8,0,0.0,16,19,3.0,0,0
101193,A2020,0,4,7,1,2.0,12,14,2.0,0,1
101195,A2020,0,4,8,0,1.0,11,13,2.0,0,1
101197,A2020,0,4,8,0,1.0,11,14,3.0,0,0
101201,A2020,0,4,7,1,2.0,12,14,2.0,0,1
101202,A2020,0,4,7,0,2.0,16,18,2.0,0,1
101203,A2020,0,4,6,2,3.0,12,15,3.0,0,0
101206,A2020,0,4,8,0,1.0,14,17,3.0,0,0
101208,A2020,0,4,7,1,2.0,14,17,3.0,0,0
101209,A2020,0,4,8,0,1.0,11,14,3.0,0,0
101210,A2020,0,4,8,0,1.0,12,14,2.0,0,1
101217,A2020,0,4,8,0,1.0,12,14,2.0,0,1
101218,A2020,0,3,6,1,2.0,13,15,2.0,0,0
101221,A2020,0,4,9,0,0.0,12,15,3.0,0,0
101228,A2020,0,4,9,0,0.0,12,15,3.0,0,0
101231,A2020,0,4,8,0,1.0,11,14,3.0,0,0
101232,A2020,0,4,8,0,1.0,11,14,3.0,0,0
101238,A2020,0,4,8,0,1.0,12,14,2.0,0,1
101239,A2020,0,3,7,0,1.0,15,16,1.0,0,1
101240,A2020,0,3,7,0,1.0,13,16,3.0,0,0
101241,A2020,0,4,8,0,1.0,12,14,2.0,0,1
101242,A2020,0,3,8,0,0.0,13,16,3.0,0,0
101249,A2020,0,2,6,0,1.0,12,15,3.0,0,0
101258,A2020,0,4,7,1,2.0,11,14,3.0,0,0
101262,A2020,0,4,8,0,1.0,13,15,2.0,0,1
101265,A2020,0,2,6,1,1.0,14,16,2.0,0,0
101267,A2020,0,4,8,0,1.0,11,14,3.0,0,0
101272,A2020,0,4,8,0,1.0,12,14,2.0,0,1
101276,A2020,0,4,8,0,1.0,12,15,3.0,0,0
101277,A2020,0,4,8,0,1.0,12,14,2.0,0,1
101278,A2020,0,4,8,0,1.0,12,15,3.0,0,0
101283,A2020,0,4,8,0,1.0,12,14,2.0,0,1
101285,A2020,0,4,8,0,1.0,12,14,2.0,0,1
101287,A2020,0,4,8,0,1.0,14,17,3.0,0,0
101289,A2020,0,4,8,0,1.0,12,15,3.0,0,0
101296,A2020,0,1,6,0,0.0,,14,,0,
101297,A2020,0,4,7,0,2.0,15,17,2.0,0,1
101299,A2020,0,4,8,1,1.0,11,13,2.0,0,1
101300,A2020,0,3,8,0,0.0,14,16,2.0,0,0
101301,A2020,0,4,7,1,2.0,14,17,3.0,0,0
101302,A2020,0,2,7,0,0.0,14,16,2.0,0,0
101306,A2020,0,3,5,1,3.0,13,15,2.0,0,0
101307,A2020,0,4,8,0,1.0,12,15,3.0,0,0
101311,A2020,0,4,7,1,2.0,13,16,3.0,0,0
101317,A2020,0,4,8,0,1.0,,13,,0,
101320,A2020,0,4,8,0,1.0,11,13,2.0,0,1
101321,A2020,0,3,7,0,1.0,14,16,2.0,0,0
101322,A2020,0,4,7,1,2.0,11,13,2.0,0,1
101323,A2020,0,3,8,0,0.0,14,16,2.0,0,0
101327,A2020,0,3,7,0,1.0,,15,,0,
101329,A2020,0,3,7,0,1.0,14,16,2.0,0,0
101330,A2020,0,5,9,0,1.0,15,18,3.0,1,1
101331,A2020,0,4,8,0,1.0,11,14,3.0,0,0
101334,A2020,0,4,8,1,1.0,12,15,3.0,0,0
101336,A2020,0,4,7,1,2.0,13,15,2.0,0,1
101337,A2020,0,4,7,1,2.0,12,15,3.0,0,0
101340,A2020,0,4,8,0,1.0,12,14,2.0,0,1
101341,A2020,0,4,8,0,1.0,12,14,2.0,0,1
101344,A2020,0,4,8,0,1.0,11,14,3.0,0,0
101345,A2020,0,4,7,1,2.0,13,15,2.0,0,1
101347,A2020,0,4,8,0,1.0,15,17,2.0,0,1
101352,A2020,0,2,6,0,1.0,13,15,2.0,0,0
101353,A2020,0,4,8,0,1.0,12,14,2.0,0,1
101356,A2020,0,6,8,2,3.0,14,16,2.0,1,1
101358,A2020,0,4,8,0,1.0,11,13,2.0,0,1
101359,A2020,0,4,8,0,1.0,11,14,3.0,0,0
101363,A2020,0,4,8,0,1.0,13,15,2.0,0,1
101364,A2020,0,1,5,0,1.0,13,15,2.0,0,0
101365,A2020,0,4,6,1,3.0,12,14,2.0,0,1
101374,A2020,0,0,5,0,0.0,14,15,1.0,0,0
101378,A2020,0,1,5,0,1.0,13,16,3.0,0,0
101380,A2020,0,4,7,1,2.0,11,14,3.0,0,0
101381,A2020,0,4,8,0,1.0,12,14,2.0,0,1
101382,A2020,0,4,6,2,3.0,15,17,2.0,0,1
101384,A2020,0,4,9,0,0.0,13,16,3.0,0,0
101385,A2020,0,4,7,0,2.0,13,15,2.0,0,1
101386,A2020,0,1,5,0,1.0,13,15,2.0,0,0
101388,A2020,0,5,8,1,2.0,14,16,2.0,1,1
101391,A2020,0,5,9,1,1.0,13,17,4.0,1,0
101392,A2020,0,5,9,0,1.0,13,15,2.0,1,1
101398,A2020,0,4,8,0,1.0,12,14,2.0,0,1
101399,A2020,0,4,8,0,1.0,12,15,3.0,0,0
101401,A2020,0,4,8,0,1.0,13,15,2.0,0,1
101403,A2020,0,4,8,0,1.0,12,14,2.0,0,1
101407,A2020,0,4,8,0,1.0,14,16,2.0,0,1
101415,A2020,0,6,10,0,1.0,16,18,2.0,1,1
101416,A2020,0,5,10,0,0.0,14,17,3.0,1,1
101422,A2020,0,4,8,0,1.0,11,13,2.0,0,1
101423,A2020,0,2,7,0,0.0,13,15,2.0,0,0
101424,A2020,0,4,7,1,2.0,12,14,2.0,0,1
101432,A2020,0,4,8,0,1.0,12,14,2.0,0,1
101434,A2020,0,3,5,1,3.0,12,15,3.0,0,0
101440,A2020,0,4,8,0,1.0,11,13,2.0,0,1
101441,A2020,0,3,5,1,3.0,12,15,3.0,0,0
101448,A2020,0,4,7,1,2.0,13,15,2.0,0,1
101450,A2020,0,4,8,0,1.0,12,14,2.0,0,1
101454,A2020,0,3,7,1,1.0,11,13,2.0,0,0
101455,A2020,0,2,6,0,1.0,15,18,3.0,0,0
101456,A2020,0,4,8,0,1.0,11,13,2.0,0,1
101457,A2020,0,3,7,0,1.0,13,16,3.0,0,0
101466,A2020,0,4,8,0,1.0,11,13,2.0,0,1
101467,A2020,0,4,8,0,1.0,12,15,3.0,0,0
101471,A2020,0,3,6,1,2.0,14,16,2.0,0,0
101472,A2020,0,3,7,0,1.0,10,12,2.0,0,0
101475,A2020,0,4,7,0,2.0,,16,,0,
101479,A2020,0,2,9,0,-2.0,14,17,3.0,0,0
101480,A2020,0,4,8,0,1.0,13,15,2.0,0,1
101481,A2020,0,4,8,0,1.0,12,15,3.0,0,0
101482,A2020,0,4,7,1,2.0,14,16,2.0,0,1
101486,A2020,0,2,7,0,0.0,15,17,2.0,0,0
101487,A2020,0,4,7,0,2.0,15,18,3.0,0,0
101493,A2020,0,4,8,0,1.0,11,14,3.0,0,0
101494,A2020,0,4,8,0,1.0,13,15,2.0,0,1
101496,A2020,0,4,8,0,1.0,12,15,3.0,0,0
101497,A2020,0,4,8,0,1.0,12,14,2.0,0,1
101498,A2020,0,4,7,1,2.0,12,15,3.0,0,0
101499,A2020,0,4,8,0,1.0,12,14,2.0,0,1
101501,A2020,0,4,8,0,1.0,11,14,3.0,0,0
101502,A2020,0,4,8,0,1.0,,14,,0,
101509,A2020,0,4,8,0,1.0,11,14,3.0,0,0
101511,A2020,0,4,7,1,2.0,13,16,3.0,0,0
101512,A2020,0,4,8,0,1.0,12,14,2.0,0,1
101515,A2020,0,4,8,0,1.0,11,14,3.0,0,0
101518,A2020,0,4,8,0,1.0,12,14,2.0,0,1
101519,A2020,0,1,5,0,1.0,14,16,2.0,0,0
101521,A2020,0,4,8,0,1.0,11,14,3.0,0,0
101523,A2020,0,1,5,0,1.0,14,16,2.0,0,0
101524,A2020,0,4,7,0,2.0,13,15,2.0,0,1
101536,A2020,0,4,8,0,1.0,11,13,2.0,0,1
101540,A2020,0,2,7,0,0.0,14,16,2.0,0,0
101550,A2020,0,1,6,0,0.0,,17,,0,
101552,A2020,0,4,8,0,1.0,11,13,2.0,0,1
101556,A2020,0,4,8,0,1.0,14,16,2.0,0,1
101561,A2020,0,4,8,0,1.0,,14,,0,
101562,A2020,0,4,8,0,1.0,12,14,2.0,0,1
101568,A2020,0,4,8,0,1.0,11,14,3.0,0,0
101570,A2020,0,2,5,1,2.0,15,17,2.0,0,0
101573,A2020,0,1,5,0,1.0,14,17,3.0,0,0
101577,A2020,0,4,8,0,1.0,11,14,3.0,0,0
101578,A2020,0,4,8,0,1.0,14,17,3.0,0,0
101579,A2020,0,4,8,0,1.0,12,14,2.0,0,1
101583,A2020,0,4,7,1,2.0,13,15,2.0,0,1
101585,A2020,0,4,8,0,1.0,,14,,0,
101587,A2020,0,4,8,0,1.0,14,17,3.0,0,0
101588,A2020,0,1,5,0,1.0,12,15,3.0,0,0
101591,A2020,0,4,10,0,-1.0,14,16,2.0,0,1
101592,A2020,0,4,6,0,3.0,13,15,2.0,0,1
101594,A2020,0,4,8,0,1.0,14,16,2.0,0,1
101597,A2020,0,4,9,0,0.0,14,17,3.0,0,0
101600,A2020,0,4,8,0,1.0,13,15,2.0,0,1
101601,A2020,0,4,8,0,1.0,11,13,2.0,0,1
101602,A2020,0,4,8,0,1.0,14,17,3.0,0,0
101606,A2020,0,4,8,0,1.0,12,14,2.0,0,1
101609,A2020,0,1,6,0,0.0,12,14,2.0,0,0
101614,A2020,0,4,7,0,2.0,14,16,2.0,0,1
100001,A2020,1,4,9,0,0.0,12,15,3.0,0,0
100002,A2020,1,4,8,1,1.0,13,16,3.0,0,0
100003,A2020,1,4,8,0,1.0,13,15,2.0,0,1
100009,A2020,1,4,8,0,1.0,12,15,3.0,0,0
100013,A2020,1,4,8,0,1.0,11,14,3.0,0,0
100014,A2020,1,4,8,0,1.0,14,16,2.0,0,1
100015,A2020,1,4,8,0,1.0,14,17,3.0,0,0
100018,A2020,1,4,9,0,0.0,12,14,2.0,0,1
100024,A2020,1,4,6,2,3.0,12,14,2.0,0,1
100031,A2020,1,4,7,1,2.0,12,15,3.0,0,0
100034,A2020,1,4,8,0,1.0,11,13,2.0,0,1
100036,A2020,1,1,6,0,0.0,11,15,4.0,0,0
100039,A2020,1,4,8,0,1.0,12,15,3.0,0,0
100042,A2020,1,1,5,0,1.0,15,18,3.0,0,0
100046,A2020,1,4,9,0,0.0,12,15,3.0,0,0
100050,A2020,1,3,7,1,1.0,12,14,2.0,0,0
100051,A2020,1,5,8,1,2.0,13,15,2.0,1,1
100052,A2020,1,4,8,0,1.0,15,17,2.0,0,1
100054,A2020,1,0,6,0,-1.0,,18,,0,
100055,A2020,1,4,7,0,2.0,13,16,3.0,0,0
100056,A2020,1,4,8,0,1.0,13,15,2.0,0,1
100057,A2020,1,4,8,0,1.0,12,15,3.0,0,0
100058,A2020,1,1,5,0,1.0,12,15,3.0,0,0
100060,A2020,1,1,5,0,1.0,15,17,2.0,0,0
100062,A2020,1,4,8,0,1.0,12,15,3.0,0,0
100066,A2020,1,4,9,0,0.0,13,16,3.0,0,0
100067,A2020,1,4,8,0,1.0,11,13,2.0,0,1
100068,A2020,1,4,8,0,1.0,15,17,2.0,0,1
100069,A2020,1,4,7,1,2.0,10,13,3.0,0,0
100074,A2020,1,4,9,0,0.0,14,17,3.0,0,0
100075,A2020,1,4,8,0,1.0,12,15,3.0,0,0
100076,A2020,1,2,6,1,1.0,14,17,3.0,0,0
100078,A2020,1,3,8,0,0.0,16,18,2.0,0,0
100079,A2020,1,4,8,0,1.0,12,14,2.0,0,1
100082,A2020,1,4,8,0,1.0,12,14,2.0,0,1
100083,A2020,1,4,7,1,2.0,11,14,3.0,0,0
100084,A2020,1,1,6,0,0.0,,16,,0,
100086,A2020,1,4,8,0,1.0,13,16,3.0,0,0
100091,A2020,1,4,8,0,1.0,14,16,2.0,0,1
100092,A2020,1,4,7,1,2.0,13,16,3.0,0,0
100095,A2020,1,4,8,0,1.0,12,14,2.0,0,1
100097,A2020,1,4,8,0,1.0,15,17,2.0,0,1
100098,A2020,1,4,8,0,1.0,12,14,2.0,0,1
100099,A2020,1,2,6,0,1.0,14,16,2.0,0,0
100100,A2020,1,4,8,0,1.0,12,14,2.0,0,1
100104,A2020,1,4,8,0,1.0,10,13,3.0,0,0
100106,A2020,1,4,8,0,1.0,13,15,2.0,0,1
100115,A2020,1,4,8,0,1.0,12,14,2.0,0,1
100116,A2020,1,3,7,0,1.0,15,17,2.0,0,0
100119,A2020,1,3,7,0,1.0,14,17,3.0,0,0
100121,A2020,1,4,8,0,1.0,12,14,2.0,0,1
100122,A2020,1,4,8,0,1.0,14,17,3.0,0,0
100123,A2020,1,4,8,0,1.0,,15,,0,
100124,A2020,1,1,6,0,0.0,18,19,1.0,0,0
100125,A2020,1,4,8,0,1.0,14,17,3.0,0,0
100127,A2020,1,4,8,0,1.0,12,14,2.0,0,1
100129,A2020,1,4,8,0,1.0,12,14,2.0,0,1
100136,A2020,1,4,8,0,1.0,12,14,2.0,0,1
100137,A2020,1,4,8,0,1.0,11,14,3.0,0,0
100139,A2020,1,4,8,0,1.0,13,16,3.0,0,0
100142,A2020,1,4,8,0,1.0,13,16,3.0,0,0
100145,A2020,1,4,8,0,1.0,13,15,2.0,0,1
100150,A2020,1,3,9,0,-1.0,14,18,4.0,0,0
100151,A2020,1,4,8,0,1.0,11,14,3.0,0,0
100156,A2020,1,3,6,1,2.0,11,14,3.0,0,0
100157,A2020,1,4,7,1,2.0,11,14,3.0,0,0
100162,A2020,1,4,6,1,3.0,12,14,2.0,0,1
100167,A2020,1,4,8,0,1.0,14,16,2.0,0,1
100169,A2020,1,4,7,0,2.0,12,14,2.0,0,1
100171,A2020,1,3,7,1,1.0,14,16,2.0,0,0
100186,A2020,1,4,8,0,1.0,11,13,2.0,0,1
100189,A2020,1,4,8,0,1.0,11,13,2.0,0,1
100191,A2020,1,1,6,0,0.0,14,16,2.0,0,0
100192,A2020,1,4,8,0,1.0,13,16,3.0,0,0
100193,A2020,1,4,8,0,1.0,12,14,2.0,0,1
100194,A2020,1,3,6,1,2.0,14,15,1.0,0,1
100195,A2020,1,4,7,1,2.0,13,15,2.0,0,1
100198,A2020,1,4,8,0,1.0,12,14,2.0,0,1
100200,A2020,1,2,6,0,1.0,15,17,2.0,0,0
100202,A2020,1,4,8,0,1.0,13,15,2.0,0,1
100203,A2020,1,5,11,0,-1.0,15,18,3.0,1,1
100204,A2020,1,4,8,0,1.0,12,14,2.0,0,1
100213,A2020,1,4,8,0,1.0,12,14,2.0,0,1
100214,A2020,1,4,7,1,2.0,11,14,3.0,0,0
100221,A2020,1,4,8,0,1.0,14,16,2.0,0,1
100222,A2020,1,4,7,0,2.0,12,15,3.0,0,0
100223,A2020,1,1,5,0,1.0,13,15,2.0,0,0
100225,A2020,1,4,8,0,1.0,11,13,2.0,0,1
100231,A2020,1,4,8,1,1.0,,15,,0,
100233,A2020,1,4,8,0,1.0,13,16,3.0,0,0
100238,A2020,1,2,6,0,1.0,14,17,3.0,0,0
100243,A2020,1,2,5,1,2.0,13,16,3.0,0,0
100247,A2020,1,4,8,0,1.0,14,16,2.0,0,1
100248,A2020,1,6,8,2,3.0,14,16,2.0,1,1
100249,A2020,1,5,8,1,2.0,13,15,2.0,1,1
100251,A2020,1,4,8,0,1.0,11,13,2.0,0,1
100252,A2020,1,4,8,0,1.0,13,15,2.0,0,1
100254,A2020,1,5,7,2,3.0,13,16,3.0,1,1
100255,A2020,1,1,9,0,-3.0,15,18,3.0,0,0
100257,A2020,1,4,8,0,1.0,12,14,2.0,0,1
100262,A2020,1,4,8,0,1.0,12,14,2.0,0,1
100264,A2020,1,4,8,0,1.0,13,15,2.0,0,1
100265,A2020,1,3,6,0,2.0,13,16,3.0,0,0
100267,A2020,1,4,8,0,1.0,,17,,0,
100271,A2020,1,4,8,0,1.0,12,14,2.0,0,1
100272,A2020,1,4,8,0,1.0,13,16,3.0,0,0
100273,A2020,1,4,8,0,1.0,12,15,3.0,0,0
100274,A2020,1,4,8,0,1.0,14,16,2.0,0,1
100282,A2020,1,2,7,0,0.0,14,17,3.0,0,0
100291,A2020,1,3,7,1,1.0,14,16,2.0,0,0
100294,A2020,1,4,8,0,1.0,12,14,2.0,0,1
100296,A2020,1,4,8,0,1.0,11,13,2.0,0,1
100299,A2020,1,4,8,0,1.0,13,16,3.0,0,0
100303,A2020,1,4,8,0,1.0,11,14,3.0,0,0
100306,A2020,1,2,7,0,0.0,13,16,3.0,0,0
100309,A2020,1,1,5,0,1.0,14,16,2.0,0,0
100310,A2020,1,4,8,0,1.0,13,15,2.0,0,1
100311,A2020,1,4,8,0,1.0,13,16,3.0,0,0
100316,A2020,1,4,8,0,1.0,12,14,2.0,0,1
100317,A2020,1,4,8,0,1.0,12,15,3.0,0,0
100320,A2020,1,4,8,0,1.0,11,13,2.0,0,1
100321,A2020,1,4,8,0,1.0,13,15,2.0,0,1
100324,A2020,1,4,8,0,1.0,13,15,2.0,0,1
100325,A2020,1,4,9,0,0.0,12,15,3.0,0,0
100326,A2020,1,4,7,1,2.0,14,17,3.0,0,0
100330,A2020,1,3,5,0,3.0,12,15,3.0,0,0
100331,A2020,1,4,8,0,1.0,12,14,2.0,0,1
100337,A2020,1,4,7,1,2.0,15,17,2.0,0,1
100338,A2020,1,4,8,0,1.0,12,14,2.0,0,1
100345,A2020,1,4,8,0,1.0,13,15,2.0,0,1
100353,A2020,1,4,8,0,1.0,11,14,3.0,0,0
100357,A2020,1,4,8,0,1.0,11,14,3.0,0,0
100358,A2020,1,4,8,0,1.0,15,17,2.0,0,1
100371,A2020,1,3,5,2,3.0,12,14,2.0,0,0
100372,A2020,1,4,8,0,1.0,13,16,3.0,0,0
100374,A2020,1,4,8,0,1.0,11,14,3.0,0,0
100376,A2020,1,4,8,0,1.0,12,14,2.0,0,1
100378,A2020,1,4,8,0,1.0,13,15,2.0,0,1
100382,A2020,1,4,8,0,1.0,11,13,2.0,0,1
100383,A2020,1,4,8,0,1.0,13,15,2.0,0,1
100384,A2020,1,4,7,1,2.0,12,14,2.0,0,1
100385,A2020,1,4,8,0,1.0,13,16,3.0,0,0
100386,A2020,1,4,8,0,1.0,11,14,3.0,0,0
100389,A2020,1,4,8,0,1.0,12,14,2.0,0,1
100390,A2020,1,4,8,0,1.0,12,14,2.0,0,1
100391,A2020,1,4,8,0,1.0,11,14,3.0,0,0
100395,A2020,1,4,6,1,3.0,12,14,2.0,0,1
100400,A2020,1,4,8,0,1.0,12,14,2.0,0,1
100402,A2020,1,4,8,0,1.0,12,14,2.0,0,1
100404,A2020,1,4,8,0,1.0,14,17,3.0,0,0
100405,A2020,1,4,8,0,1.0,12,14,2.0,0,1
100414,A2020,1,4,8,0,1.0,13,16,3.0,0,0
100415,A2020,1,4,8,0,1.0,15,17,2.0,0,1
100416,A2020,1,4,8,0,1.0,,13,,0,
100420,A2020,1,4,8,0,1.0,14,16,2.0,0,1
100422,A2020,1,4,8,0,1.0,12,14,2.0,0,1
100425,A2020,1,4,8,0,1.0,12,14,2.0,0,1
100429,A2020,1,4,8,3,1.0,11,14,3.0,0,0
100431,A2020,1,4,8,0,1.0,13,16,3.0,0,0
100432,A2020,1,4,8,0,1.0,11,14,3.0,0,0
100434,A2020,1,4,8,0,1.0,12,15,3.0,0,0
100436,A2020,1,4,8,0,1.0,12,14,2.0,0,1
100437,A2020,1,5,8,1,2.0,13,15,2.0,1,1
100438,A2020,1,4,8,0,1.0,12,14,2.0,0,1
100441,A2020,1,4,7,1,2.0,13,15,2.0,0,1
100442,A2020,1,4,8,0,1.0,13,15,2.0,0,1
100443,A2020,1,4,8,0,1.0,11,14,3.0,0,0
100444,A2020,1,4,8,0,1.0,12,14,2.0,0,1
100446,A2020,1,4,8,0,1.0,12,14,2.0,0,1
100448,A2020,1,4,8,0,1.0,12,14,2.0,0,1
100449,A2020,1,4,7,0,2.0,13,15,2.0,0,1
100450,A2020,1,4,7,1,2.0,11,13,2.0,0,1
100451,A2020,1,5,8,1,2.0,12,15,3.0,1,1
100455,A2020,1,4,8,0,1.0,14,17,3.0,0,0
100458,A2020,1,4,8,0,1.0,11,14,3.0,0,0
100459,A2020,1,1,5,0,1.0,15,19,4.0,0,0
100461,A2020,1,5,7,2,3.0,13,15,2.0,1,1
100462,A2020,1,1,5,0,1.0,,15,,0,
100469,A2020,1,4,8,0,1.0,12,14,2.0,0,1
100472,A2020,1,4,8,0,1.0,11,13,2.0,0,1
100481,A2020,1,4,8,0,1.0,12,14,2.0,0,1
100483,A2020,1,3,8,0,0.0,14,17,3.0,0,0
100486,A2020,1,4,8,0,1.0,15,17,2.0,0,1
100487,A2020,1,0,5,0,0.0,14,16,2.0,0,0
100489,A2020,1,4,8,0,1.0,11,14,3.0,0,0
100490,A2020,1,4,8,0,1.0,14,15,1.0,0,1
100492,A2020,1,4,8,0,1.0,11,14,3.0,0,0
100493,A2020,1,4,8,0,1.0,13,16,3.0,0,0
100497,A2020,1,4,8,1,1.0,11,13,2.0,0,1
100498,A2020,1,4,8,0,1.0,14,16,2.0,0,1
100501,A2020,1,3,6,1,2.0,12,15,3.0,0,0
100502,A2020,1,4,8,0,1.0,11,14,3.0,0,0
100503,A2020,1,4,7,0,2.0,12,15,3.0,0,0
100505,A2020,1,1,5,0,1.0,15,18,3.0,0,0
100507,A2020,1,4,8,0,1.0,14,16,2.0,0,1
100508,A2020,1,4,8,0,1.0,10,12,2.0,0,1
100509,A2020,1,1,6,0,0.0,14,17,3.0,0,0
100512,A2020,1,3,5,1,3.0,13,15,2.0,0,0
100514,A2020,1,4,8,0,1.0,12,14,2.0,0,1
100515,A2020,1,4,8,0,1.0,12,14,2.0,0,1
100519,A2020,1,4,8,0,1.0,12,14,2.0,0,1
100520,A2020,1,4,7,1,2.0,12,14,2.0,0,1
100531,A2020,1,4,8,0,1.0,12,14,2.0,0,1
100535,A2020,1,4,8,0,1.0,13,15,2.0,0,1
100536,A2020,1,4,8,0,1.0,13,15,2.0,0,1
100537,A2020,1,4,9,0,0.0,11,14,3.0,0,0
100545,A2020,1,4,8,0,1.0,10,13,3.0,0,0
100548,A2020,1,4,7,1,2.0,13,15,2.0,0,1
100550,A2020,1,4,8,0,1.0,11,13,2.0,0,1
100551,A2020,1,4,8,0,1.0,12,14,2.0,0,1
100552,A2020,1,4,8,0,1.0,11,13,2.0,0,1
100559,A2020,1,4,8,0,1.0,12,14,2.0,0,1
100560,A2020,1,2,7,0,0.0,13,16,3.0,0,0
100570,A2020,1,2,7,0,0.0,16,20,4.0,0,0
100572,A2020,1,3,7,0,1.0,14,16,2.0,0,0
100575,A2020,1,4,8,0,1.0,12,14,2.0,0,1
100578,A2020,1,4,8,0,1.0,13,15,2.0,0,1
100579,A2020,1,4,8,0,1.0,13,15,2.0,0,1
100583,A2020,1,4,8,0,1.0,12,14,2.0,0,1
100585,A2020,1,6,10,0,1.0,13,15,2.0,1,1
100586,A2020,1,4,8,0,1.0,12,14,2.0,0,1
100587,A2020,1,3,6,1,2.0,11,14,3.0,0,0
100590,A2020,1,4,8,0,1.0,11,13,2.0,0,1
100592,A2020,1,4,7,1,2.0,13,15,2.0,0,1
100593,A2020,1,4,8,0,1.0,14,16,2.0,0,1
100595,A2020,1,4,8,0,1.0,14,17,3.0,0,0
100597,A2020,1,4,8,0,1.0,10,13,3.0,0,0
100600,A2020,1,4,8,0,1.0,,14,,0,
100610,A2020,1,1,6,0,0.0,14,16,2.0,0,0
100612,A2020,1,4,8,0,1.0,13,15,2.0,0,1
100616,A2020,1,4,8,0,1.0,14,16,2.0,0,1
100621,A2020,1,2,7,0,0.0,13,16,3.0,0,0
100622,A2020,1,4,8,1,1.0,14,17,3.0,0,0
100623,A2020,1,3,7,0,1.0,12,15,3.0,0,0
100624,A2020,1,4,8,0,1.0,12,14,2.0,0,1
100632,A2020,1,4,8,0,1.0,13,15,2.0,0,1
100635,A2020,1,4,9,0,0.0,12,16,4.0,0,0
100637,A2020,1,1,6,0,0.0,13,16,3.0,0,0
100641,A2020,1,4,8,0,1.0,,13,,0,
100642,A2020,1,4,8,0,1.0,14,16,2.0,0,1
100646,A2020,1,4,9,0,0.0,12,15,3.0,0,0
100652,A2020,1,4,8,0,1.0,12,15,3.0,0,0
100656,A2020,1,3,6,1,2.0,13,15,2.0,0,0
100658,A2020,1,4,8,0,1.0,14,17,3.0,0,0
100659,A2020,1,4,8,0,1.0,13,16,3.0,0,0
100661,A2020,1,4,8,0,1.0,12,14,2.0,0,1
100662,A2020,1,4,8,0,1.0,12,14,2.0,0,1
100663,A2020,1,4,8,0,1.0,12,15,3.0,0,0
100665,A2020,1,4,8,0,1.0,12,14,2.0,0,1
100667,A2020,1,4,8,0,1.0,11,14,3.0,0,0
100670,A2020,1,4,8,0,1.0,11,14,3.0,0,0
100671,A2020,1,4,8,0,1.0,13,15,2.0,0,1
100672,A2020,1,4,8,0,1.0,14,16,2.0,0,1
100679,A2020,1,4,8,0,1.0,11,13,2.0,0,1
100681,A2020,1,3,7,0,1.0,12,15,3.0,0,0
100683,A2020,1,4,8,0,1.0,12,14,2.0,0,1
100685,A2020,1,4,8,0,1.0,12,14,2.0,0,1
100686,A2020,1,4,7,0,2.0,12,14,2.0,0,1
100691,A2020,1,3,8,0,0.0,14,17,3.0,0,0
100692,A2020,1,4,8,0,1.0,15,18,3.0,0,0
100695,A2020,1,2,6,1,1.0,15,17,2.0,0,0
100696,A2020,1,4,7,1,2.0,12,15,3.0,0,0
100697,A2020,1,4,8,0,1.0,12,14,2.0,0,1
100700,A2020,1,4,8,0,1.0,13,15,2.0,0,1
100703,A2020,1,4,8,0,1.0,13,15,2.0,0,1
100704,A2020,1,3,11,2,-3.0,13,15,2.0,0,0
100705,A2020,1,4,7,1,2.0,12,15,3.0,0,0
100706,A2020,1,6,10,0,1.0,14,17,3.0,1,1
100707,A2020,1,4,8,0,1.0,,14,,0,
100708,A2020,1,4,8,0,1.0,13,16,3.0,0,0
100711,A2020,1,4,8,0,1.0,14,15,1.0,0,1
100712,A2020,1,5,8,1,2.0,13,15,2.0,1,1
100715,A2020,1,4,7,0,2.0,11,13,2.0,0,1
100722,A2020,1,4,8,0,1.0,12,14,2.0,0,1
100723,A2020,1,3,7,0,1.0,14,16,2.0,0,0
100726,A2020,1,4,8,0,1.0,10,12,2.0,0,1
100731,A2020,1,3,6,1,2.0,12,15,3.0,0,0
100733,A2020,1,3,6,0,2.0,14,16,2.0,0,0
100736,A2020,1,3,11,0,-3.0,15,18,3.0,0,0
100737,A2020,1,4,8,0,1.0,13,16,3.0,0,0
100740,A2020,1,4,8,0,1.0,12,14,2.0,0,1
100743,A2020,1,4,7,1,2.0,11,14,3.0,0,0
100744,A2020,1,4,8,0,1.0,11,14,3.0,0,0
100746,A2020,1,2,8,0,-1.0,11,14,3.0,0,0
100747,A2020,1,4,8,0,1.0,14,17,3.0,0,0
100749,A2020,1,4,8,0,1.0,11,13,2.0,0,1
100750,A2020,1,4,7,1,2.0,12,14,2.0,0,1
100752,A2020,1,3,8,0,0.0,11,13,2.0,0,0
100753,A2020,1,4,8,0,1.0,13,15,2.0,0,1
100754,A2020,1,4,7,1,2.0,11,13,2.0,0,1
100755,A2020,1,4,8,0,1.0,13,15,2.0,0,1
100756,A2020,1,4,7,1,2.0,10,13,3.0,0,0
100757,A2020,1,4,8,0,1.0,12,15,3.0,0,0
100762,A2020,1,3,7,0,1.0,,14,,0,
100764,A2020,1,4,8,0,1.0,11,13,2.0,0,1
100770,A2020,1,4,8,0,1.0,14,16,2.0,0,1
100771,A2020,1,3,8,0,0.0,15,18,3.0,0,0
100774,A2020,1,4,8,0,1.0,12,14,2.0,0,1
100777,A2020,1,4,8,0,1.0,13,15,2.0,0,1
100781,A2020,1,4,8,0,1.0,12,15,3.0,0,0
100782,A2020,1,4,8,0,1.0,12,14,2.0,0,1
100786,A2020,1,4,8,0,1.0,12,14,2.0,0,1
100787,A2020,1,4,8,0,1.0,13,15,2.0,0,1
100792,A2020,1,2,6,0,1.0,15,18,3.0,0,0
100793,A2020,1,4,8,0,1.0,12,14,2.0,0,1
100794,A2020,1,1,6,0,0.0,14,16,2.0,0,0
100795,A2020,1,4,8,0,1.0,11,13,2.0,0,1
100804,A2020,1,4,8,0,1.0,12,14,2.0,0,1
100805,A2020,1,4,8,0,1.0,13,16,3.0,0,0
100809,A2020,1,4,9,0,0.0,11,14,3.0,0,0
100812,A2020,1,4,7,1,2.0,12,14,2.0,0,1
100815,A2020,1,4,8,0,1.0,12,14,2.0,0,1
100818,A2020,1,4,8,0,1.0,12,14,2.0,0,1
100819,A2020,1,4,8,0,1.0,12,14,2.0,0,1
100820,A2020,1,4,8,0,1.0,12,14,2.0,0,1
100831,A2020,1,4,8,0,1.0,11,14,3.0,0,0
100835,A2020,1,4,8,0,1.0,13,16,3.0,0,0
100840,A2020,1,4,8,0,1.0,,15,,0,
100842,A2020,1,4,8,0,1.0,14,16,2.0,0,1
100844,A2020,1,4,8,0,1.0,11,14,3.0,0,0
100845,A2020,1,4,8,0,1.0,11,14,3.0,0,0
100851,A2020,1,3,8,0,0.0,13,15,2.0,0,0
100852,A2020,1,3,8,0,0.0,13,15,2.0,0,0
100853,A2020,1,4,8,0,1.0,14,16,2.0,0,1
100854,A2020,1,4,9,0,0.0,11,14,3.0,0,0
100858,A2020,1,4,8,0,1.0,14,16,2.0,0,1
100864,A2020,1,4,8,0,1.0,12,14,2.0,0,1
100865,A2020,1,4,8,0,1.0,10,13,3.0,0,0
100868,A2020,1,3,8,0,0.0,16,18,2.0,0,0
100869,A2020,1,4,8,0,1.0,11,13,2.0,0,1
100873,A2020,1,4,7,1,2.0,12,14,2.0,0,1
100874,A2020,1,4,9,0,0.0,12,14,2.0,0,1
100875,A2020,1,2,7,0,0.0,,18,,0,
100878,A2020,1,5,9,1,1.0,15,18,3.0,1,1
100879,A2020,1,4,8,0,1.0,14,16,2.0,0,1
100883,A2020,1,4,8,0,1.0,13,15,2.0,0,1
100884,A2020,1,3,7,1,1.0,13,16,3.0,0,0
100885,A2020,1,4,7,1,2.0,13,15,2.0,0,1
100886,A2020,1,4,8,0,1.0,13,15,2.0,0,1
100887,A2020,1,4,8,0,1.0,12,14,2.0,0,1
100894,A2020,1,4,8,0,1.0,12,14,2.0,0,1
100895,A2020,1,4,8,0,1.0,12,14,2.0,0,1
100897,A2020,1,4,8,0,1.0,12,14,2.0,0,1
100898,A2020,1,4,8,0,1.0,12,14,2.0,0,1
100901,A2020,1,4,8,0,1.0,12,15,3.0,0,0
100906,A2020,1,5,8,1,2.0,14,16,2.0,1,1
100913,A2020,1,4,8,0,1.0,11,14,3.0,0,0
100916,A2020,1,4,8,0,1.0,11,14,3.0,0,0
100917,A2020,1,4,7,0,2.0,14,16,2.0,0,1
100920,A2020,1,2,6,0,1.0,15,17,2.0,0,0
100921,A2020,1,4,8,0,1.0,12,14,2.0,0,1
100924,A2020,1,4,8,0,1.0,11,14,3.0,0,0
100925,A2020,1,4,8,0,1.0,12,14,2.0,0,1
100926,A2020,1,4,8,0,1.0,13,15,2.0,0,1
100931,A2020,1,1,6,0,0.0,13,16,3.0,0,0
100933,A2020,1,4,8,0,1.0,11,13,2.0,0,1
100935,A2020,1,4,7,1,2.0,11,14,3.0,0,0
100936,A2020,1,3,8,0,0.0,13,15,2.0,0,0
100940,A2020,1,4,8,0,1.0,12,14,2.0,0,1
100946,A2020,1,3,7,0,1.0,14,17,3.0,0,0
100947,A2020,1,3,6,1,2.0,12,15,3.0,0,0
100949,A2020,1,4,8,0,1.0,12,15,3.0,0,0
100952,A2020,1,4,8,0,1.0,12,14,2.0,0,1
100957,A2020,1,4,8,0,1.0,12,14,2.0,0,1
100960,A2020,1,4,8,0,1.0,11,13,2.0,0,1
100964,A2020,1,4,8,0,1.0,11,14,3.0,0,0
100968,A2020,1,4,9,0,0.0,14,17,3.0,0,0
100971,A2020,1,4,8,0,1.0,14,16,2.0,0,1
100972,A2020,1,4,6,1,3.0,13,15,2.0,0,1
100974,A2020,1,5,8,1,2.0,13,15,2.0,1,1
100975,A2020,1,4,8,0,1.0,,16,,0,
100981,A2020,1,3,8,0,0.0,12,14,2.0,0,0
100984,A2020,1,4,8,0,1.0,16,18,2.0,0,1
100985,A2020,1,4,8,0,1.0,12,14,2.0,0,1
100987,A2020,1,4,8,0,1.0,13,16,3.0,0,0
100988,A2020,1,4,8,0,1.0,11,13,2.0,0,1
100999,A2020,1,4,8,0,1.0,11,14,3.0,0,0
101001,A2020,1,4,8,0,1.0,11,14,3.0,0,0
101012,A2020,1,4,8,0,1.0,12,14,2.0,0,1
101014,A2020,1,4,8,0,1.0,15,18,3.0,0,0
101019,A2020,1,4,8,0,1.0,15,17,2.0,0,1
101023,A2020,1,2,7,0,0.0,12,14,2.0,0,0
101027,A2020,1,4,7,1,2.0,11,14,3.0,0,0
101029,A2020,1,4,8,0,1.0,12,14,2.0,0,1
101033,A2020,1,4,8,0,1.0,11,13,2.0,0,1
101036,A2020,1,4,8,0,1.0,12,15,3.0,0,0
101037,A2020,1,2,7,0,0.0,12,14,2.0,0,0
101040,A2020,1,4,8,0,1.0,11,13,2.0,0,1
101041,A2020,1,4,8,0,1.0,12,14,2.0,0,1
101042,A2020,1,4,8,0,1.0,13,16,3.0,0,0
101043,A2020,1,4,8,0,1.0,14,16,2.0,0,1
101045,A2020,1,4,8,0,1.0,11,13,2.0,0,1
101051,A2020,1,4,7,1,2.0,11,13,2.0,0,1
101054,A2020,1,4,8,0,1.0,12,14,2.0,0,1
101056,A2020,1,4,8,1,1.0,14,17,3.0,0,0
101057,A2020,1,3,8,0,0.0,15,17,2.0,0,0
101059,A2020,1,4,9,0,0.0,11,14,3.0,0,0
101060,A2020,1,1,6,0,0.0,14,17,3.0,0,0
101063,A2020,1,4,8,0,1.0,11,13,2.0,0,1
101064,A2020,1,4,5,2,4.0,13,15,2.0,0,1
101067,A2020,1,4,8,0,1.0,12,14,2.0,0,1
101071,A2020,1,4,8,0,1.0,11,13,2.0,0,1
101072,A2020,1,3,7,0,1.0,12,15,3.0,0,0
101073,A2020,1,4,8,0,1.0,,14,,0,
101088,A2020,1,4,8,0,1.0,14,16,2.0,0,1
101090,A2020,1,3,8,0,0.0,13,16,3.0,0,0
101092,A2020,1,1,6,0,0.0,,12,,0,
101093,A2020,1,4,8,0,1.0,13,15,2.0,0,1
101094,A2020,1,4,8,0,1.0,12,14,2.0,0,1
101097,A2020,1,4,7,1,2.0,13,16,3.0,0,0
101101,A2020,1,4,8,0,1.0,12,13,1.0,0,1
101102,A2020,1,4,8,0,1.0,11,13,2.0,0,1
101109,A2020,1,4,8,0,1.0,16,18,2.0,0,1
101110,A2020,1,2,7,0,0.0,14,16,2.0,0,0
101112,A2020,1,4,8,0,1.0,11,13,2.0,0,1
101113,A2020,1,4,8,0,1.0,13,15,2.0,0,1
101116,A2020,1,4,7,1,2.0,11,14,3.0,0,0
101122,A2020,1,4,8,0,1.0,13,15,2.0,0,1
101126,A2020,1,4,8,0,1.0,13,14,1.0,0,1
101128,A2020,1,4,8,0,1.0,12,15,3.0,0,0
101129,A2020,1,4,8,0,1.0,12,15,3.0,0,0
101132,A2020,1,1,6,0,0.0,14,17,3.0,0,0
101137,A2020,1,4,7,1,2.0,12,14,2.0,0,1
101138,A2020,1,4,8,0,1.0,13,16,3.0,0,0
101143,A2020,1,4,8,0,1.0,12,14,2.0,0,1
101148,A2020,1,4,8,0,1.0,16,18,2.0,0,1
101153,A2020,1,4,8,0,1.0,12,14,2.0,0,1
101154,A2020,1,4,8,0,1.0,14,16,2.0,0,1
101156,A2020,1,4,8,0,1.0,13,15,2.0,0,1
101158,A2020,1,4,8,0,1.0,14,17,3.0,0,0
101160,A2020,1,4,8,0,1.0,13,15,2.0,0,1
101161,A2020,1,4,8,0,1.0,11,14,3.0,0,0
101166,A2020,1,5,9,1,1.0,,18,,1,
101171,A2020,1,4,8,0,1.0,12,14,2.0,0,1
101174,A2020,1,4,7,1,2.0,13,15,2.0,0,1
101180,A2020,1,4,8,0,1.0,13,16,3.0,0,0
101182,A2020,1,3,8,0,0.0,11,13,2.0,0,0
101184,A2020,1,4,8,0,1.0,15,17,2.0,0,1
101185,A2020,1,4,9,0,0.0,11,14,3.0,0,0
101186,A2020,1,4,10,0,-1.0,11,15,4.0,0,0
101199,A2020,1,4,8,0,1.0,13,15,2.0,0,1
101200,A2020,1,3,7,1,1.0,13,15,2.0,0,0
101204,A2020,1,4,8,0,1.0,13,15,2.0,0,1
101205,A2020,1,4,8,0,1.0,11,13,2.0,0,1
101207,A2020,1,1,6,0,0.0,13,15,2.0,0,0
101212,A2020,1,3,8,0,0.0,14,17,3.0,0,0
101213,A2020,1,4,8,0,1.0,,18,,0,
101215,A2020,1,4,8,0,1.0,13,15,2.0,0,1
101216,A2020,1,4,8,0,1.0,11,13,2.0,0,1
101219,A2020,1,3,7,0,1.0,12,14,2.0,0,0
101220,A2020,1,3,6,1,2.0,13,16,3.0,0,0
101222,A2020,1,4,8,0,1.0,12,14,2.0,0,1
101226,A2020,1,4,8,0,1.0,13,16,3.0,0,0
101227,A2020,1,4,8,0,1.0,12,14,2.0,0,1
101229,A2020,1,4,8,0,1.0,13,15,2.0,0,1
101230,A2020,1,4,9,0,0.0,14,17,3.0,0,0
101233,A2020,1,4,8,0,1.0,11,14,3.0,0,0
101234,A2020,1,4,8,1,1.0,14,16,2.0,0,1
101236,A2020,1,4,8,0,1.0,11,12,1.0,0,1
101243,A2020,1,4,6,1,3.0,12,16,4.0,0,0
101244,A2020,1,3,7,0,1.0,13,16,3.0,0,0
101245,A2020,1,4,9,0,0.0,14,18,4.0,0,0
101246,A2020,1,4,8,0,1.0,13,15,2.0,0,1
101248,A2020,1,4,7,0,2.0,12,14,2.0,0,1
101251,A2020,1,4,8,0,1.0,12,14,2.0,0,1
101257,A2020,1,4,8,0,1.0,12,14,2.0,0,1
101259,A2020,1,4,7,2,2.0,14,16,2.0,0,1
101266,A2020,1,4,8,0,1.0,13,15,2.0,0,1
101268,A2020,1,3,7,0,1.0,14,16,2.0,0,0
101271,A2020,1,4,8,0,1.0,12,14,2.0,0,1
101273,A2020,1,4,8,0,1.0,14,17,3.0,0,0
101274,A2020,1,4,8,0,1.0,11,13,2.0,0,1
101275,A2020,1,4,8,0,1.0,11,14,3.0,0,0
101288,A2020,1,4,7,1,2.0,12,14,2.0,0,1
101290,A2020,1,4,8,0,1.0,13,16,3.0,0,0
101291,A2020,1,2,6,1,1.0,12,15,3.0,0,0
101294,A2020,1,4,8,0,1.0,12,14,2.0,0,1
101298,A2020,1,2,5,0,2.0,13,15,2.0,0,0
101303,A2020,1,4,8,0,1.0,14,16,2.0,0,1
101314,A2020,1,4,8,0,1.0,11,14,3.0,0,0
101315,A2020,1,4,8,0,1.0,13,15,2.0,0,1
101318,A2020,1,4,8,0,1.0,12,15,3.0,0,0
101319,A2020,1,4,8,1,1.0,13,15,2.0,0,1
101324,A2020,1,4,8,0,1.0,12,14,2.0,0,1
101339,A2020,1,4,7,1,2.0,11,14,3.0,0,0
101342,A2020,1,4,7,1,2.0,12,14,2.0,0,1
101346,A2020,1,3,8,0,0.0,,15,,0,
101348,A2020,1,1,6,0,0.0,13,15,2.0,0,0
101349,A2020,1,1,5,0,1.0,16,18,2.0,0,0
101354,A2020,1,2,6,0,1.0,,16,,0,
101362,A2020,1,4,8,0,1.0,12,14,2.0,0,1
101367,A2020,1,4,8,0,1.0,14,17,3.0,0,0
101368,A2020,1,4,8,0,1.0,11,14,3.0,0,0
101369,A2020,1,4,8,1,1.0,14,17,3.0,0,0
101373,A2020,1,1,6,0,0.0,14,17,3.0,0,0
101375,A2020,1,4,8,0,1.0,13,15,2.0,0,1
101389,A2020,1,4,8,0,1.0,15,18,3.0,0,0
101390,A2020,1,4,8,0,1.0,14,16,2.0,0,1
101394,A2020,1,4,7,1,2.0,12,14,2.0,0,1
101395,A2020,1,4,8,0,1.0,12,15,3.0,0,0
101396,A2020,1,4,8,0,1.0,12,14,2.0,0,1
101400,A2020,1,4,8,0,1.0,12,14,2.0,0,1
101404,A2020,1,4,8,0,1.0,13,15,2.0,0,1
101405,A2020,1,4,8,0,1.0,13,15,2.0,0,1
101406,A2020,1,4,8,0,1.0,,14,,0,
101408,A2020,1,4,8,0,1.0,11,14,3.0,0,0
101409,A2020,1,4,8,0,1.0,15,17,2.0,0,1
101412,A2020,1,2,7,0,0.0,,19,,0,
101414,A2020,1,4,8,0,1.0,12,15,3.0,0,0
101417,A2020,1,4,7,0,2.0,12,14,2.0,0,1
101418,A2020,1,4,7,0,2.0,13,16,3.0,0,0
101419,A2020,1,4,8,0,1.0,12,15,3.0,0,0
101427,A2020,1,3,6,1,2.0,15,17,2.0,0,0
101430,A2020,1,4,8,0,1.0,14,16,2.0,0,1
101431,A2020,1,4,6,0,3.0,12,14,2.0,0,1
101435,A2020,1,4,8,0,1.0,14,16,2.0,0,1
101436,A2020,1,4,8,0,1.0,12,14,2.0,0,1
101437,A2020,1,4,8,0,1.0,12,15,3.0,0,0
101439,A2020,1,4,8,0,1.0,14,16,2.0,0,1
101442,A2020,1,4,8,0,1.0,12,15,3.0,0,0
101444,A2020,1,4,8,0,1.0,12,14,2.0,0,1
101446,A2020,1,3,8,0,0.0,12,14,2.0,0,0
101447,A2020,1,4,8,0,1.0,13,15,2.0,0,1
101449,A2020,1,4,8,0,1.0,12,15,3.0,0,0
101451,A2020,1,3,6,1,2.0,12,15,3.0,0,0
101452,A2020,1,1,6,0,0.0,14,16,2.0,0,0
101453,A2020,1,4,8,0,1.0,12,14,2.0,0,1
101459,A2020,1,1,6,0,0.0,15,17,2.0,0,0
101461,A2020,1,2,5,0,2.0,15,17,2.0,0,0
101463,A2020,1,4,8,0,1.0,11,14,3.0,0,0
101464,A2020,1,4,8,0,1.0,12,14,2.0,0,1
101468,A2020,1,4,8,0,1.0,12,14,2.0,0,1
101469,A2020,1,4,8,1,1.0,15,18,3.0,0,0
101473,A2020,1,4,8,0,1.0,14,16,2.0,0,1
101474,A2020,1,4,8,0,1.0,13,15,2.0,0,1
101477,A2020,1,4,8,0,1.0,14,16,2.0,0,1
101478,A2020,1,4,8,0,1.0,11,14,3.0,0,0
101484,A2020,1,4,8,0,1.0,12,14,2.0,0,1
101485,A2020,1,2,7,0,0.0,14,17,3.0,0,0
101492,A2020,1,4,8,0,1.0,11,13,2.0,0,1
101495,A2020,1,4,8,0,1.0,11,13,2.0,0,1
101500,A2020,1,4,8,0,1.0,15,18,3.0,0,0
101506,A2020,1,4,7,1,2.0,12,15,3.0,0,0
101513,A2020,1,4,9,0,0.0,11,15,4.0,0,0
101514,A2020,1,4,8,0,1.0,11,14,3.0,0,0
101516,A2020,1,4,8,0,1.0,12,15,3.0,0,0
101522,A2020,1,1,6,0,0.0,13,15,2.0,0,0
101525,A2020,1,4,7,1,2.0,12,14,2.0,0,1
101526,A2020,1,4,8,0,1.0,13,15,2.0,0,1
101530,A2020,1,4,8,0,1.0,12,15,3.0,0,0
101533,A2020,1,4,8,0,1.0,12,15,3.0,0,0
101537,A2020,1,5,8,1,2.0,13,15,2.0,1,1
101538,A2020,1,4,8,0,1.0,12,14,2.0,0,1
101541,A2020,1,4,7,1,2.0,12,15,3.0,0,0
101542,A2020,1,4,8,0,1.0,12,14,2.0,0,1
101543,A2020,1,4,8,0,1.0,12,14,2.0,0,1
101544,A2020,1,4,8,1,1.0,11,15,4.0,0,0
101545,A2020,1,4,8,0,1.0,12,15,3.0,0,0
101546,A2020,1,4,8,0,1.0,13,15,2.0,0,1
101547,A2020,1,4,8,0,1.0,13,16,3.0,0,0
101548,A2020,1,4,7,1,2.0,13,16,3.0,0,0
101554,A2020,1,5,9,1,1.0,12,15,3.0,1,1
101558,A2020,1,4,8,0,1.0,12,15,3.0,0,0
101560,A2020,1,4,8,0,1.0,13,15,2.0,0,1
101563,A2020,1,4,8,0,1.0,13,15,2.0,0,1
101564,A2020,1,4,8,0,1.0,13,16,3.0,0,0
101566,A2020,1,4,8,0,1.0,15,17,2.0,0,1
101569,A2020,1,3,8,0,0.0,12,14,2.0,0,0
101571,A2020,1,4,8,0,1.0,14,17,3.0,0,0
101572,A2020,1,4,8,0,1.0,12,14,2.0,0,1
101581,A2020,1,4,8,0,1.0,13,16,3.0,0,0
101584,A2020,1,2,5,0,2.0,13,16,3.0,0,0
101586,A2020,1,4,7,1,2.0,11,14,3.0,0,0
101589,A2020,1,5,7,2,3.0,,15,,1,
101590,A2020,1,4,8,0,1.0,12,14,2.0,0,1
101593,A2020,1,3,6,1,2.0,12,15,3.0,0,0
101595,A2020,1,4,8,0,1.0,13,15,2.0,0,1
101596,A2020,1,4,8,0,1.0,11,13,2.0,0,1
101598,A2020,1,4,8,0,1.0,12,14,2.0,0,1
101599,A2020,1,4,8,0,1.0,13,15,2.0,0,1
101603,A2020,1,4,7,1,2.0,12,14,2.0,0,1
101604,A2020,1,4,8,0,1.0,10,13,3.0,0,0
101605,A2020,1,4,8,0,1.0,14,16,2.0,0,1
101607,A2020,1,3,6,0,2.0,11,14,3.0,0,0
101608,A2020,1,2,5,0,2.0,14,16,2.0,0,0
101610,A2020,1,4,8,0,1.0,11,14,3.0,0,0
101611,A2020,1,4,8,0,1.0,11,14,3.0,0,0
101612,A2020,1,4,8,0,1.0,12,14,2.0,0,1
101613,A2020,1,4,8,0,1.0,10,12,2.0,0,1
101615,A2020,1,4,8,0,1.0,12,14,2.0,0,1
101616,A2020,1,4,7,0,2.0,12,14,2.0,0,1
101617,A2020,1,4,9,0,0.0,12,15,3.0,0,0
100000,A2022,0,2,6,0,1.0,12,12,0.0,0,1
100022,A2022,0,2,6,0,1.0,13,13,0.0,0,1
100025,A2022,0,3,6,0,2.0,11,12,1.0,0,1
100029,A2022,0,2,6,0,1.0,12,13,1.0,0,0
100044,A2022,0,2,6,0,1.0,15,13,-2.0,0,1
100071,A2022,0,2,6,0,1.0,12,12,0.0,0,1
100090,A2022,0,2,6,0,1.0,10,11,1.0,0,0
100130,A2022,0,2,6,0,1.0,11,13,2.0,0,0
100146,A2022,0,2,6,0,1.0,12,13,1.0,0,0
100161,A2022,0,2,6,0,1.0,14,15,1.0,0,0
100168,A2022,0,2,5,1,2.0,11,12,1.0,0,0
100185,A2022,0,1,6,0,0.0,16,17,1.0,0,0
100188,A2022,0,2,6,0,1.0,13,14,1.0,0,0
100212,A2022,0,2,6,0,1.0,14,16,2.0,0,0
100236,A2022,0,2,7,0,0.0,13,13,0.0,0,1
100250,A2022,0,2,6,0,1.0,12,12,0.0,0,1
100276,A2022,0,2,6,0,1.0,12,12,0.0,0,1
100277,A2022,0,2,6,0,1.0,16,16,0.0,0,1
100292,A2022,0,3,7,1,1.0,13,15,2.0,0,0
100322,A2022,0,2,6,0,1.0,13,14,1.0,0,0
100328,A2022,0,1,6,0,0.0,13,14,1.0,0,0
100340,A2022,0,2,6,0,1.0,,15,,0,
100342,A2022,0,2,6,0,1.0,11,12,1.0,0,0
100356,A2022,0,2,5,1,2.0,11,12,1.0,0,0
100360,A2022,0,2,6,0,1.0,12,13,1.0,0,0
100393,A2022,0,2,5,1,2.0,13,14,1.0,0,0
100399,A2022,0,4,8,0,1.0,16,17,1.0,0,1
100426,A2022,0,2,6,0,1.0,14,15,1.0,0,0
100427,A2022,0,2,6,0,1.0,11,12,1.0,0,0
100433,A2022,0,2,6,0,1.0,11,12,1.0,0,0
100454,A2022,0,3,7,0,1.0,13,14,1.0,0,1
100471,A2022,0,2,6,0,1.0,14,15,1.0,0,0
100476,A2022,0,2,7,0,0.0,12,13,1.0,0,0
100484,A2022,0,2,6,0,1.0,12,13,1.0,0,0
100506,A2022,0,2,7,0,0.0,11,13,2.0,0,0
100522,A2022,0,2,7,0,0.0,13,14,1.0,0,0
100534,A2022,0,2,6,0,1.0,11,12,1.0,0,0
100538,A2022,0,2,4,0,3.0,12,13,1.0,0,0
100540,A2022,0,2,6,0,1.0,12,13,1.0,0,0
100542,A2022,0,2,6,0,1.0,11,12,1.0,0,0
100549,A2022,0,2,6,0,1.0,11,12,1.0,0,0
100565,A2022,0,2,6,0,1.0,15,16,1.0,0,0
100568,A2022,0,1,6,0,0.0,,15,,0,
100576,A2022,0,2,6,0,1.0,12,13,1.0,0,0
100582,A2022,0,2,6,0,1.0,11,12,1.0,0,0
100604,A2022,0,2,6,0,1.0,11,13,2.0,0,0
100614,A2022,0,3,6,1,2.0,14,15,1.0,0,1
100615,A2022,0,2,7,0,0.0,12,14,2.0,0,0
100625,A2022,0,2,7,0,0.0,11,13,2.0,0,0
100651,A2022,0,2,6,0,1.0,12,12,0.0,0,1
100713,A2022,0,2,6,0,1.0,,12,,0,
100738,A2022,0,2,6,0,1.0,11,12,1.0,0,0
100765,A2022,0,2,6,0,1.0,11,11,0.0,0,1
100772,A2022,0,2,6,0,1.0,11,13,2.0,0,0
100779,A2022,0,2,6,0,1.0,13,13,0.0,0,1
100796,A2022,0,2,6,0,1.0,13,13,0.0,0,1
100821,A2022,0,2,6,0,1.0,12,12,0.0,0,1
100829,A2022,0,2,7,0,0.0,11,12,1.0,0,0
100837,A2022,0,2,6,0,1.0,13,14,1.0,0,0
100838,A2022,0,2,6,0,1.0,15,15,0.0,0,1
100849,A2022,0,2,6,0,1.0,12,10,-2.0,0,1
100863,A2022,0,2,5,1,2.0,13,13,0.0,0,1
100867,A2022,0,3,7,0,1.0,13,13,0.0,0,1
100891,A2022,0,2,7,0,0.0,12,13,1.0,0,0
100900,A2022,0,3,6,1,2.0,14,14,0.0,0,1
100908,A2022,0,2,6,0,1.0,13,14,1.0,0,0
100909,A2022,0,2,6,0,1.0,11,12,1.0,0,0
100911,A2022,0,3,7,0,1.0,14,15,1.0,0,1
100945,A2022,0,3,6,1,2.0,16,16,0.0,0,1
100951,A2022,0,1,6,0,0.0,11,11,0.0,0,0
100980,A2022,0,2,5,1,2.0,15,15,0.0,0,1
100992,A2022,0,2,6,0,1.0,14,14,0.0,0,1
100996,A2022,0,2,6,0,1.0,15,15,0.0,0,1
101002,A2022,0,1,6,0,0.0,13,14,1.0,0,0
101003,A2022,0,2,6,0,1.0,14,13,-1.0,0,1
101022,A2022,0,2,6,0,1.0,13,14,1.0,0,0
101031,A2022,0,2,6,0,1.0,14,15,1.0,0,0
101052,A2022,0,2,6,0,1.0,12,12,0.0,0,1
101096,A2022,0,2,6,0,1.0,14,15,1.0,0,0
101099,A2022,0,2,6,0,1.0,11,12,1.0,0,0
101104,A2022,0,2,6,0,1.0,12,13,1.0,0,0
101111,A2022,0,2,5,1,2.0,11,13,2.0,0,0
101136,A2022,0,2,6,0,1.0,12,12,0.0,0,1
101147,A2022,0,1,6,0,0.0,16,16,0.0,0,0
101189,A2022,0,2,6,0,1.0,12,13,1.0,0,0
101196,A2022,0,2,6,0,1.0,14,14,0.0,0,1
101198,A2022,0,2,6,0,1.0,11,11,0.0,0,1
101223,A2022,0,2,6,0,1.0,13,13,0.0,0,1
101224,A2022,0,2,6,0,1.0,11,11,0.0,0,1
101225,A2022,0,2,6,0,1.0,11,12,1.0,0,0
101235,A2022,0,2,6,0,1.0,13,13,0.0,0,1
101247,A2022,0,2,6,0,1.0,12,13,1.0,0,0
101250,A2022,0,2,6,1,1.0,12,13,1.0,0,0
101252,A2022,0,2,6,0,1.0,15,15,0.0,0,1
101279,A2022,0,2,6,1,1.0,12,13,1.0,0,0
101280,A2022,0,2,6,0,1.0,16,17,1.0,0,0
101282,A2022,0,2,7,0,0.0,11,13,2.0,0,0
101295,A2022,0,2,6,0,1.0,14,15,1.0,0,0
101305,A2022,0,2,6,0,1.0,11,11,0.0,0,1
101308,A2022,0,2,6,0,1.0,13,14,1.0,0,0
101310,A2022,0,2,6,0,1.0,12,13,1.0,0,0
101313,A2022,0,2,6,1,1.0,12,13,1.0,0,0
101316,A2022,0,3,7,0,1.0,12,13,1.0,0,1
101332,A2022,0,2,7,0,0.0,10,12,2.0,0,0
101351,A2022,0,2,6,0,1.0,12,13,1.0,0,0
101355,A2022,0,1,5,0,1.0,16,16,0.0,0,0
101357,A2022,0,2,6,0,1.0,,13,,0,
101366,A2022,0,2,7,0,0.0,11,12,1.0,0,0
101376,A2022,0,2,6,0,1.0,12,13,1.0,0,0
101377,A2022,0,2,6,0,1.0,12,13,1.0,0,0
101411,A2022,0,2,6,0,1.0,12,12,0.0,0,1
101428,A2022,0,2,6,0,1.0,11,12,1.0,0,0
101429,A2022,0,3,6,0,2.0,14,14,0.0,0,1
101433,A2022,0,2,6,0,1.0,14,15,1.0,0,0
101458,A2022,0,2,7,0,0.0,11,12,1.0,0,0
101460,A2022,0,2,6,0,1.0,12,13,1.0,0,0
101470,A2022,0,3,6,1,2.0,15,15,0.0,0,1
101489,A2022,0,1,5,0,1.0,11,11,0.0,0,0
101491,A2022,0,2,6,0,1.0,12,13,1.0,0,0
101505,A2022,0,2,6,0,1.0,11,12,1.0,0,0
101529,A2022,0,2,6,0,1.0,,12,,0,
101532,A2022,0,2,6,0,1.0,13,12,-1.0,0,1
101535,A2022,0,2,6,0,1.0,13,13,0.0,0,1
101549,A2022,0,2,6,0,1.0,14,15,1.0,0,0
101557,A2022,0,2,6,0,1.0,11,11,0.0,0,1
101575,A2022,0,2,5,1,2.0,11,12,1.0,0,0
101576,A2022,0,3,6,0,2.0,11,12,1.0,0,1
101580,A2022,0,2,6,0,1.0,11,12,1.0,0,0
101582,A2022,0,2,6,0,1.0,12,13,1.0,0,0
100005,A2022,1,2,6,0,1.0,11,12,1.0,0,0
100006,A2022,1,2,6,0,1.0,10,11,1.0,0,0
100011,A2022,1,2,5,0,2.0,12,13,1.0,0,0
100017,A2022,1,2,7,0,0.0,13,14,1.0,0,0
100020,A2022,1,2,6,0,1.0,12,13,1.0,0,0
100033,A2022,1,2,6,0,1.0,13,14,1.0,0,0
100037,A2022,1,2,6,0,1.0,12,12,0.0,0,1
100038,A2022,1,2,6,0,1.0,12,13,1.0,0,0
100061,A2022,1,2,6,0,1.0,12,13,1.0,0,0
100070,A2022,1,2,6,0,1.0,12,12,0.0,0,1
100081,A2022,1,2,6,0,1.0,12,12,0.0,0,1
100087,A2022,1,2,6,0,1.0,13,13,0.0,0,1
100107,A2022,1,2,6,0,1.0,13,13,0.0,0,1
100128,A2022,1,2,5,1,2.0,14,15,1.0,0,0
100132,A2022,1,2,6,0,1.0,12,12,0.0,0,1
100133,A2022,1,2,6,0,1.0,13,12,-1.0,0,1
100143,A2022,1,2,6,0,1.0,12,13,1.0,0,0
100152,A2022,1,3,6,1,2.0,13,14,1.0,0,1
100154,A2022,1,2,7,0,0.0,14,15,1.0,0,0
100155,A2022,1,3,7,0,1.0,16,16,0.0,0,1
100159,A2022,1,1,5,0,1.0,13,13,0.0,0,0
100174,A2022,1,2,6,0,1.0,12,13,1.0,0,0
100182,A2022,1,2,6,0,1.0,16,16,0.0,0,1
100199,A2022,1,2,6,0,1.0,12,14,2.0,0,0
100209,A2022,1,2,6,0,1.0,11,12,1.0,0,0
100219,A2022,1,2,6,0,1.0,12,12,0.0,0,1
100245,A2022,1,2,6,0,1.0,12,12,0.0,0,1
100278,A2022,1,2,6,0,1.0,12,12,0.0,0,1
100285,A2022,1,2,6,0,1.0,12,12,0.0,0,1
100286,A2022,1,1,5,0,1.0,12,13,1.0,0,0
100290,A2022,1,2,6,0,1.0,11,12,1.0,0,0
100304,A2022,1,2,5,1,2.0,12,13,1.0,0,0
100305,A2022,1,2,6,0,1.0,12,12,0.0,0,1
100307,A2022,1,2,5,1,2.0,14,15,1.0,0,0
100312,A2022,1,2,6,0,1.0,13,14,1.0,0,0
100333,A2022,1,2,6,0,1.0,12,13,1.0,0,0
100341,A2022,1,2,6,0,1.0,11,13,2.0,0,0
100344,A2022,1,2,6,0,1.0,12,13,1.0,0,0
100347,A2022,1,2,6,0,1.0,11,12,1.0,0,0
100380,A2022,1,2,6,0,1.0,13,14,1.0,0,0
100396,A2022,1,2,6,0,1.0,12,12,0.0,0,1
100407,A2022,1,2,6,0,1.0,12,13,1.0,0,0
100440,A2022,1,1,6,0,0.0,15,15,0.0,0,0
100453,A2022,1,2,6,0,1.0,11,12,1.0,0,0
100456,A2022,1,2,6,0,1.0,12,12,0.0,0,1
100457,A2022,1,2,6,0,1.0,12,14,2.0,0,0
100465,A2022,1,2,6,0,1.0,12,13,1.0,0,0
100473,A2022,1,2,6,0,1.0,14,14,0.0,0,1
100474,A2022,1,2,6,0,1.0,11,12,1.0,0,0
100482,A2022,1,2,6,0,1.0,15,16,1.0,0,0
100491,A2022,1,2,6,0,1.0,12,13,1.0,0,0
100500,A2022,1,5,9,0,1.0,14,16,2.0,1,1
100521,A2022,1,2,6,0,1.0,12,12,0.0,0,1
100524,A2022,1,2,5,1,2.0,13,13,0.0,0,1
100555,A2022,1,1,6,0,0.0,11,12,1.0,0,0
100557,A2022,1,2,6,0,1.0,15,16,1.0,0,0
100561,A2022,1,2,6,0,1.0,11,11,0.0,0,1
100562,A2022,1,2,7,0,0.0,12,13,1.0,0,0
100569,A2022,1,2,6,0,1.0,12,13,1.0,0,0
100574,A2022,1,2,6,0,1.0,13,14,1.0,0,0
100584,A2022,1,2,6,0,1.0,13,14,1.0,0,0
100601,A2022,1,2,6,0,1.0,11,12,1.0,0,0
100603,A2022,1,2,6,0,1.0,11,12,1.0,0,0
100611,A2022,1,2,6,0,1.0,12,13,1.0,0,0
100613,A2022,1,2,6,0,1.0,12,13,1.0,0,0
100626,A2022,1,3,6,0,2.0,14,14,0.0,0,1
100628,A2022,1,2,6,0,1.0,14,11,-3.0,0,1
100654,A2022,1,2,6,0,1.0,11,11,0.0,0,1
100657,A2022,1,2,6,0,1.0,12,13,1.0,0,0
100664,A2022,1,2,6,0,1.0,13,14,1.0,0,0
100673,A2022,1,2,6,0,1.0,10,11,1.0,0,0
100677,A2022,1,1,5,0,1.0,13,14,1.0,0,0
100682,A2022,1,1,6,0,0.0,14,15,1.0,0,0
100687,A2022,1,2,7,0,0.0,11,12,1.0,0,0
100689,A2022,1,2,6,0,1.0,12,12,0.0,0,1
100702,A2022,1,3,7,0,1.0,12,13,1.0,0,1
100734,A2022,1,2,6,0,1.0,15,16,1.0,0,0
100776,A2022,1,2,6,0,1.0,11,12,1.0,0,0
100783,A2022,1,2,6,0,1.0,11,12,1.0,0,0
100784,A2022,1,2,6,0,1.0,12,12,0.0,0,1
100802,A2022,1,2,6,1,1.0,12,12,0.0,0,1
100813,A2022,1,2,6,0,1.0,11,12,1.0,0,0
100816,A2022,1,2,6,0,1.0,12,12,0.0,0,1
100830,A2022,1,2,6,0,1.0,11,11,0.0,0,1
100833,A2022,1,2,6,0,1.0,12,12,0.0,0,1
100836,A2022,1,3,6,0,2.0,15,16,1.0,0,1
100846,A2022,1,2,6,0,1.0,13,14,1.0,0,0
100870,A2022,1,2,6,0,1.0,12,12,0.0,0,1
100889,A2022,1,2,6,0,1.0,12,16,4.0,0,0
100892,A2022,1,2,6,0,1.0,11,11,0.0,0,1
100910,A2022,1,3,6,1,2.0,17,13,-4.0,0,1
100912,A2022,1,2,6,0,1.0,11,12,1.0,0,0
100915,A2022,1,2,6,0,1.0,13,14,1.0,0,0
100923,A2022,1,2,6,0,1.0,11,12,1.0,0,0
100927,A2022,1,2,6,0,1.0,11,12,1.0,0,0
100941,A2022,1,3,6,0,2.0,11,12,1.0,0,1
100954,A2022,1,2,6,0,1.0,11,11,0.0,0,1
100956,A2022,1,2,6,0,1.0,11,12,1.0,0,0
100962,A2022,1,2,6,0,1.0,10,11,1.0,0,0
100986,A2022,1,2,6,0,1.0,14,15,1.0,0,0
100993,A2022,1,3,8,0,0.0,12,14,2.0,0,0
100995,A2022,1,4,6,2,3.0,14,14,0.0,0,1
101007,A2022,1,2,6,0,1.0,11,11,0.0,0,1
101011,A2022,1,2,5,1,2.0,11,11,0.0,0,1
101026,A2022,1,2,6,0,1.0,14,13,-1.0,0,1
101048,A2022,1,2,6,0,1.0,11,11,0.0,0,1
101061,A2022,1,2,6,0,1.0,11,12,1.0,0,0
101065,A2022,1,2,6,0,1.0,11,12,1.0,0,0
101074,A2022,1,2,6,0,1.0,12,13,1.0,0,0
101095,A2022,1,2,6,0,1.0,12,13,1.0,0,0
101098,A2022,1,2,6,0,1.0,12,12,0.0,0,1
101141,A2022,1,2,6,0,1.0,12,14,2.0,0,0
101142,A2022,1,2,6,0,1.0,11,12,1.0,0,0
101146,A2022,1,2,6,0,1.0,14,15,1.0,0,0
101170,A2022,1,2,6,0,1.0,14,15,1.0,0,0
101175,A2022,1,2,6,0,1.0,13,13,0.0,0,1
101260,A2022,1,2,6,0,1.0,13,14,1.0,0,0
101263,A2022,1,2,6,0,1.0,11,12,1.0,0,0
101264,A2022,1,2,6,0,1.0,12,12,0.0,0,1
101284,A2022,1,2,6,0,1.0,12,12,0.0,0,1
101292,A2022,1,2,6,0,1.0,11,12,1.0,0,0
101304,A2022,1,2,6,0,1.0,11,11,0.0,0,1
101309,A2022,1,2,7,0,0.0,13,14,1.0,0,0
101333,A2022,1,2,6,0,1.0,12,13,1.0,0,0
101338,A2022,1,2,6,0,1.0,11,12,1.0,0,0
101360,A2022,1,2,6,0,1.0,12,12,0.0,0,1
101370,A2022,1,2,6,0,1.0,13,14,1.0,0,0
101372,A2022,1,2,6,0,1.0,11,12,1.0,0,0
101383,A2022,1,2,6,0,1.0,12,12,0.0,0,1
101410,A2022,1,2,6,0,1.0,13,13,0.0,0,1
101420,A2022,1,3,6,0,2.0,13,14,1.0,0,1
101421,A2022,1,4,6,2,3.0,14,15,1.0,0,1
101425,A2022,1,2,6,0,1.0,14,14,0.0,0,1
101445,A2022,1,2,6,0,1.0,12,12,0.0,0,1
101462,A2022,1,2,6,0,1.0,12,14,2.0,0,0
101476,A2022,1,2,5,1,2.0,14,15,1.0,0,0
101483,A2022,1,2,6,0,1.0,12,13,1.0,0,0
101503,A2022,1,3,6,1,2.0,15,14,-1.0,0,1
101504,A2022,1,2,6,0,1.0,11,12,1.0,0,0
101508,A2022,1,2,6,0,1.0,14,13,-1.0,0,1
101517,A2022,1,2,5,1,2.0,13,14,1.0,0,0
101520,A2022,1,2,6,0,1.0,12,12,0.0,0,1
101527,A2022,1,2,5,1,2.0,13,14,1.0,0,0
101531,A2022,1,2,6,0,1.0,11,12,1.0,0,0
101553,A2022,1,2,6,0,1.0,13,14,1.0,0,0
101567,A2022,1,2,6,0,1.0,11,12,1.0,0,0
100032,B2018,0,6,8,1,3.0,12,17,5.0,1,0
100053,B2018,0,1,6,0,0.0,14,19,5.0,0,0
100080,B2018,0,5,8,0,2.0,15,19,4.0,1,0
100089,B2018,0,6,10,0,1.0,14,18,4.0,1,1
100102,B2018,0,4,9,0,0.0,15,20,5.0,0,0
100114,B2018,0,6,9,0,2.0,12,17,5.0,1,0
100177,B2018,0,6,10,0,1.0,13,18,5.0,1,0
100187,B2018,0,6,9,0,2.0,11,15,4.0,1,1
100190,B2018,0,6,10,0,1.0,13,18,5.0,1,0
100196,B2018,0,6,10,0,1.0,13,17,4.0,1,1
100246,B2018,0,4,9,0,0.0,12,17,5.0,0,0
100298,B2018,0,5,8,0,2.0,11,15,4.0,1,0
100349,B2018,0,5,8,1,2.0,13,18,5.0,1,0
100354,B2018,0,6,9,0,2.0,13,17,4.0,1,1
100361,B2018,0,6,9,1,2.0,11,15,4.0,1,1
100363,B2018,0,4,9,0,0.0,15,19,4.0,0,0
100392,B2018,0,6,9,0,2.0,13,17,4.0,1,1
100406,B2018,0,1,5,0,1.0,14,17,3.0,0,0
100409,B2018,0,6,8,0,3.0,15,19,4.0,1,1
100411,B2018,0,5,11,0,-1.0,13,18,5.0,1,0
100417,B2018,0,6,9,0,2.0,11,16,5.0,1,0
100445,B2018,0,6,8,0,3.0,12,17,5.0,1,0
100467,B2018,0,6,9,0,2.0,14,16,2.0,1,1
100494,B2018,0,3,7,0,1.0,12,18,6.0,0,0
100495,B2018,0,2,7,0,0.0,13,18,5.0,0,0
100511,B2018,0,6,8,1,3.0,13,16,3.0,1,1
100577,B2018,0,6,9,0,2.0,14,18,4.0,1,1
100666,B2018,0,3,8,0,0.0,14,18,4.0,0,0
100675,B2018,0,6,9,0,2.0,11,16,5.0,1,0
100684,B2018,0,6,9,0,2.0,12,16,4.0,1,1
100690,B2018,0,6,9,0,2.0,12,16,4.0,1,1
100709,B2018,0,6,11,0,0.0,14,19,5.0,1,0
100720,B2018,0,6,9,0,2.0,11,15,4.0,1,1
100758,B2018,0,6,9,0,2.0,12,16,4.0,1,1
100763,B2018,0,6,9,0,2.0,13,17,4.0,1,1
100773,B2018,0,6,9,1,2.0,12,17,5.0,1,0
100789,B2018,0,2,5,1,2.0,14,19,5.0,0,0
100801,B2018,0,6,9,0,2.0,15,19,4.0,1,1
100803,B2018,0,6,9,0,2.0,12,16,4.0,1,1
100841,B2018,0,5,7,1,3.0,11,16,5.0,1,0
100860,B2018,0,3,7,0,1.0,14,18,4.0,0,0
100872,B2018,0,6,9,0,2.0,12,17,5.0,1,0
100976,B2018,0,6,9,0,2.0,12,16,4.0,1,1
100982,B2018,0,1,7,0,-1.0,,18,,0,
100983,B2018,0,6,9,0,2.0,11,16,5.0,1,0
100998,B2018,0,6,10,1,1.0,14,18,4.0,1,1
101008,B2018,0,5,9,1,1.0,12,17,5.0,1,0
101080,B2018,0,6,9,0,2.0,10,15,5.0,1,0
101121,B2018,0,5,8,0,2.0,12,16,4.0,1,0
101134,B2018,0,6,9,0,2.0,10,14,4.0,1,1
101139,B2018,0,1,5,0,1.0,16,20,4.0,0,0
101140,B2018,0,6,9,0,2.0,14,18,4.0,1,1
101144,B2018,0,6,9,0,2.0,14,19,5.0,1,0
101183,B2018,0,6,9,0,2.0,15,19,4.0,1,1
101191,B2018,0,6,9,0,2.0,15,19,4.0,1,1
101211,B2018,0,5,9,0,1.0,14,19,5.0,1,0
101253,B2018,0,6,8,1,3.0,11,16,5.0,1,0
101254,B2018,0,6,9,0,2.0,12,16,4.0,1,1
101255,B2018,0,5,8,1,2.0,12,16,4.0,1,0
101270,B2018,0,6,9,0,2.0,10,15,5.0,1,0
101312,B2018,0,6,9,0,2.0,11,16,5.0,1,0
101343,B2018,0,6,9,0,2.0,12,17,5.0,1,0
101350,B2018,0,6,9,0,2.0,12,16,4.0,1,1
101371,B2018,0,6,9,0,2.0,13,17,4.0,1,1
101387,B2018,0,6,8,1,3.0,13,17,4.0,1,1
101393,B2018,0,5,8,1,2.0,,18,,1,
101413,B2018,0,6,8,1,3.0,12,17,5.0,1,0
101438,B2018,0,6,9,1,2.0,12,17,5.0,1,0
101443,B2018,0,4,9,0,0.0,14,18,4.0,0,0
101488,B2018,0,4,9,0,0.0,15,19,4.0,0,0
101507,B2018,0,6,9,0,2.0,10,15,5.0,1,0
101510,B2018,0,1,6,0,0.0,15,20,5.0,0,0
101539,B2018,0,6,9,0,2.0,13,17,4.0,1,1
101555,B2018,0,6,9,0,2.0,12,17,5.0,1,0
100016,B2018,1,6,10,0,1.0,12,16,4.0,1,1
100026,B2018,1,6,9,0,2.0,11,15,4.0,1,1
100043,B2018,1,3,7,0,1.0,13,18,5.0,0,0
100045,B2018,1,6,9,0,2.0,10,15,5.0,1,0
100047,B2018,1,3,7,0,1.0,11,17,6.0,0,0
100063,B2018,1,6,9,0,2.0,12,16,4.0,1,1
100088,B2018,1,4,9,0,0.0,14,18,4.0,0,0
100105,B2018,1,6,9,0,2.0,12,16,4.0,1,1
100118,B2018,1,6,9,0,2.0,11,16,5.0,1,0
100126,B2018,1,6,9,0,2.0,12,16,4.0,1,1
100135,B2018,1,6,9,0,2.0,14,19,5.0,1,0
100149,B2018,1,6,9,0,2.0,14,18,4.0,1,1
100164,B2018,1,6,9,0,2.0,10,14,4.0,1,1
100181,B2018,1,6,9,0,2.0,13,17,4.0,1,1
100197,B2018,1,6,9,0,2.0,13,17,4.0,1,1
100229,B2018,1,6,10,0,1.0,12,16,4.0,1,1
100232,B2018,1,6,8,2,3.0,11,16,5.0,1,0
100266,B2018,1,6,9,0,2.0,11,15,4.0,1,1
100269,B2018,1,6,9,0,2.0,11,15,4.0,1,1
100287,B2018,1,6,9,1,2.0,11,16,5.0,1,0
100293,B2018,1,6,9,0,2.0,11,16,5.0,1,0
100302,B2018,1,6,9,0,2.0,13,17,4.0,1,1
100315,B2018,1,4,8,0,1.0,10,15,5.0,0,0
100401,B2018,1,6,9,0,2.0,12,17,5.0,1,0
100428,B2018,1,6,9,0,2.0,13,18,5.0,1,0
100464,B2018,1,6,10,0,1.0,11,15,4.0,1,1
100518,B2018,1,3,7,0,1.0,11,15,4.0,0,0
100532,B2018,1,6,8,1,3.0,11,16,5.0,1,0
100564,B2018,1,6,9,0,2.0,12,16,4.0,1,1
100567,B2018,1,6,9,0,2.0,13,18,5.0,1,0
100588,B2018,1,6,9,0,2.0,12,17,5.0,1,0
100596,B2018,1,6,9,0,2.0,14,17,3.0,1,1
100606,B2018,1,6,11,0,0.0,11,15,4.0,1,1
100639,B2018,1,6,9,0,2.0,,19,,1,
100649,B2018,1,6,9,0,2.0,11,15,4.0,1,1
100655,B2018,1,6,9,0,2.0,13,18,5.0,1,0
100669,B2018,1,5,9,0,1.0,11,16,5.0,1,0
100717,B2018,1,6,9,0,2.0,12,16,4.0,1,1
100732,B2018,1,2,7,0,0.0,16,20,4.0,0,0
100761,B2018,1,6,7,2,4.0,12,17,5.0,1,0
100799,B2018,1,3,8,0,0.0,12,17,5.0,0,0
100823,B2018,1,3,8,0,0.0,11,18,7.0,0,0
100825,B2018,1,2,7,0,0.0,13,17,4.0,0,0
100827,B2018,1,6,8,1,3.0,12,17,5.0,1,0
100847,B2018,1,4,7,0,2.0,13,17,4.0,0,0
100850,B2018,1,6,9,0,2.0,11,16,5.0,1,0
100881,B2018,1,6,9,0,2.0,11,15,4.0,1,1
100899,B2018,1,5,9,0,1.0,11,14,3.0,1,1
100904,B2018,1,6,9,0,2.0,11,16,5.0,1,0
100914,B2018,1,6,9,0,2.0,11,16,5.0,1,0
100934,B2018,1,6,9,0,2.0,11,16,5.0,1,0
100943,B2018,1,6,9,0,2.0,12,17,5.0,1,0
100944,B2018,1,6,9,0,2.0,15,20,5.0,1,0
100950,B2018,1,6,9,0,2.0,12,16,4.0,1,1
100965,B2018,1,6,9,0,2.0,12,16,4.0,1,1
100967,B2018,1,6,9,0,2.0,13,17,4.0,1,1
100969,B2018,1,3,7,0,1.0,14,18,4.0,0,0
101010,B2018,1,6,9,0,2.0,11,15,4.0,1,1
101030,B2018,1,6,9,0,2.0,13,18,5.0,1,0
101046,B2018,1,4,8,0,1.0,12,16,4.0,0,0
101089,B2018,1,6,10,0,1.0,13,18,5.0,1,0
101118,B2018,1,6,9,0,2.0,11,15,4.0,1,1
101135,B2018,1,6,9,0,2.0,11,16,5.0,1,0
101145,B2018,1,2,7,0,0.0,15,20,5.0,0,0
101152,B2018,1,6,8,1,3.0,12,17,5.0,1,0
101157,B2018,1,6,8,1,3.0,12,17,5.0,1,0
101173,B2018,1,6,10,0,1.0,9,14,5.0,1,0
101194,B2018,1,3,8,0,0.0,15,18,3.0,0,0
101214,B2018,1,1,5,0,1.0,14,19,5.0,0,0
101261,B2018,1,6,9,0,2.0,13,17,4.0,1,1
101281,B2018,1,6,9,0,2.0,12,17,5.0,1,0
101286,B2018,1,6,9,0,2.0,13,18,5.0,1,0
101293,B2018,1,6,9,0,2.0,10,15,5.0,1,0
101325,B2018,1,3,7,0,1.0,12,17,5.0,0,0
101326,B2018,1,1,5,0,1.0,15,20,5.0,0,0
101328,B2018,1,6,9,1,2.0,10,15,5.0,1,0
101335,B2018,1,2,7,0,0.0,14,19,5.0,0,0
101361,B2018,1,6,9,0,2.0,10,15,5.0,1,0
101379,B2018,1,6,9,0,2.0,10,14,4.0,1,1
101397,B2018,1,4,9,0,0.0,14,19,5.0,0,0
101402,B2018,1,6,10,0,1.0,11,16,5.0,1,0
101426,B2018,1,6,9,0,2.0,13,17,4.0,1,1
101465,B2018,1,6,9,1,2.0,13,18,5.0,1,0
101490,B2018,1,6,9,0,2.0,13,17,4.0,1,1
101528,B2018,1,3,8,0,0.0,15,20,5.0,0,0
101534,B2018,1,6,9,0,2.0,11,16,5.0,1,0
101551,B2018,1,6,9,0,2.0,11,16,5.0,1,0
101559,B2018,1,2,7,0,0.0,14,18,4.0,0,0
101565,B2018,1,6,9,0,2.0,11,15,4.0,1,1
101574,B2018,1,6,8,1,3.0,13,18,5.0,1,0
